# https://github.com/mikedh/trimesh
v 0.01470159 0.01000529 -0.00842188
v 0.01470159 0.00982401 -0.00883360
v 0.01412515 0.00965146 -0.00927280
v 0.01412515 0.00984148 -0.00883360
v 0.01414476 0.00995069 -0.00842188
v 0.01829747 0.00961651 -0.00842188
v 0.01841903 0.00955317 -0.00854251
v 0.01470159 0.00961869 -0.00921738
v 0.01412515 0.00945706 -0.00955970
v 0.01355263 0.00918186 -0.00994907
v 0.01372125 0.00962961 -0.00924020
v 0.00781177 0.00779271 -0.01112927
v 0.00781177 0.00779490 -0.01055547
v 0.00781177 0.00779490 -0.00842188
v 0.01871705 0.00956846 -0.00842188
v 0.02388539 0.00892631 -0.00845215
v 0.02301485 0.00898091 -0.00854484
v 0.01527411 0.00958156 -0.00916149
v 0.01871705 0.00953569 -0.00850106
v 0.02416381 0.00890883 -0.00842188
v 0.02016403 0.00898309 -0.00912190
v 0.01585054 0.00904644 -0.00976789
v 0.01470159 0.00912944 -0.00985964
v 0.01412515 0.00916875 -0.00990482
v 0.01355263 0.00894815 -0.01023597
v 0.00781177 0.00752624 -0.01162576
v 0.00744709 0.00743014 -0.01155217
v 0.00740788 0.00751751 -0.01112927
v 0.00752159 0.00759614 -0.00842188
v 0.01929349 0.00949856 -0.00842234
v 0.02767342 0.00845452 -0.00842188
v 0.01672501 0.00898309 -0.00969710
v 0.02847337 0.00834968 -0.00842188
v 0.02790086 0.00837371 -0.00850012
v 0.02754793 0.00839773 -0.00853412
v 0.03157516 0.00782548 -0.00853692
v 0.02415597 0.00840428 -0.00911771
v 0.01527411 0.00851349 -0.01035380
v 0.01470159 0.00856373 -0.01039246
v 0.01412515 0.00861178 -0.01043018
v 0.01355263 0.00865984 -0.01046698
v 0.01298011 0.00833002 -0.01079021
v 0.01298011 0.00866639 -0.01050331
v 0.00838821 0.00753061 -0.01161737
v 0.02029344 0.00842831 -0.00971526
v 0.02067773 0.00839773 -0.00968638
v 0.02372854 0.00785605 -0.00971293
v 0.00781177 0.00709159 -0.01191266
v 0.00748630 0.00677925 -0.01202351
v 0.00740788 0.00697146 -0.01172729
v 0.00728631 0.00697146 -0.01112927
v 0.00740788 0.00751751 -0.00842188
v 0.02870866 0.00831692 -0.00842188
v 0.02847337 0.00833439 -0.00844470
v 0.03146929 0.00792813 -0.00842188
v 0.03249276 0.00777961 -0.00842188
v 0.03249276 0.00775121 -0.00845588
v 0.03535927 0.00732967 -0.00842188
v 0.03507301 0.00725977 -0.00854623
v 0.02768518 0.00784513 -0.00913168
v 0.03119479 0.00785387 -0.00856812
v 0.01966210 0.00784732 -0.01027928
v 0.01929349 0.00788008 -0.01030397
v 0.01298011 0.00804171 -0.01096998
v 0.01240368 0.00807447 -0.01100259
v 0.01544665 0.00781019 -0.01082793
v 0.01506235 0.00784732 -0.01085075
v 0.01412515 0.00793468 -0.01090478
v 0.00896073 0.00752187 -0.01158943
v 0.03112813 0.00727288 -0.00913121
v 0.02004639 0.00781237 -0.01025366
v 0.02410891 0.00782329 -0.00968545
v 0.02675582 0.00729690 -0.00972271
v 0.00953325 0.00750440 -0.01156195
v 0.00838821 0.00703698 -0.01190427
v 0.00781177 0.00680546 -0.01203329
v 0.00750199 0.00448367 -0.01258147
v 0.00702358 0.00292198 -0.01266391
v 0.00781177 0.00639920 -0.01215391
v 0.00731768 0.00639920 -0.01170307
v 0.00728631 0.00697146 -0.01055547
v 0.00702358 0.00351826 -0.01227780
v 0.00702358 0.00356850 -0.01207194
v 0.00702358 0.00365805 -0.01170307
v 0.00702358 0.00366023 -0.01159455
v 0.00702358 0.00366897 -0.01112927
v 0.00729416 0.00697146 -0.00998167
v 0.00702358 0.00351608 -0.01001939
v 0.00702358 0.00331076 -0.00995093
v 0.00702358 0.00295474 -0.00983263
v 0.00702358 -0.00732404 -0.00842188
v 0.03287313 0.00772064 -0.00842188
v 0.03593571 0.00723575 -0.00842188
v 0.03151242 0.00723793 -0.00910280
v 0.03648862 0.00714401 -0.00842188
v 0.03650822 0.00713090 -0.00843119
v 0.03832381 0.00681857 -0.00842188
v 0.03880221 0.00673338 -0.00842188
v 0.03843753 0.00667004 -0.00853459
v 0.03805716 0.00670499 -0.00856300
v 0.03765718 0.00674212 -0.00859234
v 0.02258350 0.00728380 -0.01028534
v 0.02158748 0.00737990 -0.01034728
v 0.01240368 0.00757866 -0.01128949
v 0.01010969 0.00747601 -0.01153494
v 0.01793670 0.00727506 -0.01085075
v 0.03405738 0.00670936 -0.00913867
v 0.03249276 0.00685788 -0.00924858
v 0.03132812 0.00701733 -0.00929329
v 0.02708129 0.00726632 -0.00970036
v 0.02296388 0.00724667 -0.01026112
v 0.03000662 0.00670280 -0.00970688
v 0.03038699 0.00666567 -0.00968219
v 0.00876858 0.00670499 -0.01199789
v 0.00838821 0.00674867 -0.01201419
v 0.01125864 0.00739956 -0.01148557
v 0.01183116 0.00735151 -0.01145995
v 0.01183116 0.00697146 -0.01162389
v 0.00838821 0.00639920 -0.01212178
v 0.00702358 0.00201991 -0.01279106
v 0.00702358 0.00238030 -0.01275100
v 0.00702358 0.00258343 -0.01272073
v 0.00781177 0.00582476 -0.01229178
v 0.00781177 0.00450551 -0.01258566
v 0.00781177 0.00410144 -0.01264574
v 0.00781177 0.00352918 -0.01272213
v 0.00781177 0.00295474 -0.01278826
v 0.00838821 0.00582476 -0.01227874
v 0.00702358 0.00366678 -0.01102261
v 0.00702358 0.00365586 -0.01055547
v 0.00702358 -0.01230617 -0.00842188
v 0.03662586 0.00711998 -0.00842188
v 0.03937865 0.00662854 -0.00842188
v 0.03880613 0.00663509 -0.00850665
v 0.03937865 0.00629218 -0.00867990
v 0.03880613 0.00634897 -0.00872089
v 0.03443775 0.00667223 -0.00911165
v 0.02275997 0.00702170 -0.01041947
v 0.02216392 0.00697146 -0.01052147
v 0.01269778 0.00725977 -0.01141664
v 0.01240368 0.00729253 -0.01143154
v 0.01068220 0.00743888 -0.01150979
v 0.02113653 0.00664820 -0.01082467
v 0.02158748 0.00697146 -0.01059087
v 0.02097183 0.00691904 -0.01069333
v 0.03019485 0.00692559 -0.00951871
v 0.03191632 0.00691249 -0.00928864
v 0.02962233 0.00702606 -0.00952430
v 0.02331288 0.00721172 -0.01023876
v 0.02542256 0.00670717 -0.01028114
v 0.02503435 0.00674649 -0.01030536
v 0.02388539 0.00686443 -0.01037569
v 0.03731210 0.00609997 -0.00911258
v 0.03134380 0.00627689 -0.00979583
v 0.03076736 0.00633804 -0.00983356
v 0.03019485 0.00644507 -0.00984241
v 0.00914895 0.00665912 -0.01198159
v 0.01106258 0.00613492 -0.01199789
v 0.01240368 0.00639920 -0.01179063
v 0.01183116 0.00639920 -0.01184186
v 0.01240368 0.00697146 -0.01156940
v 0.01355263 0.00687535 -0.01149861
v 0.01506235 0.00670280 -0.01142362
v 0.02044245 0.00582476 -0.01125921
v 0.01988562 0.00578545 -0.01132675
v 0.00896073 0.00582476 -0.01223682
v 0.00702358 0.00180586 -0.01280643
v 0.00781177 0.00238030 -0.01283996
v 0.00781177 0.00180586 -0.01288514
v 0.00838821 0.00525032 -0.01241194
v 0.00838821 0.00472393 -0.01251766
v 0.00838821 0.00443780 -0.01257309
v 0.00838821 0.00410144 -0.01262106
v 0.00838821 0.00352918 -0.01269977
v 0.00838821 0.00295474 -0.01277336
v 0.00838821 0.00238030 -0.01283065
v 0.01010969 0.00525032 -0.01229271
v 0.00953325 0.00525032 -0.01233369
v 0.00896073 0.00525032 -0.01237328
v 0.01912879 -0.01230836 -0.00842188
v 0.00702358 -0.01230617 -0.00847311
v 0.03993156 0.00652588 -0.00842188
v 0.03937865 0.00658049 -0.00846333
v 0.03995117 0.00623539 -0.00863612
v 0.02097183 0.00643415 -0.01094297
v 0.02044245 0.00639920 -0.01101330
v 0.01292522 0.00700422 -0.01150466
v 0.02158748 0.00659578 -0.01079952
v 0.02216392 0.00624194 -0.01090431
v 0.02158748 0.00630965 -0.01093599
v 0.02823417 0.00612181 -0.01027369
v 0.02962233 0.00639920 -0.00994161
v 0.03880613 0.00593615 -0.00900779
v 0.03880613 0.00564784 -0.00918897
v 0.03765718 0.00577452 -0.00926488
v 0.03650822 0.00582476 -0.00938691
v 0.03478675 0.00590339 -0.00956762
v 0.03249276 0.00615239 -0.00971992
v 0.03521810 0.00556921 -0.00971247
v 0.01125472 0.00635552 -0.01190614
v 0.01125472 0.00586408 -0.01205378
v 0.01068220 0.00582476 -0.01210781
v 0.02008560 0.00551897 -0.01141012
v 0.02158748 0.00502753 -0.01143759
v 0.02101496 0.00467588 -0.01158989
v 0.02101496 0.00410144 -0.01175337
v 0.01899155 0.00380876 -0.01198904
v 0.01970523 0.00556703 -0.01142735
v 0.02101496 0.00582476 -0.01120472
v 0.00702358 0.00144547 -0.01283065
v 0.00781177 0.00123142 -0.01292613
v 0.00838821 0.00180586 -0.01287536
v 0.00838821 0.00123142 -0.01291728
v 0.01010969 0.00467588 -0.01242079
v 0.00953325 0.00467588 -0.01245758
v 0.00890975 0.00462127 -0.01250649
v 0.00868231 0.00439193 -0.01256470
v 0.01125864 0.00295474 -0.01262711
v 0.00896073 0.00295474 -0.01274495
v 0.01068220 0.00295474 -0.01265739
v 0.01010969 0.00295474 -0.01268720
v 0.01125864 0.00238030 -0.01269837
v 0.01068220 0.00238030 -0.01272678
v 0.01010969 0.00238030 -0.01275380
v 0.00953325 0.00238030 -0.01278035
v 0.00896073 0.00238030 -0.01280596
v 0.01125864 0.00123142 -0.01280317
v 0.01068220 0.00123142 -0.01282739
v 0.01010969 0.00123142 -0.01285114
v 0.00896073 0.00180586 -0.01285254
v 0.01125864 0.00467588 -0.01234208
v 0.01068220 0.00467588 -0.01238167
v 0.01929349 -0.01228870 -0.00883360
v 0.02044245 -0.01230617 -0.00842188
v 0.00702358 -0.01229962 -0.00883360
v 0.00723926 -0.01229962 -0.00883360
v 0.03995117 0.00652152 -0.00842188
v 0.04052761 0.00639265 -0.00842188
v 0.04052761 0.00616986 -0.00858722
v 0.04052761 0.00582476 -0.00881450
v 0.03991195 0.00577016 -0.00894817
v 0.03937865 0.00586844 -0.00896727
v 0.02310112 0.00613055 -0.01085122
v 0.02503435 0.00561071 -0.01087544
v 0.02388539 0.00574831 -0.01093738
v 0.02216392 0.00582476 -0.01108596
v 0.02158748 0.00582476 -0.01114650
v 0.02861454 0.00607594 -0.01025180
v 0.02962233 0.00566750 -0.01032958
v 0.02844200 0.00586189 -0.01037243
v 0.02388539 0.00603663 -0.01080697
v 0.03937865 0.00558232 -0.00914798
v 0.03991195 0.00528527 -0.00924858
v 0.03937865 0.00525032 -0.00934313
v 0.03559847 0.00552553 -0.00968825
v 0.03593571 0.00582476 -0.00946283
v 0.02962233 0.00595581 -0.01019172
v 0.03880613 0.00484625 -0.00963748
v 0.02101496 0.00539229 -0.01136727
v 0.02193256 0.00497948 -0.01142129
v 0.02767734 0.00325834 -0.01142176
v 0.02158748 0.00467588 -0.01154052
v 0.02158748 0.00352918 -0.01185211
v 0.02101496 0.00352918 -0.01189775
v 0.02101496 0.00316224 -0.01197507
v 0.02101496 0.00287611 -0.01202956
v 0.01183116 0.00410144 -0.01241799
v 0.02773616 0.00499259 -0.01085494
v 0.02388539 0.00525032 -0.01113858
v 0.02331288 0.00525032 -0.01119494
v 0.00723926 -0.00278312 -0.01303651
v 0.00702358 -0.00393200 -0.01305560
v 0.00781177 0.00065916 -0.01295780
v 0.00838821 0.00065916 -0.01294988
v 0.00953325 0.00123142 -0.01287350
v 0.01125864 0.00065916 -0.01284276
v 0.00953325 0.00065916 -0.01290796
v 0.01125864 0.00410144 -0.01245386
v 0.01240368 0.00352918 -0.01247482
v 0.01178802 0.00347676 -0.01251999
v 0.01195272 0.00317971 -0.01255492
v 0.01178802 0.00297440 -0.01259451
v 0.01240368 0.00279748 -0.01258380
v 0.01183116 0.00238030 -0.01266903
v 0.01183116 0.00180586 -0.01272585
v 0.01125864 0.00180586 -0.01275287
v 0.01068220 0.00180586 -0.01277895
v 0.01183116 0.00123142 -0.01277709
v 0.01183116 0.00065916 -0.01282040
v 0.02044245 -0.01228651 -0.00883360
v 0.00702358 -0.01229088 -0.00900639
v 0.00781177 -0.01227559 -0.00928398
v 0.02257174 -0.01230180 -0.00842188
v 0.04061388 0.00637081 -0.00842188
v 0.04086092 0.00612618 -0.00855695
v 0.04052761 0.00544253 -0.00906042
v 0.04007665 0.00549932 -0.00909721
v 0.02445791 0.00596673 -0.01077484
v 0.02503435 0.00589684 -0.01074223
v 0.02675582 0.00582476 -0.01058109
v 0.02962233 0.00525032 -0.01052426
v 0.02847337 0.00525032 -0.01065421
v 0.02791654 0.00521100 -0.01073525
v 0.03019485 0.00559761 -0.01029698
v 0.04052761 0.00515422 -0.00923368
v 0.03937865 0.00477417 -0.00960255
v 0.03880613 0.00525032 -0.00941858
v 0.03093206 0.00550587 -0.01025413
v 0.03054777 0.00555392 -0.01027649
v 0.03937865 0.00448804 -0.00974227
v 0.03880613 0.00455793 -0.00977674
v 0.02158748 0.00531366 -0.01133979
v 0.03034386 0.00434825 -0.01082886
v 0.03016740 0.00413638 -0.01091503
v 0.03019485 0.00352918 -0.01111017
v 0.02962233 0.00352918 -0.01116234
v 0.03019485 0.00295474 -0.01127784
v 0.03019485 0.00252446 -0.01138403
v 0.03019485 0.00223833 -0.01144877
v 0.03019485 0.00180586 -0.01154658
v 0.02158748 0.00305303 -0.01195411
v 0.02101496 0.00238030 -0.01212364
v 0.02158748 0.00238030 -0.01208219
v 0.02044245 0.00238030 -0.01215997
v 0.02811653 0.00494235 -0.01083445
v 0.02995957 0.00440286 -0.01084703
v 0.00723926 -0.00335756 -0.01305840
v 0.00781177 0.00008472 -0.01298201
v 0.00702358 -0.00794872 -0.01317996
v 0.00838821 0.00008472 -0.01297316
v 0.01183116 -0.00048972 -0.01288141
v 0.01125864 -0.00048972 -0.01290144
v 0.01068220 -0.00048972 -0.01292054
v 0.01183116 0.00008472 -0.01285254
v 0.02101496 0.00180586 -0.01221726
v 0.01240368 0.00238030 -0.01263690
v 0.02044245 0.00180586 -0.01225079
v 0.02101496 0.00123142 -0.01229224
v 0.01240368 0.00180586 -0.01269651
v 0.02101496 0.00065916 -0.01236397
v 0.02044245 0.00065916 -0.01239471
v 0.02101496 0.00008472 -0.01242405
v 0.02044245 0.00008472 -0.01245246
v 0.01240368 0.00065916 -0.01279385
v 0.02101496 -0.00048972 -0.01247155
v 0.02101496 -0.00106416 -0.01251766
v 0.02026599 -0.00129132 -0.01256843
v 0.02064636 -0.00143766 -0.01256098
v 0.01240368 0.00008472 -0.01282878
v 0.01183116 -0.01227122 -0.00923973
v 0.01355263 -0.01226904 -0.00921877
v 0.02148553 -0.01225593 -0.00912329
v 0.02273644 -0.01225375 -0.00910466
v 0.02273644 -0.01227996 -0.00881776
v 0.02388539 -0.01227778 -0.00879168
v 0.02709698 -0.01228870 -0.00842188
v 0.02503435 -0.01229525 -0.00842188
v 0.02428537 -0.01229743 -0.00842188
v 0.00702358 -0.01227559 -0.00929329
v 0.00723926 -0.01227559 -0.00929096
v 0.00702358 -0.01224064 -0.00958066
v 0.00723926 -0.01224064 -0.00957787
v 0.04099033 0.00626378 -0.00842188
v 0.04115502 0.00621136 -0.00842188
v 0.04124129 0.00606065 -0.00851270
v 0.04107268 0.00585097 -0.00868829
v 0.04110012 0.00535298 -0.00900313
v 0.04110012 0.00506466 -0.00918058
v 0.03019485 0.00525032 -0.01045859
v 0.03514751 0.00440722 -0.01027742
v 0.03075168 0.00528964 -0.01037616
v 0.04052761 0.00467588 -0.00948844
v 0.03998646 0.00464312 -0.00958765
v 0.04020213 0.00437883 -0.00968964
v 0.03937865 0.00410144 -0.00992438
v 0.03998646 0.00415386 -0.00982564
v 0.03880613 0.00362529 -0.01019405
v 0.03922180 0.00328237 -0.01028394
v 0.03880613 0.00295474 -0.01043996
v 0.03567297 0.00267516 -0.01084423
v 0.03076736 0.00295474 -0.01122428
v 0.03903749 0.00150007 -0.01083725
v 0.03080266 0.00236064 -0.01136820
v 0.03063404 0.00215533 -0.01143014
v 0.03080266 0.00185391 -0.01148324
v 0.03228101 0.00154812 -0.01142269
v 0.03076736 0.00123142 -0.01161039
v 0.03019485 0.00123142 -0.01165696
v 0.02962233 0.00180586 -0.01159083
v 0.02962233 0.00123142 -0.01169888
v 0.02158748 0.00180586 -0.01217860
v 0.00781177 -0.00048972 -0.01300390
v 0.00702358 -0.00844890 -0.01316040
v 0.00781177 -0.00106416 -0.01302021
v 0.00781177 -0.00163642 -0.01303278
v 0.00723926 -0.00794872 -0.01317763
v 0.00781177 -0.00839866 -0.01315434
v 0.00838821 -0.00048972 -0.01299366
v 0.01183116 -0.00106416 -0.01290517
v 0.01125864 -0.00106416 -0.01292333
v 0.01240368 -0.00048972 -0.01285766
v 0.01240368 -0.00106416 -0.01288328
v 0.03019485 0.00008472 -0.01183441
v 0.02158748 0.00123142 -0.01225638
v 0.02158748 0.00065916 -0.01232857
v 0.02158748 0.00008472 -0.01239051
v 0.02158748 -0.00048972 -0.01243942
v 0.02158748 -0.00106416 -0.01248692
v 0.02158748 -0.00163642 -0.01252372
v 0.02101496 -0.00163205 -0.01255260
v 0.02120711 -0.00200555 -0.01256051
v 0.02101496 -0.00393200 -0.01265226
v 0.01298011 -0.01222972 -0.00951452
v 0.02388539 -0.01216857 -0.00940740
v 0.02331288 -0.01225157 -0.00909302
v 0.02445791 -0.01224938 -0.00905902
v 0.01355263 -0.01222754 -0.00950614
v 0.01298011 -0.01211833 -0.00998167
v 0.01355263 -0.01211396 -0.00998167
v 0.03306528 -0.01225375 -0.00853133
v 0.03285352 -0.01226467 -0.00842188
v 0.03242217 -0.01226686 -0.00842188
v 0.03104578 -0.01227341 -0.00842188
v 0.02822633 -0.01228433 -0.00842188
v 0.00702358 -0.01220788 -0.00972784
v 0.00702358 -0.01215109 -0.00998167
v 0.04167264 0.00602352 -0.00842188
v 0.04167656 0.00597329 -0.00845728
v 0.04167656 0.00568716 -0.00864218
v 0.04146089 0.00499695 -0.00914099
v 0.04110012 0.00467588 -0.00938039
v 0.04052761 0.00432204 -0.00966217
v 0.04052761 0.00403591 -0.00980096
v 0.03995117 0.00352918 -0.01010043
v 0.03939826 0.00349423 -0.01018008
v 0.03960217 0.00321903 -0.01026112
v 0.03939826 0.00299842 -0.01036079
v 0.03995117 0.00238030 -0.01049911
v 0.03937865 0.00238030 -0.01056106
v 0.03880613 0.00238030 -0.01061788
v 0.03937865 0.00180586 -0.01072314
v 0.03937865 0.00143018 -0.01082095
v 0.03937865 0.00114405 -0.01088755
v 0.03937865 0.00065916 -0.01098442
v 0.03076736 0.00065916 -0.01170307
v 0.03880613 0.00065916 -0.01103286
v 0.03937865 0.00008472 -0.01108642
v 0.03937865 -0.00048972 -0.01118516
v 0.03019485 0.00065916 -0.01174778
v 0.00723926 -0.00872411 -0.01312872
v 0.00702358 -0.00873503 -0.01313012
v 0.00781177 -0.00868697 -0.01312546
v 0.00838821 -0.00106416 -0.01300949
v 0.00933718 -0.00762546 -0.01314037
v 0.00781177 -0.00794872 -0.01317064
v 0.00838821 -0.00834843 -0.01314922
v 0.01068220 -0.00106416 -0.01294103
v 0.01527411 -0.00794872 -0.01300018
v 0.01470159 -0.00794872 -0.01301695
v 0.02044245 -0.00737646 -0.01280969
v 0.01986601 -0.00737646 -0.01283158
v 0.01929349 -0.00737646 -0.01285207
v 0.01871705 -0.00737646 -0.01287163
v 0.01585054 -0.00794872 -0.01298201
v 0.02101496 -0.00450644 -0.01267648
v 0.03076736 0.00008472 -0.01179156
v 0.03076736 -0.00048972 -0.01186655
v 0.03019485 -0.00048972 -0.01190707
v 0.02962233 0.00008472 -0.01187260
v 0.03004976 -0.00126292 -0.01199929
v 0.03022230 -0.00159929 -0.01201885
v 0.02216392 -0.00163642 -0.01249065
v 0.02962233 -0.00163642 -0.01205750
v 0.03019485 -0.00220868 -0.01206635
v 0.03019485 -0.00393200 -0.01217441
v 0.03019485 -0.00450644 -0.01221027
v 0.02962233 -0.00450644 -0.01224148
v 0.02962233 -0.00507870 -0.01227175
v 0.02138357 -0.00238778 -0.01256890
v 0.02158748 -0.00450644 -0.01265040
v 0.01068220 -0.01213362 -0.00998167
v 0.01240368 -0.01212270 -0.00998167
v 0.01470159 -0.01210304 -0.00998167
v 0.01585054 -0.01208994 -0.00998167
v 0.01757202 -0.01207028 -0.00998167
v 0.02445791 -0.01216201 -0.00940740
v 0.03421423 -0.01216420 -0.00883360
v 0.03363779 -0.01225157 -0.00851317
v 0.00838821 -0.01193923 -0.01055547
v 0.00953325 -0.01193049 -0.01055547
v 0.01125864 -0.01191520 -0.01055547
v 0.03363779 -0.01226030 -0.00842188
v 0.03326919 -0.01226249 -0.00842188
v 0.00702358 -0.01194796 -0.01055547
v 0.04195106 0.00589247 -0.00842188
v 0.04222163 0.00576360 -0.00842188
v 0.04206870 0.00559761 -0.00858349
v 0.04166088 0.00521319 -0.00894631
v 0.04184518 0.00489648 -0.00908510
v 0.04166088 0.00469335 -0.00923740
v 0.04144128 0.00384807 -0.00971060
v 0.04110012 0.00421065 -0.00960767
v 0.04110012 0.00392452 -0.00974740
v 0.04052761 0.00352918 -0.01001520
v 0.03995117 0.00315787 -0.01023830
v 0.03995117 0.00286956 -0.01033983
v 0.03995117 0.00180586 -0.01066119
v 0.04052761 0.00275161 -0.01029884
v 0.04052761 0.00238030 -0.01041901
v 0.04052761 0.00180586 -0.01058248
v 0.03995117 0.00130568 -0.01078927
v 0.03995117 0.00101955 -0.01085960
v 0.03995117 0.00065916 -0.01092900
v 0.03995117 0.00008472 -0.01103239
v 0.03134380 0.00008472 -0.01174545
v 0.03880613 -0.00048972 -0.01123173
v 0.03995117 -0.00048972 -0.01113020
v 0.03937865 -0.00106416 -0.01126853
v 0.00838821 -0.00909760 -0.01302021
v 0.00702358 -0.00897092 -0.01307283
v 0.00781177 -0.00909760 -0.01302999
v 0.00838821 -0.00863674 -0.01312034
v 0.01298011 -0.00852316 -0.01303092
v 0.01298011 -0.00909760 -0.01292333
v 0.01240368 -0.00909760 -0.01293590
v 0.01125864 -0.00909760 -0.01296012
v 0.01010969 -0.00909760 -0.01298434
v 0.01355263 -0.00794872 -0.01304442
v 0.01125864 -0.00794872 -0.01309752
v 0.01010969 -0.00794872 -0.01312407
v 0.00965481 -0.00794872 -0.01313431
v 0.00936463 -0.00794872 -0.01314083
v 0.00896073 -0.00794872 -0.01314968
v 0.00838821 -0.00794872 -0.01316086
v 0.01412515 -0.00794872 -0.01303092
v 0.00931365 -0.00825232 -0.01313944
v 0.00896073 -0.00828945 -0.01314316
v 0.01585054 -0.00852316 -0.01294988
v 0.01527411 -0.00852316 -0.01296758
v 0.01470159 -0.00852316 -0.01298481
v 0.01355263 -0.00852316 -0.01301648
v 0.02101496 -0.00737646 -0.01278640
v 0.02044245 -0.00794872 -0.01282040
v 0.01929349 -0.00794872 -0.01286511
v 0.01871705 -0.00794872 -0.01288700
v 0.01814453 -0.00794872 -0.01290656
v 0.01757202 -0.00794872 -0.01292566
v 0.01642306 -0.00794872 -0.01296338
v 0.01757202 -0.00852316 -0.01289492
v 0.01642306 -0.00852316 -0.01293171
v 0.02158748 -0.00737646 -0.01276078
v 0.03134380 -0.00048972 -0.01182184
v 0.03880613 -0.00106416 -0.01131510
v 0.03043405 -0.00138524 -0.01198671
v 0.03881790 -0.00164953 -0.01138636
v 0.03863360 -0.00185047 -0.01142502
v 0.03901789 -0.00198371 -0.01141058
v 0.03022230 -0.00106853 -0.01196715
v 0.03067325 -0.00176747 -0.01200394
v 0.03082618 -0.00215407 -0.01202118
v 0.03076736 -0.00450644 -0.01217348
v 0.03076736 -0.00507870 -0.01220468
v 0.03019485 -0.00507870 -0.01224054
v 0.02962233 -0.00565314 -0.01229597
v 0.02904589 -0.00622758 -0.01235000
v 0.02790086 -0.00737646 -0.01245758
v 0.02358737 -0.00480567 -0.01256377
v 0.02732442 -0.00737646 -0.01248599
v 0.02591665 -0.00763638 -0.01256517
v 0.00781177 -0.01194360 -0.01055547
v 0.01240368 -0.01190428 -0.01055547
v 0.01298011 -0.01189773 -0.01055547
v 0.01814453 -0.01206373 -0.00998167
v 0.02503435 -0.01215328 -0.00940740
v 0.03535927 -0.01214454 -0.00883360
v 0.03421423 -0.01224938 -0.00848755
v 0.02675582 -0.01212707 -0.00940740
v 0.02790086 -0.01210959 -0.00940740
v 0.03421423 -0.01225593 -0.00842188
v 0.00781177 -0.01174920 -0.01096346
v 0.00838821 -0.01174702 -0.01095834
v 0.00702358 -0.01187370 -0.01070963
v 0.04231182 0.00571337 -0.00842188
v 0.04245299 0.00549058 -0.00851782
v 0.04225692 0.00527871 -0.00871577
v 0.04224908 0.00477417 -0.00901710
v 0.04254318 0.00439630 -0.00912376
v 0.04224908 0.00448585 -0.00916847
v 0.04182557 0.00372139 -0.00965378
v 0.04210007 0.00333916 -0.00973529
v 0.04164911 0.00352918 -0.00978279
v 0.04110012 0.00352918 -0.00990948
v 0.04083347 0.00267735 -0.01027229
v 0.04052761 0.00303774 -0.01019545
v 0.04024919 0.00094966 -0.01084330
v 0.04105307 0.00237375 -0.01032679
v 0.04110012 0.00180586 -0.01048048
v 0.04047271 0.00117900 -0.01075062
v 0.04052761 0.00008472 -0.01095927
v 0.03995117 -0.00106416 -0.01121311
v 0.04052761 -0.00048972 -0.01105708
v 0.03937865 -0.00163642 -0.01134025
v 0.03995117 -0.00163642 -0.01128530
v 0.00896073 -0.00967204 -0.01280084
v 0.00838821 -0.00967204 -0.01281248
v 0.00781177 -0.00967204 -0.01282273
v 0.00723926 -0.00909760 -0.01303790
v 0.00702358 -0.00909760 -0.01304023
v 0.00896073 -0.00857558 -0.01311429
v 0.01010969 -0.00852316 -0.01309473
v 0.01125864 -0.00852316 -0.01306958
v 0.01240368 -0.00852316 -0.01304396
v 0.01355263 -0.00909760 -0.01290749
v 0.01298011 -0.00967204 -0.01271654
v 0.01240368 -0.00967204 -0.01272911
v 0.00951756 -0.00847511 -0.01311242
v 0.01585054 -0.00909760 -0.01283624
v 0.01412515 -0.00909760 -0.01288980
v 0.01757202 -0.00909760 -0.01278267
v 0.02101496 -0.00794872 -0.01279711
v 0.02158748 -0.00794872 -0.01277243
v 0.02044245 -0.00852316 -0.01278500
v 0.01986601 -0.00852316 -0.01280829
v 0.01871705 -0.00852316 -0.01285440
v 0.01814453 -0.00852316 -0.01287582
v 0.01814453 -0.00909760 -0.01276404
v 0.02216392 -0.00794872 -0.01274588
v 0.03082618 -0.00159929 -0.01197740
v 0.03941787 -0.00218902 -0.01139894
v 0.03963354 -0.00252538 -0.01141384
v 0.03105362 -0.00192473 -0.01198997
v 0.03880613 -0.00393200 -0.01158943
v 0.03880613 -0.00450644 -0.01162669
v 0.03708466 -0.00450644 -0.01174406
v 0.03478675 -0.00450644 -0.01190055
v 0.03348094 -0.00466807 -0.01199882
v 0.03386523 -0.00489959 -0.01198578
v 0.03076736 -0.00565314 -0.01222797
v 0.03134380 -0.00507870 -0.01216556
v 0.03249276 -0.00680202 -0.01216044
v 0.03019485 -0.00565314 -0.01226337
v 0.02962233 -0.00622758 -0.01231832
v 0.02847337 -0.00737646 -0.01242638
v 0.02790086 -0.00794872 -0.01246550
v 0.02732442 -0.00794872 -0.01249577
v 0.02675582 -0.00794872 -0.01252418
v 0.02620291 -0.00794872 -0.01255120
v 0.02591665 -0.00794872 -0.01256517
v 0.02445791 -0.00794872 -0.01263550
v 0.01125864 -0.01173173 -0.01092807
v 0.01240368 -0.01172518 -0.01091642
v 0.01412515 -0.01188462 -0.01055547
v 0.01585054 -0.01186060 -0.01055547
v 0.02044245 -0.01202878 -0.00998167
v 0.02904589 -0.01208775 -0.00940740
v 0.03650822 -0.01212052 -0.00883360
v 0.03880613 -0.01217730 -0.00842188
v 0.03810813 -0.01219041 -0.00842188
v 0.03478675 -0.01224501 -0.00845355
v 0.02158748 -0.01201131 -0.00998167
v 0.02273644 -0.01199165 -0.00998167
v 0.02331288 -0.01198073 -0.00998167
v 0.03531221 -0.01224064 -0.00842188
v 0.00702358 -0.01174920 -0.01096766
v 0.00702358 -0.01168586 -0.01107431
v 0.00723926 -0.01157665 -0.01125362
v 0.00781177 -0.01157447 -0.01125036
v 0.04282160 0.00540977 -0.00842188
v 0.04282160 0.00537045 -0.00844750
v 0.04282160 0.00508432 -0.00862029
v 0.04277062 0.00462346 -0.00890626
v 0.04292747 0.00423249 -0.00904738
v 0.04277062 0.00406649 -0.00918571
v 0.04282160 0.00352918 -0.00940507
v 0.04248436 0.00319282 -0.00967753
v 0.04227261 0.00352918 -0.00959882
v 0.04167656 0.00295474 -0.00998912
v 0.04227261 0.00298313 -0.00981120
v 0.04105307 0.00290232 -0.01014747
v 0.04121384 0.00256159 -0.01023271
v 0.04062956 0.00079895 -0.01081349
v 0.04047271 0.00062858 -0.01086985
v 0.04150402 0.00217935 -0.01029698
v 0.04110012 0.00123142 -0.01062393
v 0.04168833 0.00181896 -0.01034868
v 0.04085700 0.00041672 -0.01085075
v 0.04052761 -0.00106416 -0.01113998
v 0.04110012 -0.00048972 -0.01095834
v 0.04110012 -0.00106416 -0.01104264
v 0.03995117 -0.00220868 -0.01134910
v 0.04052761 -0.00163642 -0.01121124
v 0.04052761 -0.00220868 -0.01127551
v 0.01298011 -0.00998438 -0.01257775
v 0.00838821 -0.01006956 -0.01262572
v 0.01125864 -0.01001714 -0.01259591
v 0.01010969 -0.01003899 -0.01260802
v 0.00781177 -0.01007830 -0.01263084
v 0.00723926 -0.00967204 -0.01283018
v 0.00702358 -0.00967204 -0.01283297
v 0.01355263 -0.00967204 -0.01270070
v 0.01814453 -0.00952570 -0.01262339
v 0.01757202 -0.00954754 -0.01263270
v 0.01386634 -0.00996035 -0.01256517
v 0.01355263 -0.00996909 -0.01256983
v 0.01871705 -0.00950167 -0.01261268
v 0.02101496 -0.00852316 -0.01276172
v 0.02216392 -0.00852316 -0.01271328
v 0.02158748 -0.00852316 -0.01273796
v 0.02590097 -0.00823922 -0.01256470
v 0.02474809 -0.00881147 -0.01256424
v 0.02445791 -0.00883768 -0.01257169
v 0.02388539 -0.00888792 -0.01258613
v 0.02331288 -0.00893597 -0.01259964
v 0.01871705 -0.00909760 -0.01274215
v 0.02084242 -0.00939683 -0.01256890
v 0.02044245 -0.00941649 -0.01257728
v 0.01929349 -0.00947328 -0.01260103
v 0.03977863 -0.00290762 -0.01143014
v 0.03937865 -0.00335756 -0.01150187
v 0.03941787 -0.00274380 -0.01144877
v 0.03880613 -0.00335756 -0.01154611
v 0.03937865 -0.00393200 -0.01154239
v 0.03937865 -0.00450644 -0.01158151
v 0.03937865 -0.00507870 -0.01161598
v 0.03880613 -0.00507870 -0.01165789
v 0.03076736 -0.00622758 -0.01224986
v 0.03134380 -0.00622758 -0.01221306
v 0.03306528 -0.00737646 -0.01214553
v 0.03249276 -0.00737646 -0.01218326
v 0.03019485 -0.00737646 -0.01232764
v 0.02962233 -0.00737646 -0.01236117
v 0.02847337 -0.00794872 -0.01243336
v 0.00838821 -0.01157010 -0.01124524
v 0.01298011 -0.01172081 -0.01091037
v 0.01757202 -0.01168586 -0.01084889
v 0.01813669 -0.01179944 -0.01061043
v 0.01757202 -0.01183439 -0.01055547
v 0.01355263 -0.01171644 -0.01090292
v 0.02445791 -0.01195888 -0.00998167
v 0.02675582 -0.01191083 -0.00998167
v 0.02962233 -0.01207465 -0.00940740
v 0.03708466 -0.01210741 -0.00883360
v 0.03822969 -0.01208120 -0.00883360
v 0.03922964 -0.01216638 -0.00842188
v 0.01871705 -0.01182128 -0.01054383
v 0.01929349 -0.01181691 -0.01053172
v 0.00702358 -0.01157665 -0.01125456
v 0.00702358 -0.01129052 -0.01164206
v 0.00723926 -0.01129052 -0.01164066
v 0.00781177 -0.01128616 -0.01163647
v 0.04290395 0.00535516 -0.00842188
v 0.04313138 0.00497948 -0.00855601
v 0.04335098 0.00465404 -0.00864311
v 0.04374312 0.00444654 -0.00857977
v 0.04336274 0.00406649 -0.00894352
v 0.04314707 0.00385026 -0.00913634
v 0.04336274 0.00349205 -0.00919875
v 0.04285297 0.00298313 -0.00961978
v 0.04268043 0.00281058 -0.00974181
v 0.04224908 0.00238030 -0.01002079
v 0.04306080 0.00261401 -0.00967800
v 0.04188832 0.00201991 -0.01024947
v 0.04168833 0.00237375 -0.01018473
v 0.04106875 0.00062858 -0.01076692
v 0.04167656 0.00123142 -0.01049399
v 0.04167656 0.00065916 -0.01062673
v 0.04206870 0.00163768 -0.01029838
v 0.04124129 0.00020703 -0.01081396
v 0.04106875 0.00004322 -0.01087451
v 0.04140599 -0.00017738 -0.01084656
v 0.04151187 -0.00048972 -0.01087218
v 0.04110012 -0.00163642 -0.01111343
v 0.04170793 -0.00104669 -0.01091130
v 0.04167656 -0.00163642 -0.01099467
v 0.03996293 -0.00274380 -0.01139428
v 0.04110012 -0.00220868 -0.01117910
v 0.04110012 -0.00278312 -0.01123127
v 0.04052761 -0.00278312 -0.01132395
v 0.01298011 -0.01027051 -0.01240356
v 0.01240368 -0.01028143 -0.01241008
v 0.01125864 -0.01030327 -0.01242219
v 0.00896073 -0.01034696 -0.01244594
v 0.00838821 -0.01035569 -0.01245199
v 0.00781177 -0.01036443 -0.01245758
v 0.01068220 -0.01031419 -0.01242824
v 0.00702358 -0.01037535 -0.01246364
v 0.00723926 -0.01008485 -0.01263457
v 0.00702358 -0.00993196 -0.01271002
v 0.01527411 -0.00962617 -0.01266857
v 0.01470159 -0.00964583 -0.01267741
v 0.01585054 -0.00989483 -0.01253443
v 0.01814453 -0.00981401 -0.01249810
v 0.01699558 -0.00985551 -0.01251627
v 0.01642306 -0.00987517 -0.01252558
v 0.01814453 -0.01024648 -0.01225731
v 0.01757202 -0.01024648 -0.01227641
v 0.01355263 -0.01025522 -0.01239564
v 0.01470159 -0.01024648 -0.01236583
v 0.01408594 -0.01018969 -0.01241939
v 0.01871705 -0.00978780 -0.01248739
v 0.01986601 -0.00973320 -0.01246364
v 0.02331288 -0.00852316 -0.01266205
v 0.02904589 -0.00794872 -0.01240076
v 0.02962233 -0.00794872 -0.01236769
v 0.02847337 -0.00852316 -0.01239936
v 0.02790086 -0.00852316 -0.01243103
v 0.02732442 -0.00852316 -0.01246131
v 0.02675582 -0.00852316 -0.01249112
v 0.02388539 -0.00852316 -0.01263457
v 0.02904589 -0.00852316 -0.01236630
v 0.03421423 -0.00885516 -0.01200255
v 0.02847337 -0.00909760 -0.01228805
v 0.02790086 -0.00909760 -0.01231879
v 0.02560687 -0.00909760 -0.01243756
v 0.02388539 -0.00917623 -0.01250369
v 0.02331288 -0.00922210 -0.01251766
v 0.02273644 -0.00926578 -0.01252977
v 0.02216392 -0.00930728 -0.01254188
v 0.02273644 -0.00897747 -0.01261174
v 0.01929349 -0.00909760 -0.01271887
v 0.02158748 -0.00934878 -0.01255353
v 0.02122672 -0.00937281 -0.01256098
v 0.02331288 -0.00967204 -0.01234580
v 0.02273644 -0.00967204 -0.01237049
v 0.03995117 -0.00450644 -0.01152376
v 0.04015900 -0.00320903 -0.01140592
v 0.03996293 -0.00338377 -0.01144272
v 0.03995117 -0.00507870 -0.01156288
v 0.03995117 -0.00565314 -0.01159036
v 0.03937865 -0.00565314 -0.01163926
v 0.03880613 -0.00565314 -0.01167978
v 0.03076736 -0.00737646 -0.01229224
v 0.03134380 -0.00737646 -0.01225591
v 0.03363779 -0.00737646 -0.01210548
v 0.03363779 -0.00794872 -0.01211572
v 0.03306528 -0.00794872 -0.01215345
v 0.03249276 -0.00794872 -0.01218978
v 0.03076736 -0.00794872 -0.01229876
v 0.03019485 -0.00794872 -0.01233369
v 0.00838821 -0.01128179 -0.01163135
v 0.00896073 -0.01156573 -0.01123919
v 0.01183116 -0.01154171 -0.01120938
v 0.01832100 -0.01167931 -0.01083818
v 0.01298011 -0.01153078 -0.01119727
v 0.02101496 -0.01179944 -0.01049632
v 0.02790086 -0.01188462 -0.00998167
v 0.03134380 -0.01203533 -0.00940740
v 0.02158748 -0.01179289 -0.01048421
v 0.02216392 -0.01178633 -0.01047163
v 0.02273644 -0.01177978 -0.01045859
v 0.03880613 -0.01206591 -0.00883360
v 0.03249276 -0.01200694 -0.00940740
v 0.03363779 -0.01197854 -0.00940740
v 0.04036291 -0.01212052 -0.00842188
v 0.03937865 -0.01204407 -0.00883360
v 0.00702358 -0.01104590 -0.01192896
v 0.00781177 -0.01103934 -0.01192337
v 0.04325687 0.00510616 -0.00842188
v 0.04348823 0.00492706 -0.00842188
v 0.04351176 0.00482877 -0.00846892
v 0.04388428 0.00458851 -0.00842188
v 0.04405290 0.00442251 -0.00842188
v 0.04412741 0.00425433 -0.00847404
v 0.04431171 0.00387210 -0.00857651
v 0.04395095 0.00407960 -0.00866081
v 0.04353136 0.00366023 -0.00905669
v 0.04339804 0.00295474 -0.00940787
v 0.04285297 0.00240432 -0.00981307
v 0.04225692 0.00181896 -0.01019358
v 0.04282160 0.00180586 -0.01000682
v 0.04340196 0.00240432 -0.00960488
v 0.04359802 0.00197404 -0.00965984
v 0.04321373 0.00222959 -0.00973575
v 0.04245299 0.00141489 -0.01024482
v 0.04225692 0.00122705 -0.01034262
v 0.04224908 0.00065916 -0.01047257
v 0.04224908 0.00008472 -0.01058900
v 0.04162951 0.00004322 -0.01075760
v 0.04179812 -0.00048972 -0.01080371
v 0.04191969 -0.00084574 -0.01083119
v 0.04202556 -0.00122579 -0.01086100
v 0.04212360 -0.00163642 -0.01088568
v 0.04167656 -0.00220868 -0.01105755
v 0.04167656 -0.00278312 -0.01111390
v 0.04110012 -0.00335756 -0.01127132
v 0.04082171 -0.00477510 -0.01141757
v 0.04167656 -0.00335756 -0.01115768
v 0.04052761 -0.00507870 -0.01148557
v 0.04048447 -0.00338377 -0.01137286
v 0.04026488 -0.00359127 -0.01141990
v 0.01757202 -0.01060251 -0.01204586
v 0.01585054 -0.01063527 -0.01207288
v 0.01412515 -0.01066803 -0.01209989
v 0.01355263 -0.01067895 -0.01210874
v 0.01298011 -0.01068769 -0.01211666
v 0.01240368 -0.01069643 -0.01212318
v 0.00838821 -0.01074666 -0.01216509
v 0.01125864 -0.01071172 -0.01213528
v 0.00953325 -0.01073356 -0.01215298
v 0.00723926 -0.01075758 -0.01217487
v 0.00702358 -0.01061561 -0.01228339
v 0.00702358 -0.01008704 -0.01263596
v 0.00781177 -0.01075321 -0.01217022
v 0.02331288 -0.01015693 -0.01210548
v 0.02273644 -0.01017659 -0.01211759
v 0.01871705 -0.01024648 -0.01223589
v 0.02064636 -0.01052824 -0.01198671
v 0.01929349 -0.01056319 -0.01201373
v 0.01871705 -0.01057630 -0.01202583
v 0.01814453 -0.01058940 -0.01203655
v 0.02962233 -0.00852316 -0.01233183
v 0.03452010 -0.00881584 -0.01199137
v 0.03421423 -0.00914128 -0.01192058
v 0.03363779 -0.00892287 -0.01202164
v 0.02904589 -0.00909760 -0.01225452
v 0.03708466 -0.00909760 -0.01172776
v 0.03650822 -0.00909760 -0.01176921
v 0.03593571 -0.00909760 -0.01181019
v 0.03213984 -0.00937062 -0.01198625
v 0.03175554 -0.00940339 -0.01199789
v 0.03134380 -0.00943397 -0.01201093
v 0.03076736 -0.00947765 -0.01202863
v 0.03019485 -0.00951915 -0.01204633
v 0.02962233 -0.00955846 -0.01206403
v 0.02904589 -0.00959778 -0.01208172
v 0.02847337 -0.00963491 -0.01209849
v 0.02388539 -0.00967204 -0.01231832
v 0.02675582 -0.01000841 -0.01201792
v 0.02503435 -0.01008704 -0.01206216
v 0.02388539 -0.01013509 -0.01209151
v 0.04052761 -0.00565314 -0.01151864
v 0.04052761 -0.00622758 -0.01154052
v 0.03995117 -0.00680202 -0.01162948
v 0.03937865 -0.00622758 -0.01165836
v 0.03134380 -0.00794872 -0.01226243
v 0.03519065 -0.00748567 -0.01199836
v 0.03880613 -0.00737646 -0.01173707
v 0.03421423 -0.00794872 -0.01207520
v 0.03516712 -0.00830474 -0.01199696
v 0.03363779 -0.00852316 -0.01208266
v 0.03306528 -0.00852316 -0.01211898
v 0.03134380 -0.00852316 -0.01222611
v 0.03019485 -0.00852316 -0.01229690
v 0.00838821 -0.01103497 -0.01191825
v 0.01010969 -0.01126868 -0.01161132
v 0.01068220 -0.01126431 -0.01160433
v 0.01298011 -0.01124466 -0.01157778
v 0.01355263 -0.01152423 -0.01118982
v 0.01412515 -0.01151768 -0.01118190
v 0.01757202 -0.01147400 -0.01113626
v 0.01871705 -0.01144997 -0.01112927
v 0.01929349 -0.01143468 -0.01112927
v 0.02101496 -0.01164655 -0.01078369
v 0.02847337 -0.01170552 -0.01030816
v 0.02962233 -0.01183876 -0.00998167
v 0.03421423 -0.01196325 -0.00940740
v 0.02331288 -0.01177323 -0.01044416
v 0.02388539 -0.01176668 -0.01042785
v 0.03937865 -0.01181254 -0.00937666
v 0.03593571 -0.01191739 -0.00940740
v 0.03650822 -0.01189991 -0.00940740
v 0.03765718 -0.01186278 -0.00940740
v 0.03822969 -0.01184312 -0.00940740
v 0.04093935 -0.01208338 -0.00842188
v 0.03995117 -0.01201131 -0.00883360
v 0.00702358 -0.01093887 -0.01202118
v 0.04428818 0.00418225 -0.00842188
v 0.04444896 0.00400970 -0.00842188
v 0.04469208 0.00364931 -0.00846473
v 0.04484894 0.00326489 -0.00855788
v 0.04451954 0.00348550 -0.00864078
v 0.04393134 0.00349205 -0.00894026
v 0.04371567 0.00327800 -0.00913540
v 0.04384899 0.00295474 -0.00920154
v 0.04402937 0.00243709 -0.00931192
v 0.04340196 0.00179275 -0.00979118
v 0.04339804 0.00123142 -0.00994953
v 0.04280199 0.00122705 -0.01017216
v 0.04394310 0.00179275 -0.00956017
v 0.04373135 0.00159181 -0.00971573
v 0.04259416 0.00103047 -0.01028813
v 0.04271572 0.00065916 -0.01032865
v 0.04224908 -0.00048972 -0.01068634
v 0.04287258 0.00013059 -0.01038407
v 0.04282160 -0.00048972 -0.01051309
v 0.04222947 -0.00104669 -0.01077577
v 0.04240986 -0.00163642 -0.01080604
v 0.04249613 -0.00204049 -0.01083119
v 0.04228045 -0.00222178 -0.01090525
v 0.04224908 -0.00278312 -0.01096952
v 0.04224908 -0.00335756 -0.01101935
v 0.04086876 -0.00507870 -0.01142781
v 0.04224908 -0.00393200 -0.01105755
v 0.04167656 -0.00565314 -0.01129182
v 0.04124521 -0.00565314 -0.01138636
v 0.04095896 -0.00565314 -0.01144551
v 0.04034330 -0.00393200 -0.01143247
v 0.01814453 -0.01087771 -0.01178365
v 0.01757202 -0.01088863 -0.01179296
v 0.01355263 -0.01096508 -0.01185630
v 0.01298011 -0.01097600 -0.01186469
v 0.01183116 -0.01099129 -0.01187819
v 0.00702358 -0.01075758 -0.01217674
v 0.02388539 -0.01042122 -0.01191778
v 0.02331288 -0.01044306 -0.01193129
v 0.02273644 -0.01046272 -0.01194386
v 0.02158748 -0.01049985 -0.01196762
v 0.02101496 -0.01051732 -0.01197926
v 0.02388539 -0.01079035 -0.01163041
v 0.02331288 -0.01080345 -0.01164439
v 0.02286192 -0.01110050 -0.01140918
v 0.03421423 -0.00852316 -0.01204353
v 0.03490439 -0.00868697 -0.01197740
v 0.03880613 -0.00852316 -0.01171052
v 0.03880613 -0.00909760 -0.01160294
v 0.03822969 -0.00909760 -0.01164485
v 0.03363779 -0.00920899 -0.01193967
v 0.03937865 -0.00946018 -0.01144691
v 0.03880613 -0.00951478 -0.01147020
v 0.03306528 -0.00927234 -0.01195737
v 0.03249276 -0.00933349 -0.01197553
v 0.02962233 -0.00909760 -0.01221912
v 0.03421423 -0.00967204 -0.01172543
v 0.03363779 -0.00967204 -0.01176362
v 0.03765718 -0.00961088 -0.01151211
v 0.03019485 -0.00980528 -0.01192104
v 0.02904589 -0.00988609 -0.01195644
v 0.02847337 -0.00992104 -0.01197274
v 0.02806555 -0.00994507 -0.01198392
v 0.02445791 -0.00967204 -0.01228898
v 0.02768126 -0.00996472 -0.01199370
v 0.02732442 -0.00998220 -0.01200301
v 0.02847337 -0.01024648 -0.01178132
v 0.02675582 -0.01029672 -0.01184373
v 0.02617938 -0.01032293 -0.01185863
v 0.02560687 -0.01034914 -0.01187307
v 0.02503435 -0.01037317 -0.01188797
v 0.04102562 -0.00622758 -0.01145716
v 0.04052761 -0.00680202 -0.01155869
v 0.03995117 -0.00737646 -0.01164578
v 0.03937865 -0.00737646 -0.01169562
v 0.03880613 -0.00794872 -0.01174313
v 0.03708466 -0.00852316 -0.01183581
v 0.03593571 -0.00852316 -0.01191918
v 0.01355263 -0.01123810 -0.01156940
v 0.01699558 -0.01119442 -0.01151444
v 0.01814453 -0.01117913 -0.01149675
v 0.02044245 -0.01140192 -0.01112927
v 0.02216392 -0.01163126 -0.01075900
v 0.02904589 -0.01169678 -0.01029325
v 0.03015956 -0.01179726 -0.01003337
v 0.02273644 -0.01162252 -0.01074549
v 0.02331288 -0.01161378 -0.01073106
v 0.03076736 -0.01181691 -0.00995838
v 0.03937865 -0.01166184 -0.00966356
v 0.03995117 -0.01179289 -0.00933940
v 0.03878653 -0.01179726 -0.00945863
v 0.03896691 -0.01167494 -0.00968452
v 0.03134380 -0.01180818 -0.00994068
v 0.03191632 -0.01179944 -0.00992298
v 0.03306528 -0.01177978 -0.00988526
v 0.03363779 -0.01177104 -0.00986430
v 0.03765718 -0.01170334 -0.00972830
v 0.04151187 -0.01203096 -0.00842188
v 0.04052761 -0.01197199 -0.00883360
v 0.04110012 -0.01192175 -0.00883360
v 0.04462934 0.00380220 -0.00842188
v 0.04477835 0.00362310 -0.00842188
v 0.04497050 0.00338284 -0.00842188
v 0.04523323 0.00302027 -0.00842188
v 0.04524499 0.00295474 -0.00844330
v 0.04536655 0.00259872 -0.00852248
v 0.04495873 0.00295474 -0.00861936
v 0.04454699 0.00295474 -0.00884944
v 0.04413917 0.00295474 -0.00906368
v 0.04425681 0.00266643 -0.00912003
v 0.04438622 0.00228419 -0.00918943
v 0.04383723 0.00123142 -0.00976556
v 0.04400977 0.00068100 -0.00982657
v 0.04339804 0.00065916 -0.01008646
v 0.04300198 0.00065916 -0.01023271
v 0.04412741 0.00123142 -0.00963375
v 0.04456660 0.00180367 -0.00925510
v 0.04310001 0.00035337 -0.01026531
v 0.04319805 -0.00002886 -0.01030257
v 0.04282160 -0.00106416 -0.01059878
v 0.04330784 -0.00048972 -0.01034402
v 0.04344509 -0.00102922 -0.01037755
v 0.04282160 -0.00163642 -0.01067656
v 0.04277846 -0.00222178 -0.01076040
v 0.04255887 -0.00242273 -0.01084936
v 0.04261377 -0.00278312 -0.01086612
v 0.04268827 -0.00335756 -0.01089220
v 0.04275886 -0.00393200 -0.01091409
v 0.04224908 -0.00450644 -0.01108875
v 0.04286865 -0.00451736 -0.01091642
v 0.04224908 -0.00507870 -0.01111949
v 0.04224908 -0.00565314 -0.01114837
v 0.04167656 -0.00622758 -0.01131743
v 0.04131580 -0.00622758 -0.01140127
v 0.02216392 -0.01111360 -0.01142269
v 0.01929349 -0.01116166 -0.01147532
v 0.01871705 -0.01117039 -0.01148650
v 0.02847337 -0.01065056 -0.01151118
v 0.02732442 -0.01068769 -0.01154192
v 0.02675582 -0.01070516 -0.01155683
v 0.02445791 -0.01077506 -0.01161598
v 0.02388539 -0.01107647 -0.01138543
v 0.02331288 -0.01108958 -0.01139940
v 0.02388539 -0.01131455 -0.01109853
v 0.02331288 -0.01132547 -0.01111250
v 0.02269722 -0.01129052 -0.01118237
v 0.03937865 -0.00794872 -0.01169981
v 0.03937865 -0.00852316 -0.01166441
v 0.03937865 -0.00909760 -0.01155636
v 0.03976687 -0.00941431 -0.01142828
v 0.03937865 -0.00974630 -0.01132349
v 0.03880613 -0.00980091 -0.01134724
v 0.03478675 -0.00967204 -0.01168584
v 0.03720622 -0.00993414 -0.01140499
v 0.03682193 -0.00996254 -0.01141803
v 0.03765718 -0.00989701 -0.01138869
v 0.03593571 -0.01001714 -0.01144877
v 0.03535927 -0.01005209 -0.01146833
v 0.03421423 -0.01011980 -0.01150792
v 0.03363779 -0.01015038 -0.01152702
v 0.02904589 -0.01024648 -0.01174732
v 0.03306528 -0.01017877 -0.01154518
v 0.03162222 -0.01053261 -0.01141570
v 0.02904589 -0.01062872 -0.01149442
v 0.04136286 -0.00680202 -0.01141151
v 0.04107660 -0.00680202 -0.01146461
v 0.04052761 -0.00737646 -0.01157126
v 0.03995117 -0.00794872 -0.01164485
v 0.02216392 -0.01134950 -0.01112927
v 0.02994780 -0.01168149 -0.01027043
v 0.02560687 -0.01127960 -0.01105149
v 0.02790086 -0.01151768 -0.01060903
v 0.03076736 -0.01166839 -0.01024575
v 0.03937865 -0.01141939 -0.00998167
v 0.03995117 -0.01137352 -0.00998167
v 0.03995117 -0.01163999 -0.00962630
v 0.04052761 -0.01176886 -0.00928864
v 0.03858262 -0.01168368 -0.00969896
v 0.03878653 -0.01149802 -0.00992671
v 0.03363779 -0.01160942 -0.01015120
v 0.03421423 -0.01130581 -0.01051402
v 0.03134380 -0.01165747 -0.01022805
v 0.03249276 -0.01163563 -0.01019172
v 0.04168833 -0.01200912 -0.00842188
v 0.04110012 -0.01173610 -0.00922343
v 0.04171970 -0.01181910 -0.00888670
v 0.04211183 -0.01195452 -0.00842188
v 0.04527636 0.00295256 -0.00842188
v 0.04558615 0.00245675 -0.00842188
v 0.04586064 0.00180586 -0.00846752
v 0.04547243 0.00221648 -0.00858722
v 0.04488423 0.00160928 -0.00915077
v 0.04477051 0.00199370 -0.00908604
v 0.04456660 0.00243709 -0.00903620
v 0.04422544 0.00088850 -0.00968033
v 0.04432347 0.00050408 -0.00972690
v 0.04397055 0.00008472 -0.00997049
v 0.04339411 0.00013059 -0.01019684
v 0.04454699 0.00123142 -0.00942836
v 0.04359802 -0.00048972 -0.01023503
v 0.04339804 -0.00163642 -0.01047676
v 0.04366861 -0.00081298 -0.01026298
v 0.04373919 -0.00119521 -0.01029186
v 0.04339804 -0.00220868 -0.01054522
v 0.04339804 -0.00278312 -0.01060484
v 0.04290002 -0.00278312 -0.01077670
v 0.04297845 -0.00335756 -0.01079906
v 0.04304511 -0.00393200 -0.01082048
v 0.04308825 -0.00433171 -0.01083492
v 0.04312354 -0.00471394 -0.01084703
v 0.04282160 -0.00507870 -0.01095601
v 0.04224908 -0.00622758 -0.01116700
v 0.04167656 -0.00680202 -0.01133140
v 0.03363779 -0.01079908 -0.01106593
v 0.03363779 -0.01108521 -0.01082048
v 0.03322213 -0.01109832 -0.01083399
v 0.02847337 -0.01093669 -0.01125782
v 0.02790086 -0.01095634 -0.01127365
v 0.02617938 -0.01101095 -0.01132209
v 0.02503435 -0.01104590 -0.01135469
v 0.02445791 -0.01106118 -0.01137053
v 0.02904589 -0.01120534 -0.01095368
v 0.02847337 -0.01121845 -0.01097092
v 0.02790086 -0.01123155 -0.01098675
v 0.03995117 -0.00852316 -0.01160759
v 0.03995509 -0.00913255 -0.01148836
v 0.04014724 -0.00934660 -0.01140499
v 0.03995509 -0.00963273 -0.01130998
v 0.04052761 -0.01016130 -0.01096160
v 0.03989627 -0.01028361 -0.01097231
v 0.03937865 -0.01024648 -0.01105009
v 0.03880613 -0.01024648 -0.01109667
v 0.03478675 -0.01037317 -0.01131231
v 0.03650822 -0.00998220 -0.01142875
v 0.03421423 -0.01040593 -0.01133327
v 0.03363779 -0.01043651 -0.01135283
v 0.03306528 -0.01046490 -0.01137099
v 0.03421423 -0.01077942 -0.01104590
v 0.04138246 -0.00719517 -0.01141524
v 0.04115502 -0.00738083 -0.01145995
v 0.04139030 -0.00769098 -0.01141710
v 0.04114718 -0.00790940 -0.01145855
v 0.04052761 -0.00794872 -0.01156707
v 0.02904589 -0.01149147 -0.01058062
v 0.02847337 -0.01150457 -0.01059506
v 0.03880613 -0.01117039 -0.01033983
v 0.03937865 -0.01115074 -0.01031747
v 0.03995117 -0.01112671 -0.01028999
v 0.04026880 -0.01111142 -0.01027276
v 0.04048839 -0.01128179 -0.01002172
v 0.04052761 -0.01160942 -0.00957554
v 0.03306528 -0.01162252 -0.01017216
v 0.03363779 -0.01132110 -0.01053404
v 0.03191632 -0.01138663 -0.01055547
v 0.03249276 -0.01136042 -0.01055547
v 0.04155892 -0.01170552 -0.00916521
v 0.04193929 -0.01167712 -0.00911398
v 0.04224908 -0.01178852 -0.00876839
v 0.04224908 -0.01193268 -0.00842188
v 0.04592339 0.00180367 -0.00842188
v 0.04594691 0.00144547 -0.00852574
v 0.04557439 0.00180586 -0.00865475
v 0.04526852 0.00123142 -0.00903573
v 0.04498226 0.00123142 -0.00920247
v 0.04536263 0.00083608 -0.00909535
v 0.04452738 0.00068100 -0.00957880
v 0.04469992 0.00008472 -0.00962723
v 0.04441367 0.00008472 -0.00977068
v 0.04397055 -0.00048972 -0.01007621
v 0.04380978 -0.00163642 -0.01031980
v 0.04394703 -0.00102922 -0.01017588
v 0.04409604 -0.00163642 -0.01019917
v 0.04388428 -0.00220868 -0.01035240
v 0.04339804 -0.00335756 -0.01065234
v 0.04400585 -0.00282025 -0.01036218
v 0.04397055 -0.00335756 -0.01042320
v 0.04339804 -0.00393200 -0.01069193
v 0.04342549 -0.00507870 -0.01073664
v 0.04313531 -0.00507870 -0.01085262
v 0.04282160 -0.00565314 -0.01097278
v 0.04397055 -0.00393200 -0.01045906
v 0.04397055 -0.00450644 -0.01048700
v 0.04224908 -0.00680202 -0.01117678
v 0.04282160 -0.00622758 -0.01098396
v 0.04161774 -0.00738083 -0.01135423
v 0.03421423 -0.01106555 -0.01080092
v 0.03304567 -0.01129271 -0.01060810
v 0.03284176 -0.01110924 -0.01084563
v 0.04052761 -0.00852316 -0.01152935
v 0.04087661 -0.00885297 -0.01142828
v 0.04052761 -0.00895781 -0.01145762
v 0.04052761 -0.00924394 -0.01137519
v 0.04052761 -0.00967204 -0.01120752
v 0.04110012 -0.01007175 -0.01090711
v 0.04052761 -0.01044743 -0.01078601
v 0.04005312 -0.01050203 -0.01082141
v 0.03937865 -0.01055008 -0.01085588
v 0.03966883 -0.01053261 -0.01084237
v 0.03880613 -0.01057848 -0.01087870
v 0.03822969 -0.01060469 -0.01089966
v 0.03650822 -0.01068114 -0.01096253
v 0.03535927 -0.01073137 -0.01100445
v 0.03478675 -0.01075540 -0.01102541
v 0.03478675 -0.01104371 -0.01077903
v 0.04139030 -0.00757741 -0.01141710
v 0.04136678 -0.00807540 -0.01141198
v 0.04224908 -0.00737646 -0.01118097
v 0.04224908 -0.00794872 -0.01117119
v 0.04161774 -0.00790940 -0.01134910
v 0.04098641 -0.00852316 -0.01144970
v 0.03880613 -0.01086461 -0.01062673
v 0.03937865 -0.01083621 -0.01060437
v 0.04048839 -0.01086024 -0.01045580
v 0.04065309 -0.01107866 -0.01023969
v 0.04110012 -0.01127524 -0.00990249
v 0.04110012 -0.01156136 -0.00951033
v 0.04224908 -0.01139536 -0.00940740
v 0.04224908 -0.01164436 -0.00905530
v 0.04171970 -0.01153515 -0.00937713
v 0.04282160 -0.01173173 -0.00864823
v 0.04264121 -0.01186715 -0.00842188
v 0.04604103 0.00153939 -0.00842188
v 0.04614298 0.00131005 -0.00842188
v 0.04602534 0.00106323 -0.00857930
v 0.04565281 0.00065042 -0.00894771
v 0.04578614 0.00008472 -0.00899661
v 0.04543714 0.00045385 -0.00913820
v 0.04511951 0.00008472 -0.00939622
v 0.04515088 0.00065042 -0.00925324
v 0.04478619 -0.00033246 -0.00967148
v 0.04457444 -0.00051156 -0.00980375
v 0.04417446 -0.00220868 -0.01023317
v 0.04454699 -0.00106416 -0.00990668
v 0.04454699 -0.00163642 -0.00998772
v 0.04422544 -0.00265425 -0.01025366
v 0.04426465 -0.00303648 -0.01027183
v 0.04428818 -0.00335756 -0.01028301
v 0.04344117 -0.00565314 -0.01074363
v 0.04315491 -0.00565314 -0.01085914
v 0.04397055 -0.00507870 -0.01050331
v 0.04432347 -0.00393200 -0.01030117
v 0.04435092 -0.00450644 -0.01031654
v 0.04282160 -0.00680202 -0.01099187
v 0.04282160 -0.00737646 -0.01099746
v 0.04127659 -0.00852316 -0.01139382
v 0.04167656 -0.00852316 -0.01129601
v 0.04167656 -0.00909760 -0.01118376
v 0.04108052 -0.00906484 -0.01132582
v 0.04110012 -0.00967204 -0.01109993
v 0.04110012 -0.01035788 -0.01073012
v 0.04148442 -0.00999967 -0.01086566
v 0.04110012 -0.01074011 -0.01044276
v 0.04282160 -0.00794872 -0.01099001
v 0.04224908 -0.00852316 -0.01113439
v 0.04110012 -0.01102842 -0.01018986
v 0.04167656 -0.01121408 -0.00982564
v 0.04224908 -0.01114637 -0.00974134
v 0.04254318 -0.01110924 -0.00969663
v 0.04277062 -0.01124684 -0.00941718
v 0.04282160 -0.01156792 -0.00893560
v 0.04316668 -0.01169460 -0.00857138
v 0.04282160 -0.01183220 -0.00842188
v 0.04618612 0.00120084 -0.00842188
v 0.04639003 0.00065916 -0.00842793
v 0.04610377 0.00065916 -0.00863612
v 0.04619788 0.00008472 -0.00870924
v 0.04587633 -0.00048972 -0.00905390
v 0.04549988 0.00008472 -0.00917686
v 0.04507245 -0.00051156 -0.00954200
v 0.04485286 -0.00071688 -0.00970501
v 0.04454699 -0.00220868 -0.01005665
v 0.04489991 -0.00106416 -0.00973156
v 0.04497442 -0.00163642 -0.00976975
v 0.04449209 -0.00282025 -0.01014282
v 0.04457444 -0.00335756 -0.01014282
v 0.04344901 -0.00622758 -0.01074829
v 0.04345686 -0.00680202 -0.01075248
v 0.04317844 -0.00737646 -0.01086892
v 0.04397055 -0.00565314 -0.01051076
v 0.04435877 -0.00507870 -0.01032260
v 0.04460973 -0.00393200 -0.01015586
v 0.04463718 -0.00450644 -0.01016238
v 0.04317060 -0.00794872 -0.01086752
v 0.04224908 -0.00909760 -0.01102261
v 0.04254318 -0.00938810 -0.01084423
v 0.04224908 -0.00949294 -0.01089034
v 0.04167656 -0.00969825 -0.01095927
v 0.04167656 -0.01021372 -0.01068308
v 0.04167656 -0.01065929 -0.01037429
v 0.04186479 -0.00990793 -0.01081768
v 0.04314315 -0.00836371 -0.01085634
v 0.04286865 -0.00854282 -0.01093319
v 0.04308825 -0.00874595 -0.01083445
v 0.04167656 -0.01094542 -0.01011254
v 0.04248828 -0.01051077 -0.01025227
v 0.04277062 -0.01083184 -0.00986151
v 0.04292355 -0.01103061 -0.00961466
v 0.04372351 -0.01112453 -0.00914146
v 0.04339804 -0.01118350 -0.00921970
v 0.04210399 -0.01058722 -0.01031421
v 0.04337451 -0.01149147 -0.00879122
v 0.04355097 -0.01164436 -0.00847544
v 0.04327255 -0.01173828 -0.00842188
v 0.04639787 0.00065916 -0.00842188
v 0.04648806 0.00008472 -0.00849500
v 0.04653904 -0.00026038 -0.00853366
v 0.04631552 -0.00046788 -0.00873998
v 0.04598613 -0.00132627 -0.00912469
v 0.04572340 -0.00110785 -0.00925510
v 0.04558615 -0.00048972 -0.00923461
v 0.04621357 -0.00110785 -0.00892675
v 0.04519009 -0.00106416 -0.00957274
v 0.04502932 -0.00220868 -0.00980515
v 0.04507637 -0.00278312 -0.00983542
v 0.04526068 -0.00163642 -0.00961466
v 0.04517049 -0.00339251 -0.00982425
v 0.04397055 -0.00680202 -0.01052147
v 0.04346470 -0.00737646 -0.01075248
v 0.04464895 -0.00507870 -0.01016564
v 0.04466071 -0.00737646 -0.01017495
v 0.04437053 -0.00737646 -0.01032725
v 0.04397055 -0.00737646 -0.01052426
v 0.04511951 -0.00393200 -0.00987687
v 0.04511951 -0.00450644 -0.00989085
v 0.04345686 -0.00794872 -0.01074503
v 0.04266866 -0.00909760 -0.01088755
v 0.04295492 -0.00909760 -0.01078648
v 0.04339804 -0.00909760 -0.01061043
v 0.04377449 -0.00947983 -0.01031281
v 0.04339019 -0.00967204 -0.01039059
v 0.04277062 -0.00961744 -0.01065700
v 0.04224908 -0.00978125 -0.01075993
v 0.04227653 -0.01029017 -0.01045952
v 0.04282160 -0.01012854 -0.01037383
v 0.04397055 -0.00852316 -0.01047163
v 0.04335882 -0.00854282 -0.01074410
v 0.04428034 -0.00884642 -0.01028021
v 0.04282160 -0.01041467 -0.01018846
v 0.04339804 -0.01063090 -0.00978046
v 0.04339804 -0.01091703 -0.00950661
v 0.04391173 -0.01078816 -0.00937573
v 0.04410780 -0.01102842 -0.00903387
v 0.04481364 -0.01109613 -0.00853459
v 0.04442935 -0.01118350 -0.00865149
v 0.04393918 -0.01125558 -0.00883919
v 0.04396663 -0.01152205 -0.00842188
v 0.04373135 -0.01160942 -0.00842188
v 0.04360587 -0.01165310 -0.00842188
v 0.04350391 -0.01167931 -0.00842188
v 0.04657825 0.00008690 -0.00842188
v 0.04674295 -0.00051812 -0.00842188
v 0.04659002 -0.00064480 -0.00857558
v 0.04601358 -0.00163642 -0.00914332
v 0.04569203 -0.00163642 -0.00935058
v 0.04629984 -0.00163642 -0.00893886
v 0.04663315 -0.00106416 -0.00861190
v 0.04531950 -0.00220868 -0.00964540
v 0.04536655 -0.00278312 -0.00967055
v 0.04539400 -0.00322651 -0.00968732
v 0.04540969 -0.00360874 -0.00969616
v 0.04511951 -0.00507870 -0.00989644
v 0.04464895 -0.00794872 -0.01016983
v 0.04436269 -0.00794872 -0.01032306
v 0.04543322 -0.00507870 -0.00971200
v 0.04511951 -0.00737646 -0.00990249
v 0.04397055 -0.00794872 -0.01051262
v 0.04541753 -0.00393200 -0.00970268
v 0.04542930 -0.00450644 -0.00971014
v 0.04396663 -0.00906265 -0.01036451
v 0.04415878 -0.00923084 -0.01021873
v 0.04453915 -0.00965675 -0.00982890
v 0.04396663 -0.00967204 -0.01012419
v 0.04357450 -0.00986425 -0.01022060
v 0.04319020 -0.01001714 -0.01030303
v 0.04432347 -0.00852316 -0.01030210
v 0.04460973 -0.00852316 -0.01014561
v 0.04537440 -0.00862582 -0.00967427
v 0.04499403 -0.00909760 -0.00979304
v 0.04449994 -0.00906265 -0.01008786
v 0.04339019 -0.01022246 -0.01007901
v 0.04371174 -0.01054790 -0.00970827
v 0.04444111 -0.01064619 -0.00922716
v 0.04462542 -0.01087116 -0.00888297
v 0.04482149 -0.01052606 -0.00911445
v 0.04511951 -0.01070953 -0.00872601
v 0.04547635 -0.01058722 -0.00860073
v 0.04511951 -0.01099566 -0.00842188
v 0.04489991 -0.01113108 -0.00842188
v 0.04470385 -0.01121626 -0.00842188
v 0.04449209 -0.01130581 -0.00842188
v 0.04686059 -0.00106416 -0.00842188
v 0.04605671 -0.00220868 -0.00917732
v 0.04569203 -0.00220868 -0.00941532
v 0.04634689 -0.00220868 -0.00896680
v 0.04668413 -0.00163642 -0.00865196
v 0.04569203 -0.00278312 -0.00946655
v 0.04563713 -0.00339251 -0.00953874
v 0.04511951 -0.00794872 -0.00988992
v 0.04515872 -0.00847074 -0.00982611
v 0.04571555 -0.00737646 -0.00950940
v 0.04542930 -0.00737646 -0.00970921
v 0.04611945 -0.00393200 -0.00922297
v 0.04571948 -0.00507870 -0.00950800
v 0.04570379 -0.00393200 -0.00951033
v 0.04488815 -0.00945581 -0.00972877
v 0.04472345 -0.00983804 -0.00963189
v 0.04434308 -0.01003462 -0.00974274
v 0.04393134 -0.01023338 -0.00981772
v 0.04528028 -0.00909760 -0.00961419
v 0.04540577 -0.00824358 -0.00969523
v 0.04563713 -0.00847074 -0.00951126
v 0.04607632 -0.00852316 -0.00919409
v 0.04602926 -0.00891631 -0.00915729
v 0.04409604 -0.01041903 -0.00961000
v 0.04458228 -0.01027925 -0.00942976
v 0.04511951 -0.01010014 -0.00921970
v 0.04540969 -0.00996254 -0.00912376
v 0.04511951 -0.01038627 -0.00901338
v 0.04563713 -0.01018969 -0.00879168
v 0.04586064 -0.01041685 -0.00845215
v 0.04588025 -0.01043214 -0.00842188
v 0.04556262 -0.01068987 -0.00842188
v 0.04695470 -0.00163642 -0.00842188
v 0.04609200 -0.00278312 -0.00920387
v 0.04638218 -0.00278312 -0.00898590
v 0.04671942 -0.00220868 -0.00867990
v 0.04700568 -0.00220868 -0.00843725
v 0.04611161 -0.00335756 -0.00921831
v 0.04541753 -0.00794872 -0.00970175
v 0.04570379 -0.00794872 -0.00950474
v 0.04611945 -0.00450644 -0.00922250
v 0.04611553 -0.00737646 -0.00922250
v 0.04610769 -0.00794872 -0.00921784
v 0.04639787 -0.00335756 -0.00899708
v 0.04640571 -0.00393200 -0.00900080
v 0.04640571 -0.00450644 -0.00900173
v 0.04593907 -0.00929855 -0.00908930
v 0.04551949 -0.00967204 -0.00920154
v 0.04509598 -0.00965675 -0.00949217
v 0.04572340 -0.00910415 -0.00930773
v 0.04639395 -0.00794872 -0.00899382
v 0.04636258 -0.00852316 -0.00896773
v 0.04670766 -0.00852316 -0.00868083
v 0.04662531 -0.00909760 -0.00860818
v 0.04623709 -0.00910415 -0.00892163
v 0.04580967 -0.00967204 -0.00899335
v 0.04604495 -0.01003462 -0.00859979
v 0.04592339 -0.01039064 -0.00842188
v 0.04702529 -0.00224144 -0.00842188
v 0.04674295 -0.00278312 -0.00869900
v 0.04702921 -0.00278312 -0.00845774
v 0.04640571 -0.00507870 -0.00900127
v 0.04640179 -0.00737646 -0.00899987
v 0.04675079 -0.00335756 -0.00871018
v 0.04675079 -0.00393200 -0.00871344
v 0.04656257 -0.00939683 -0.00855275
v 0.04674295 -0.00737646 -0.00871297
v 0.04673511 -0.00794872 -0.00870645
v 0.04704881 -0.00800114 -0.00842188
v 0.04699392 -0.00852316 -0.00842328
v 0.04699392 -0.00853190 -0.00842188
v 0.04682922 -0.00909760 -0.00842188
v 0.04624886 -0.00962181 -0.00867804
v 0.04642924 -0.00977907 -0.00844004
v 0.04644101 -0.00979217 -0.00842188
v 0.04615867 -0.01014164 -0.00842188
v 0.04706450 -0.00278312 -0.00842188
v 0.04703705 -0.00335756 -0.00846519
v 0.04706842 -0.00285738 -0.00842188
v 0.04708411 -0.00335756 -0.00842188
v 0.04665276 -0.00947547 -0.00842188
v 0.04703705 -0.00393200 -0.00846380
v 0.04702921 -0.00737646 -0.00845681
v 0.04702136 -0.00794872 -0.00845029
v 0.04705273 -0.00794872 -0.00842188
v 0.04706450 -0.00744417 -0.00842188
f 1 2 3
f 1 3 4
f 1 4 5
f 1 5 14
f 1 14 29
f 1 29 52
f 1 52 91
f 1 91 131
f 1 131 180
f 1 180 234
f 1 234 293
f 1 293 358
f 1 358 357
f 1 357 356
f 1 356 424
f 1 424 423
f 1 423 422
f 1 422 421
f 1 421 493
f 1 493 492
f 1 492 579
f 1 579 663
f 1 663 658
f 1 658 657
f 1 657 744
f 1 744 854
f 1 854 964
f 1 964 1064
f 1 1064 1150
f 1 1150 1153
f 1 1153 1225
f 1 1225 1287
f 1 1287 1328
f 1 1328 1369
f 1 1369 1415
f 1 1415 1414
f 1 1414 1413
f 1 1413 1412
f 1 1412 1456
f 1 1456 1455
f 1 1455 1454
f 1 1454 1453
f 1 1453 1488
f 1 1488 1487
f 1 1487 1514
f 1 1514 1532
f 1 1532 1531
f 1 1531 1537
f 1 1537 1528
f 1 1528 1527
f 1 1527 1525
f 1 1525 1541
f 1 1541 1542
f 1 1542 1536
f 1 1536 1535
f 1 1535 1533
f 1 1533 1515
f 1 1515 1489
f 1 1489 1457
f 1 1457 1417
f 1 1417 1416
f 1 1416 1370
f 1 1370 1329
f 1 1329 1289
f 1 1289 1288
f 1 1288 1226
f 1 1226 1155
f 1 1155 1154
f 1 1154 1070
f 1 1070 1069
f 1 1069 1068
f 1 1068 1067
f 1 1067 968
f 1 968 967
f 1 967 862
f 1 862 861
f 1 861 859
f 1 859 858
f 1 858 751
f 1 751 668
f 1 668 583
f 1 583 496
f 1 496 495
f 1 495 427
f 1 427 364
f 1 364 363
f 1 363 294
f 1 294 238
f 1 238 237
f 1 237 182
f 1 182 133
f 1 133 98
f 1 98 97
f 1 97 132
f 1 132 95
f 1 95 93
f 1 93 58
f 1 58 92
f 1 92 56
f 1 56 55
f 1 55 53
f 1 53 33
f 1 33 31
f 1 31 20
f 1 20 15
f 1 15 6
f 1 6 7
f 1 7 2
f 2 8 3
f 2 7 8
f 3 9 10
f 3 10 11
f 3 11 4
f 3 8 9
f 4 11 12
f 4 12 5
f 5 12 13
f 5 13 14
f 6 15 7
f 7 16 17
f 7 17 18
f 7 18 8
f 7 15 19
f 7 19 20
f 7 20 16
f 8 18 21
f 8 21 9
f 9 22 23
f 9 23 24
f 9 24 25
f 9 25 10
f 9 21 22
f 10 25 26
f 10 26 11
f 11 26 12
f 12 26 27
f 12 27 28
f 12 28 13
f 13 28 29
f 13 29 14
f 15 30 19
f 15 20 30
f 16 20 31
f 16 31 17
f 17 31 21
f 17 21 18
f 19 30 20
f 21 32 22
f 21 31 33
f 21 33 34
f 21 34 35
f 21 35 36
f 21 36 37
f 21 37 32
f 22 25 23
f 22 32 25
f 23 25 24
f 25 38 39
f 25 39 40
f 25 40 41
f 25 41 42
f 25 42 43
f 25 43 44
f 25 44 26
f 25 32 45
f 25 45 46
f 25 46 47
f 25 47 38
f 26 44 48
f 26 48 49
f 26 49 27
f 27 49 50
f 27 50 51
f 27 51 28
f 28 52 29
f 28 51 81
f 28 81 52
f 32 46 45
f 32 37 46
f 33 53 54
f 33 54 34
f 34 54 55
f 34 55 36
f 34 36 35
f 36 55 56
f 36 56 57
f 36 57 58
f 36 58 59
f 36 59 60
f 36 60 46
f 36 46 61
f 36 61 37
f 37 61 46
f 38 47 62
f 38 62 63
f 38 63 39
f 39 63 42
f 39 42 40
f 40 42 41
f 42 64 65
f 42 65 44
f 42 44 43
f 42 63 66
f 42 66 67
f 42 67 68
f 42 68 64
f 44 69 48
f 44 65 69
f 46 60 70
f 46 70 47
f 47 71 62
f 47 70 72
f 47 72 73
f 47 73 71
f 48 69 74
f 48 74 75
f 48 75 76
f 48 76 49
f 49 77 78
f 49 78 50
f 49 76 79
f 49 79 77
f 50 80 51
f 50 78 80
f 51 80 82
f 51 82 83
f 51 83 84
f 51 84 85
f 51 85 86
f 51 86 81
f 52 81 87
f 52 87 88
f 52 88 89
f 52 89 90
f 52 90 91
f 53 55 54
f 56 92 57
f 57 92 58
f 58 93 59
f 59 94 70
f 59 70 60
f 59 93 95
f 59 95 96
f 59 96 97
f 59 97 98
f 59 98 99
f 59 99 100
f 59 100 101
f 59 101 94
f 62 71 102
f 62 102 103
f 62 103 63
f 63 103 66
f 64 104 65
f 64 68 104
f 65 104 105
f 65 105 74
f 65 74 69
f 66 103 102
f 66 102 106
f 66 106 67
f 67 106 104
f 67 104 68
f 70 94 107
f 70 107 108
f 70 108 109
f 70 109 110
f 70 110 73
f 70 73 72
f 71 111 102
f 71 73 112
f 71 112 111
f 73 110 113
f 73 113 112
f 74 105 75
f 75 114 115
f 75 115 76
f 75 105 116
f 75 116 117
f 75 117 118
f 75 118 114
f 76 115 119
f 76 119 79
f 77 120 121
f 77 121 122
f 77 122 78
f 77 79 123
f 77 123 124
f 77 124 125
f 77 125 126
f 77 126 127
f 77 127 120
f 78 122 121
f 78 121 120
f 78 120 167
f 78 167 210
f 78 210 272
f 78 272 329
f 78 329 393
f 78 393 451
f 78 451 520
f 78 520 608
f 78 608 699
f 78 699 788
f 78 788 902
f 78 902 786
f 78 786 901
f 78 901 1003
f 78 1003 966
f 78 966 856
f 78 856 748
f 78 748 747
f 78 747 665
f 78 665 664
f 78 664 582
f 78 582 494
f 78 494 426
f 78 426 425
f 78 425 361
f 78 361 359
f 78 359 291
f 78 291 235
f 78 235 181
f 78 181 131
f 78 131 91
f 78 91 90
f 78 90 89
f 78 89 88
f 78 88 130
f 78 130 129
f 78 129 86
f 78 86 85
f 78 85 84
f 78 84 83
f 78 83 82
f 78 82 80
f 79 119 128
f 79 128 123
f 81 86 129
f 81 129 130
f 81 130 87
f 87 130 88
f 94 101 100
f 94 100 107
f 95 132 96
f 96 132 97
f 98 133 99
f 99 133 134
f 99 134 135
f 99 135 136
f 99 136 137
f 99 137 107
f 99 107 100
f 102 111 138
f 102 138 139
f 102 139 106
f 104 140 141
f 104 141 117
f 104 117 116
f 104 116 142
f 104 142 105
f 104 106 143
f 104 143 140
f 105 142 116
f 106 139 144
f 106 144 145
f 106 145 143
f 107 137 113
f 107 113 108
f 108 113 146
f 108 146 147
f 108 147 109
f 109 147 146
f 109 146 148
f 109 148 110
f 110 148 146
f 110 146 113
f 111 149 150
f 111 150 151
f 111 151 152
f 111 152 138
f 111 112 113
f 111 113 149
f 113 137 153
f 113 153 154
f 113 154 155
f 113 155 156
f 113 156 149
f 114 118 157
f 114 157 158
f 114 158 115
f 115 158 119
f 117 141 118
f 118 159 160
f 118 160 157
f 118 141 161
f 118 161 162
f 118 162 163
f 118 163 164
f 118 164 165
f 118 165 159
f 119 166 128
f 119 158 166
f 120 127 168
f 120 168 169
f 120 169 167
f 123 128 170
f 123 170 124
f 124 170 171
f 124 171 172
f 124 172 125
f 125 172 173
f 125 173 174
f 125 174 126
f 126 174 175
f 126 175 127
f 127 175 176
f 127 176 168
f 128 166 177
f 128 177 178
f 128 178 179
f 128 179 170
f 131 181 180
f 133 182 183
f 133 183 134
f 134 183 135
f 135 183 182
f 135 182 184
f 135 184 153
f 135 153 136
f 136 153 137
f 138 152 139
f 139 152 151
f 139 151 144
f 140 143 185
f 140 185 186
f 140 186 163
f 140 163 162
f 140 162 141
f 141 162 187
f 141 187 161
f 143 188 189
f 143 189 190
f 143 190 185
f 143 145 191
f 143 191 188
f 144 151 150
f 144 150 191
f 144 191 145
f 149 156 150
f 150 156 192
f 150 192 191
f 153 184 193
f 153 193 194
f 153 194 195
f 153 195 196
f 153 196 197
f 153 197 198
f 153 198 154
f 154 198 199
f 154 199 155
f 155 192 156
f 155 199 191
f 155 191 192
f 157 160 200
f 157 200 158
f 158 201 202
f 158 202 166
f 158 200 160
f 158 160 203
f 158 203 204
f 158 204 205
f 158 205 206
f 158 206 207
f 158 207 201
f 159 165 208
f 159 208 203
f 159 203 160
f 161 187 162
f 163 186 209
f 163 209 164
f 164 209 203
f 164 203 165
f 165 203 208
f 166 202 207
f 166 207 177
f 167 169 211
f 167 211 210
f 168 176 169
f 169 176 212
f 169 212 213
f 169 213 211
f 170 179 214
f 170 214 215
f 170 215 171
f 171 215 216
f 171 216 217
f 171 217 172
f 172 217 173
f 173 217 218
f 173 218 174
f 174 219 175
f 174 218 220
f 174 220 221
f 174 221 219
f 175 219 222
f 175 222 223
f 175 223 224
f 175 224 225
f 175 225 226
f 175 226 176
f 176 226 227
f 176 227 228
f 176 228 229
f 176 229 230
f 176 230 212
f 177 231 178
f 177 207 231
f 178 231 179
f 179 231 232
f 179 232 214
f 180 233 234
f 180 181 235
f 180 235 236
f 180 236 233
f 182 237 184
f 184 237 238
f 184 238 239
f 184 239 240
f 184 240 241
f 184 241 242
f 184 242 193
f 185 190 186
f 186 190 209
f 188 191 189
f 189 191 243
f 189 243 244
f 189 244 190
f 190 244 245
f 190 245 246
f 190 246 247
f 190 247 209
f 191 199 248
f 191 248 249
f 191 249 250
f 191 250 251
f 191 251 243
f 193 242 252
f 193 252 194
f 194 252 253
f 194 253 254
f 194 254 255
f 194 255 199
f 194 199 195
f 195 199 196
f 196 256 197
f 196 199 256
f 197 199 198
f 197 256 199
f 199 257 248
f 199 255 258
f 199 258 257
f 201 207 202
f 203 209 259
f 203 259 204
f 204 259 260
f 204 260 261
f 204 261 262
f 204 262 205
f 205 262 261
f 205 261 206
f 206 263 207
f 206 261 263
f 207 263 264
f 207 264 265
f 207 265 266
f 207 266 267
f 207 267 214
f 207 214 232
f 207 232 231
f 209 247 268
f 209 268 269
f 209 269 270
f 209 270 259
f 210 271 272
f 210 211 273
f 210 273 271
f 211 213 274
f 211 274 273
f 212 230 229
f 212 229 275
f 212 275 213
f 213 275 276
f 213 276 277
f 213 277 274
f 214 267 215
f 215 267 217
f 215 217 216
f 217 267 278
f 217 278 279
f 217 279 280
f 217 280 281
f 217 281 282
f 217 282 218
f 218 282 283
f 218 283 284
f 218 284 220
f 219 221 222
f 220 284 221
f 221 284 222
f 222 284 339
f 222 339 285
f 222 285 223
f 223 285 286
f 223 286 224
f 224 286 225
f 225 286 287
f 225 287 227
f 225 227 226
f 227 287 286
f 227 286 288
f 227 288 289
f 227 289 228
f 228 289 229
f 229 289 276
f 229 276 275
f 233 290 234
f 233 236 291
f 233 291 292
f 233 292 290
f 234 290 293
f 235 291 236
f 238 294 239
f 239 294 295
f 239 295 240
f 240 296 297
f 240 297 241
f 240 295 296
f 241 297 242
f 242 297 252
f 243 251 244
f 244 298 299
f 244 299 300
f 244 300 301
f 244 301 302
f 244 302 303
f 244 303 268
f 244 268 246
f 244 246 245
f 244 251 298
f 246 268 247
f 248 257 304
f 248 304 249
f 249 304 301
f 249 301 300
f 249 300 250
f 250 300 251
f 251 300 298
f 252 297 253
f 253 297 305
f 253 305 254
f 254 305 306
f 254 306 307
f 254 307 255
f 255 307 306
f 255 306 258
f 257 258 308
f 257 308 309
f 257 309 304
f 258 306 310
f 258 310 311
f 258 311 308
f 259 270 312
f 259 312 260
f 260 312 313
f 260 313 314
f 260 314 315
f 260 315 316
f 260 316 261
f 261 316 315
f 261 315 317
f 261 317 318
f 261 318 319
f 261 319 320
f 261 320 263
f 263 320 264
f 264 320 321
f 264 321 265
f 265 321 266
f 266 322 267
f 266 321 323
f 266 323 322
f 267 322 324
f 267 324 278
f 268 303 301
f 268 301 325
f 268 325 313
f 268 313 326
f 268 326 270
f 268 270 269
f 270 326 312
f 271 327 272
f 271 273 328
f 271 328 392
f 271 392 327
f 272 327 329
f 273 274 328
f 274 330 328
f 274 277 331
f 274 331 332
f 274 332 333
f 274 333 330
f 276 289 334
f 276 334 277
f 277 334 331
f 278 324 335
f 278 335 279
f 279 335 280
f 280 335 281
f 281 283 282
f 281 335 283
f 283 336 284
f 283 335 337
f 283 337 338
f 283 338 336
f 284 336 340
f 284 340 341
f 284 341 342
f 284 342 339
f 285 288 286
f 285 339 342
f 285 342 343
f 285 343 288
f 288 344 289
f 288 343 345
f 288 345 346
f 288 346 344
f 289 344 346
f 289 346 347
f 289 347 348
f 289 348 349
f 289 349 334
f 290 292 350
f 290 350 351
f 290 351 352
f 290 352 353
f 290 353 354
f 290 354 355
f 290 355 356
f 290 356 357
f 290 357 358
f 290 358 293
f 291 359 360
f 291 360 292
f 292 360 361
f 292 361 362
f 292 362 350
f 294 363 295
f 295 363 364
f 295 364 365
f 295 365 366
f 295 366 367
f 295 367 296
f 296 367 368
f 296 368 305
f 296 305 297
f 298 300 299
f 301 304 369
f 301 369 370
f 301 370 325
f 301 303 302
f 304 309 371
f 304 371 369
f 305 372 373
f 305 373 306
f 305 368 372
f 306 373 374
f 306 374 310
f 308 370 309
f 308 311 370
f 309 370 371
f 310 375 311
f 310 374 376
f 310 376 375
f 311 375 370
f 312 326 313
f 313 315 314
f 313 325 377
f 313 377 378
f 313 378 379
f 313 379 380
f 313 380 315
f 315 380 381
f 315 381 317
f 317 381 380
f 317 380 382
f 317 382 318
f 318 383 384
f 318 384 319
f 318 382 383
f 319 384 320
f 320 384 385
f 320 385 386
f 320 386 387
f 320 387 388
f 320 388 389
f 320 389 321
f 321 389 323
f 322 323 390
f 322 390 391
f 322 391 335
f 322 335 324
f 323 389 388
f 323 388 390
f 325 370 377
f 327 392 329
f 328 330 392
f 329 392 394
f 329 394 395
f 329 395 396
f 329 396 397
f 329 397 393
f 330 398 392
f 330 333 399
f 330 399 400
f 330 400 398
f 331 399 332
f 331 334 349
f 331 349 401
f 331 401 348
f 331 348 402
f 331 402 399
f 332 399 333
f 335 391 403
f 335 403 404
f 335 404 338
f 335 338 337
f 336 338 340
f 338 404 405
f 338 405 340
f 340 405 406
f 340 406 342
f 340 342 341
f 342 406 407
f 342 407 408
f 342 408 345
f 342 345 343
f 345 408 346
f 346 408 409
f 346 409 348
f 346 348 347
f 348 409 410
f 348 410 411
f 348 411 412
f 348 412 402
f 348 401 349
f 350 362 351
f 351 362 352
f 352 362 413
f 352 413 353
f 353 414 415
f 353 415 416
f 353 416 355
f 353 355 354
f 353 413 417
f 353 417 418
f 353 418 419
f 353 419 414
f 355 416 420
f 355 420 421
f 355 421 422
f 355 422 423
f 355 423 424
f 355 424 356
f 359 361 360
f 361 425 362
f 362 425 426
f 362 426 413
f 364 427 365
f 365 367 366
f 365 427 428
f 365 428 429
f 365 429 430
f 365 430 367
f 367 430 368
f 368 431 372
f 368 430 431
f 369 371 370
f 370 375 377
f 372 431 432
f 372 432 374
f 372 374 373
f 374 432 433
f 374 433 376
f 375 376 434
f 375 434 377
f 376 433 434
f 377 434 435
f 377 435 378
f 378 435 434
f 378 434 436
f 378 436 437
f 378 437 379
f 379 437 438
f 379 438 439
f 379 439 380
f 380 439 440
f 380 440 441
f 380 441 382
f 382 441 442
f 382 442 443
f 382 443 386
f 382 386 384
f 382 384 383
f 384 386 385
f 386 443 444
f 386 444 387
f 387 445 388
f 387 444 446
f 387 446 447
f 387 447 448
f 387 448 445
f 388 445 449
f 388 449 390
f 390 449 391
f 391 449 403
f 392 398 394
f 393 450 451
f 393 397 452
f 393 452 450
f 394 398 453
f 394 453 454
f 394 454 395
f 395 455 396
f 395 454 455
f 396 455 456
f 396 456 397
f 397 456 522
f 397 522 452
f 398 400 457
f 398 457 458
f 398 458 459
f 398 459 453
f 399 402 460
f 399 460 461
f 399 461 462
f 399 462 463
f 399 463 464
f 399 464 400
f 400 464 458
f 400 458 457
f 402 412 465
f 402 465 460
f 403 449 466
f 403 466 467
f 403 467 468
f 403 468 469
f 403 469 404
f 404 469 405
f 405 469 468
f 405 468 406
f 406 468 470
f 406 470 471
f 406 471 407
f 407 471 408
f 408 472 409
f 408 471 473
f 408 473 474
f 408 474 472
f 409 411 410
f 409 472 474
f 409 474 475
f 409 475 476
f 409 476 477
f 409 477 478
f 409 478 411
f 411 479 412
f 411 478 479
f 412 479 480
f 412 480 465
f 413 426 481
f 413 481 482
f 413 482 417
f 414 419 483
f 414 483 484
f 414 484 485
f 414 485 573
f 414 573 486
f 414 486 416
f 414 416 415
f 416 486 487
f 416 487 488
f 416 488 420
f 417 482 418
f 418 482 570
f 418 570 489
f 418 489 490
f 418 490 419
f 419 490 491
f 419 491 483
f 420 488 492
f 420 492 493
f 420 493 421
f 426 494 481
f 427 495 428
f 428 495 496
f 428 496 497
f 428 497 429
f 429 497 498
f 429 498 430
f 430 498 499
f 430 499 500
f 430 500 501
f 430 501 431
f 431 502 432
f 431 501 502
f 432 502 503
f 432 503 433
f 433 503 504
f 433 504 434
f 434 504 505
f 434 505 436
f 436 505 506
f 436 506 437
f 437 506 438
f 438 507 441
f 438 441 439
f 438 506 508
f 438 508 509
f 438 509 510
f 438 510 507
f 439 441 440
f 441 507 442
f 442 507 511
f 442 511 512
f 442 512 443
f 443 512 444
f 444 512 513
f 444 513 514
f 444 514 447
f 444 447 446
f 445 515 466
f 445 466 449
f 445 448 516
f 445 516 515
f 447 514 448
f 448 514 517
f 448 517 518
f 448 518 553
f 448 553 516
f 450 452 519
f 450 519 451
f 451 519 521
f 451 521 520
f 452 522 523
f 452 523 524
f 452 524 525
f 452 525 526
f 452 526 527
f 452 527 519
f 453 459 454
f 454 528 529
f 454 529 530
f 454 530 531
f 454 531 532
f 454 532 533
f 454 533 534
f 454 534 455
f 454 459 535
f 454 535 528
f 455 534 536
f 455 536 537
f 455 537 456
f 456 537 522
f 458 464 538
f 458 538 539
f 458 539 540
f 458 540 459
f 459 540 541
f 459 541 536
f 459 536 535
f 460 465 542
f 460 542 620
f 460 620 543
f 460 543 544
f 460 544 545
f 460 545 461
f 461 545 462
f 462 545 546
f 462 546 463
f 463 546 547
f 463 547 548
f 463 548 464
f 464 548 549
f 464 549 550
f 464 550 538
f 465 480 551
f 465 551 542
f 466 552 467
f 466 515 553
f 466 553 552
f 467 554 468
f 467 552 553
f 467 553 555
f 467 555 556
f 467 556 557
f 467 557 554
f 468 554 558
f 468 558 470
f 470 558 554
f 470 554 471
f 471 554 559
f 471 559 474
f 471 474 473
f 474 559 560
f 474 560 561
f 474 561 475
f 475 561 476
f 476 561 562
f 476 562 563
f 476 563 478
f 476 478 477
f 478 563 564
f 478 564 565
f 478 565 566
f 478 566 567
f 478 567 479
f 479 567 480
f 480 567 566
f 480 566 568
f 480 568 569
f 480 569 551
f 481 494 570
f 481 570 482
f 483 491 571
f 483 571 572
f 483 572 484
f 484 572 485
f 485 572 652
f 485 652 573
f 486 574 487
f 486 573 574
f 487 575 576
f 487 576 488
f 487 574 577
f 487 577 578
f 487 578 575
f 488 576 579
f 488 579 492
f 489 570 580
f 489 580 490
f 490 580 581
f 490 581 491
f 491 581 571
f 494 582 580
f 494 580 570
f 496 583 584
f 496 584 497
f 497 584 585
f 497 585 499
f 497 499 498
f 499 585 586
f 499 586 587
f 499 587 588
f 499 588 500
f 500 588 501
f 501 588 587
f 501 587 589
f 501 589 590
f 501 590 591
f 501 591 592
f 501 592 503
f 501 503 502
f 503 592 504
f 504 592 593
f 504 593 594
f 504 594 505
f 505 594 508
f 505 508 506
f 507 595 511
f 507 510 595
f 508 594 593
f 508 593 509
f 509 593 596
f 509 596 597
f 509 597 510
f 510 598 595
f 510 597 598
f 511 595 512
f 512 595 513
f 513 595 514
f 514 595 599
f 514 599 601
f 514 601 517
f 515 516 553
f 517 600 518
f 517 601 687
f 517 687 600
f 518 602 553
f 518 600 603
f 518 603 602
f 519 604 605
f 519 605 606
f 519 606 521
f 519 527 615
f 519 615 604
f 520 607 608
f 520 521 607
f 521 606 607
f 522 537 536
f 522 536 609
f 522 609 610
f 522 610 611
f 522 611 612
f 522 612 523
f 523 541 524
f 523 612 536
f 523 536 541
f 524 541 540
f 524 540 613
f 524 613 700
f 524 700 614
f 524 614 615
f 524 615 525
f 525 615 526
f 526 615 527
f 528 536 529
f 528 535 536
f 529 536 530
f 530 536 531
f 531 536 532
f 532 536 533
f 533 536 534
f 536 612 611
f 536 611 610
f 536 610 616
f 536 616 609
f 538 617 618
f 538 618 613
f 538 613 539
f 538 550 619
f 538 619 617
f 539 613 540
f 542 551 621
f 542 621 620
f 543 620 706
f 543 706 622
f 543 622 623
f 543 623 624
f 543 624 544
f 544 624 545
f 545 624 625
f 545 625 546
f 546 625 549
f 546 549 547
f 547 549 548
f 549 625 626
f 549 626 619
f 549 619 550
f 551 627 621
f 551 569 627
f 553 602 555
f 554 628 559
f 554 557 628
f 555 602 557
f 555 557 556
f 557 602 629
f 557 629 630
f 557 630 559
f 557 559 628
f 559 630 631
f 559 631 560
f 560 631 632
f 560 632 633
f 560 633 634
f 560 634 635
f 560 635 561
f 561 635 636
f 561 636 637
f 561 637 562
f 562 638 563
f 562 637 639
f 562 639 640
f 562 640 638
f 563 638 641
f 563 641 564
f 564 641 642
f 564 642 643
f 564 643 565
f 565 643 566
f 566 643 644
f 566 644 645
f 566 645 569
f 566 569 568
f 569 645 646
f 569 646 647
f 569 647 648
f 569 648 649
f 569 649 627
f 571 581 650
f 571 650 651
f 571 651 572
f 572 651 652
f 573 652 653
f 573 653 654
f 573 654 574
f 574 654 577
f 575 578 655
f 575 655 656
f 575 656 657
f 575 657 576
f 576 657 658
f 576 658 659
f 576 659 579
f 577 654 660
f 577 660 578
f 578 660 661
f 578 661 662
f 578 662 739
f 578 739 655
f 579 659 663
f 580 582 664
f 580 664 665
f 580 665 666
f 580 666 667
f 580 667 581
f 581 667 650
f 583 668 584
f 584 586 585
f 584 668 669
f 584 669 670
f 584 670 586
f 586 670 671
f 586 671 587
f 587 671 672
f 587 672 673
f 587 673 674
f 587 674 675
f 587 675 676
f 587 676 589
f 589 676 590
f 590 677 591
f 590 676 675
f 590 675 678
f 590 678 677
f 591 677 592
f 592 679 593
f 592 677 679
f 593 679 680
f 593 680 596
f 595 598 681
f 595 681 682
f 595 682 599
f 596 680 683
f 596 683 597
f 597 684 598
f 597 683 685
f 597 685 684
f 598 684 681
f 599 682 686
f 599 686 601
f 600 687 603
f 601 686 688
f 601 688 689
f 601 689 687
f 602 603 629
f 603 690 629
f 603 687 691
f 603 691 692
f 603 692 690
f 604 615 693
f 604 693 605
f 605 694 606
f 605 693 695
f 605 695 696
f 605 696 694
f 606 694 697
f 606 697 698
f 606 698 607
f 607 698 699
f 607 699 608
f 609 616 610
f 613 618 701
f 613 701 702
f 613 702 700
f 614 700 703
f 614 703 704
f 614 704 693
f 614 693 615
f 617 619 701
f 617 701 618
f 619 626 705
f 619 705 701
f 620 621 707
f 620 707 708
f 620 708 706
f 621 627 709
f 621 709 707
f 622 706 710
f 622 710 623
f 623 710 711
f 623 711 624
f 624 626 625
f 624 711 712
f 624 712 713
f 624 713 626
f 626 713 714
f 626 714 715
f 626 715 716
f 626 716 717
f 626 717 705
f 627 649 709
f 629 690 630
f 630 690 718
f 630 718 719
f 630 719 720
f 630 720 631
f 631 720 721
f 631 721 632
f 632 721 719
f 632 719 722
f 632 722 723
f 632 723 633
f 633 723 724
f 633 724 725
f 633 725 637
f 633 637 634
f 634 637 636
f 634 636 635
f 637 725 639
f 638 726 641
f 638 640 727
f 638 727 726
f 639 725 640
f 640 728 729
f 640 729 727
f 640 725 728
f 641 726 730
f 641 730 731
f 641 731 642
f 642 731 643
f 643 731 732
f 643 732 644
f 644 732 709
f 644 709 645
f 645 709 646
f 646 709 647
f 647 709 648
f 648 709 649
f 650 667 651
f 651 667 733
f 651 733 734
f 651 734 652
f 652 734 653
f 653 735 736
f 653 736 737
f 653 737 654
f 653 734 738
f 653 738 735
f 654 737 660
f 655 739 740
f 655 740 741
f 655 741 742
f 655 742 656
f 656 742 657
f 657 742 743
f 657 743 744
f 658 663 659
f 660 737 745
f 660 745 746
f 660 746 661
f 661 746 662
f 662 746 739
f 665 747 666
f 666 747 748
f 666 748 749
f 666 749 667
f 667 750 840
f 667 840 733
f 667 749 750
f 668 751 669
f 669 751 752
f 669 752 670
f 670 752 671
f 671 752 753
f 671 753 672
f 672 753 754
f 672 754 755
f 672 755 756
f 672 756 673
f 673 756 674
f 674 756 757
f 674 757 758
f 674 758 675
f 675 759 760
f 675 760 678
f 675 758 761
f 675 761 759
f 677 678 762
f 677 762 763
f 677 763 683
f 677 683 680
f 677 680 679
f 678 760 762
f 681 684 764
f 681 764 686
f 681 686 682
f 683 763 762
f 683 762 685
f 684 685 765
f 684 765 766
f 684 766 764
f 685 762 767
f 685 767 765
f 686 764 768
f 686 768 769
f 686 769 688
f 687 689 691
f 688 768 770
f 688 770 771
f 688 771 689
f 688 769 768
f 689 772 691
f 689 771 773
f 689 773 774
f 689 774 772
f 690 692 775
f 690 775 718
f 691 772 776
f 691 776 692
f 692 776 777
f 692 777 778
f 692 778 775
f 693 704 797
f 693 797 779
f 693 779 780
f 693 780 781
f 693 781 695
f 694 782 783
f 694 783 784
f 694 784 697
f 694 696 782
f 695 781 696
f 696 781 785
f 696 785 782
f 697 784 786
f 697 786 787
f 697 787 788
f 697 788 699
f 697 699 698
f 700 702 789
f 700 789 790
f 700 790 791
f 700 791 703
f 701 705 792
f 701 792 702
f 702 792 793
f 702 793 794
f 702 794 789
f 703 791 795
f 703 795 796
f 703 796 704
f 704 796 798
f 704 798 799
f 704 799 797
f 705 800 792
f 705 717 801
f 705 801 800
f 706 708 710
f 707 709 802
f 707 802 710
f 707 710 708
f 709 732 803
f 709 803 804
f 709 804 805
f 709 805 806
f 709 806 807
f 709 807 808
f 709 808 710
f 709 710 809
f 709 809 802
f 710 808 807
f 710 807 806
f 710 806 805
f 710 805 810
f 710 810 811
f 710 811 812
f 710 812 813
f 710 813 814
f 710 814 711
f 710 802 809
f 711 814 815
f 711 815 712
f 712 815 713
f 713 815 816
f 713 816 817
f 713 817 818
f 713 818 819
f 713 819 820
f 713 820 714
f 714 820 821
f 714 821 822
f 714 822 715
f 715 822 823
f 715 823 824
f 715 824 716
f 716 824 717
f 717 824 801
f 718 825 722
f 718 722 719
f 718 775 826
f 718 826 827
f 718 827 825
f 719 721 720
f 722 825 828
f 722 828 723
f 723 828 724
f 724 828 829
f 724 829 830
f 724 830 725
f 725 830 831
f 725 831 728
f 726 832 730
f 726 727 729
f 726 729 833
f 726 833 832
f 728 834 835
f 728 835 836
f 728 836 729
f 728 831 834
f 729 836 837
f 729 837 935
f 729 935 833
f 730 832 838
f 730 838 839
f 730 839 804
f 730 804 731
f 731 804 803
f 731 803 732
f 733 840 841
f 733 841 734
f 734 841 842
f 734 842 738
f 735 843 736
f 735 738 844
f 735 844 843
f 736 843 746
f 736 746 745
f 736 745 737
f 738 842 844
f 739 746 845
f 739 845 740
f 740 846 847
f 740 847 741
f 740 845 848
f 740 848 849
f 740 849 850
f 740 850 846
f 741 847 742
f 742 847 743
f 743 851 744
f 743 847 852
f 743 852 853
f 743 853 956
f 743 956 851
f 744 851 855
f 744 855 854
f 746 843 845
f 748 856 749
f 749 856 750
f 750 857 944
f 750 944 840
f 750 856 857
f 751 858 752
f 752 858 859
f 752 859 860
f 752 860 753
f 753 860 754
f 754 860 861
f 754 861 862
f 754 862 863
f 754 863 864
f 754 864 865
f 754 865 755
f 755 865 866
f 755 866 756
f 756 866 757
f 757 867 758
f 757 866 867
f 758 867 761
f 759 761 760
f 760 761 868
f 760 868 869
f 760 869 762
f 761 870 868
f 761 867 871
f 761 871 872
f 761 872 873
f 761 873 870
f 762 869 874
f 762 874 767
f 764 766 768
f 765 767 766
f 766 767 875
f 766 875 876
f 766 876 877
f 766 877 878
f 766 878 768
f 767 874 875
f 768 878 770
f 770 878 771
f 771 878 879
f 771 879 880
f 771 880 773
f 772 774 776
f 773 880 881
f 773 881 774
f 774 881 882
f 774 882 883
f 774 883 776
f 775 778 826
f 776 883 884
f 776 884 777
f 777 885 886
f 777 886 778
f 777 884 887
f 777 887 885
f 778 888 889
f 778 889 890
f 778 890 826
f 778 886 888
f 779 797 798
f 779 798 891
f 779 891 892
f 779 892 893
f 779 893 894
f 779 894 780
f 780 894 895
f 780 895 781
f 781 895 785
f 782 785 895
f 782 895 896
f 782 896 783
f 783 896 784
f 784 897 786
f 784 896 898
f 784 898 899
f 784 899 897
f 786 900 901
f 786 902 787
f 786 897 903
f 786 903 900
f 787 902 788
f 789 794 791
f 789 791 790
f 791 794 795
f 792 800 904
f 792 904 905
f 792 905 906
f 792 906 795
f 792 795 793
f 793 795 794
f 795 906 907
f 795 907 908
f 795 908 909
f 795 909 910
f 795 910 796
f 796 910 798
f 797 799 798
f 798 910 891
f 800 801 824
f 800 824 823
f 800 823 904
f 804 810 805
f 804 839 810
f 810 839 911
f 810 911 912
f 810 912 811
f 811 913 1017
f 811 1017 914
f 811 914 915
f 811 915 812
f 811 912 916
f 811 916 917
f 811 917 918
f 811 918 913
f 812 915 919
f 812 919 920
f 812 920 921
f 812 921 922
f 812 922 923
f 812 923 924
f 812 924 925
f 812 925 813
f 813 925 815
f 813 815 814
f 815 925 816
f 816 925 926
f 816 926 927
f 816 927 817
f 817 927 818
f 818 927 821
f 818 821 820
f 818 820 819
f 821 927 823
f 821 823 822
f 823 927 928
f 823 928 929
f 823 929 930
f 823 930 904
f 825 827 890
f 825 890 828
f 826 890 827
f 828 890 888
f 828 888 931
f 828 931 829
f 829 931 932
f 829 932 933
f 829 933 830
f 830 934 834
f 830 834 831
f 830 933 934
f 832 833 935
f 832 935 838
f 834 936 835
f 834 934 937
f 834 937 936
f 835 936 938
f 835 938 939
f 835 939 836
f 836 939 940
f 836 940 941
f 836 941 837
f 837 941 935
f 838 942 943
f 838 943 911
f 838 911 839
f 838 935 941
f 838 941 942
f 840 944 945
f 840 945 842
f 840 842 841
f 842 945 946
f 842 946 947
f 842 947 844
f 843 844 948
f 843 948 949
f 843 949 950
f 843 950 951
f 843 951 952
f 843 952 953
f 843 953 848
f 843 848 845
f 844 947 948
f 846 954 955
f 846 955 960
f 846 960 956
f 846 956 853
f 846 853 852
f 846 852 847
f 846 850 957
f 846 957 958
f 846 958 954
f 848 953 849
f 849 953 850
f 850 953 957
f 851 959 855
f 851 956 960
f 851 960 961
f 851 961 962
f 851 962 963
f 851 963 959
f 854 855 965
f 854 965 964
f 855 959 965
f 856 966 900
f 856 900 857
f 857 903 944
f 857 900 903
f 859 861 860
f 862 967 863
f 863 967 864
f 864 968 969
f 864 969 970
f 864 970 971
f 864 971 972
f 864 972 865
f 864 967 968
f 865 972 866
f 866 972 973
f 866 973 867
f 867 973 974
f 867 974 975
f 867 975 871
f 868 870 869
f 869 870 874
f 870 873 976
f 870 976 977
f 870 977 978
f 870 978 874
f 871 975 872
f 872 975 979
f 872 979 980
f 872 980 976
f 872 976 873
f 874 978 981
f 874 981 876
f 874 876 875
f 876 981 982
f 876 982 877
f 877 983 878
f 877 982 984
f 877 984 985
f 877 985 983
f 878 983 879
f 879 983 880
f 880 983 881
f 881 986 987
f 881 987 882
f 881 983 986
f 882 987 988
f 882 988 989
f 882 989 883
f 883 989 990
f 883 990 884
f 884 990 991
f 884 991 887
f 885 887 886
f 886 887 992
f 886 992 888
f 887 991 993
f 887 993 994
f 887 994 995
f 887 995 996
f 887 996 992
f 888 890 997
f 888 997 889
f 888 992 931
f 889 997 890
f 891 910 998
f 891 998 999
f 891 999 1000
f 891 1000 892
f 892 1000 893
f 893 1000 894
f 894 1000 1001
f 894 1001 895
f 895 1001 896
f 896 1001 1002
f 896 1002 944
f 896 944 898
f 897 944 903
f 897 899 944
f 898 944 899
f 900 966 1003
f 900 1003 901
f 904 930 1004
f 904 1004 1005
f 904 1005 1006
f 904 1006 905
f 905 1006 1007
f 905 1007 906
f 906 1007 1008
f 906 1008 907
f 907 1008 1009
f 907 1009 1010
f 907 1010 908
f 908 1010 1011
f 908 1011 909
f 909 1011 910
f 910 1011 998
f 911 943 912
f 912 943 942
f 912 942 941
f 912 941 940
f 912 940 1012
f 912 1012 1013
f 912 1013 1014
f 912 1014 1015
f 912 1015 1016
f 912 1016 916
f 913 918 917
f 913 917 916
f 913 916 1018
f 913 1018 1019
f 913 1019 1017
f 914 1017 1020
f 914 1020 1021
f 914 1021 1022
f 914 1022 915
f 915 1022 1021
f 915 1021 919
f 916 1016 1018
f 919 1023 1024
f 919 1024 920
f 919 1021 1019
f 919 1019 1025
f 919 1025 1023
f 920 1024 921
f 921 1024 922
f 922 1024 1026
f 922 1026 923
f 923 1026 1027
f 923 1027 924
f 924 1027 925
f 925 1027 926
f 926 1027 1028
f 926 1028 1029
f 926 1029 1030
f 926 1030 927
f 927 1030 1029
f 927 1029 1031
f 927 1031 1032
f 927 1032 928
f 928 1032 1033
f 928 1033 1034
f 928 1034 1035
f 928 1035 929
f 929 1035 1036
f 929 1036 1037
f 929 1037 1004
f 929 1004 930
f 931 992 996
f 931 996 1038
f 931 1038 932
f 932 1038 1039
f 932 1039 933
f 933 1039 1040
f 933 1040 1041
f 933 1041 934
f 934 1041 937
f 936 937 938
f 937 1041 1042
f 937 1042 938
f 938 1042 939
f 939 1013 1012
f 939 1012 940
f 939 1042 1014
f 939 1014 1043
f 939 1043 1044
f 939 1044 1013
f 944 1002 947
f 944 947 946
f 944 946 945
f 947 1002 1001
f 947 1001 1045
f 947 1045 949
f 947 949 948
f 949 1045 950
f 950 1046 1047
f 950 1047 951
f 950 1045 1046
f 951 1047 952
f 952 1048 953
f 952 1047 1048
f 953 1048 1049
f 953 1049 957
f 954 1050 1051
f 954 1051 955
f 954 958 1049
f 954 1049 1052
f 954 1052 1053
f 954 1053 1050
f 955 1051 1054
f 955 1054 960
f 957 1049 958
f 959 1055 1056
f 959 1056 965
f 959 963 1057
f 959 1057 1058
f 959 1058 1055
f 960 1054 1059
f 960 1059 1060
f 960 1060 961
f 961 1060 962
f 962 1060 1061
f 962 1061 1062
f 962 1062 1063
f 962 1063 963
f 963 1063 1057
f 964 965 1065
f 964 1065 1066
f 964 1066 1064
f 965 1056 1065
f 968 1067 969
f 969 1067 1068
f 969 1068 1069
f 969 1069 970
f 970 1069 1070
f 970 1070 1071
f 970 1071 1072
f 970 1072 1073
f 970 1073 1074
f 970 1074 971
f 971 1074 1075
f 971 1075 972
f 972 1075 973
f 973 1075 974
f 974 1075 1076
f 974 1076 975
f 975 1076 1077
f 975 1077 979
f 976 980 977
f 977 980 1078
f 977 1078 1079
f 977 1079 1080
f 977 1080 978
f 978 1080 1081
f 978 1081 981
f 979 1082 980
f 979 1077 1083
f 979 1083 1082
f 980 1082 1078
f 981 1081 982
f 982 1081 1084
f 982 1084 984
f 983 985 986
f 984 1084 1085
f 984 1085 985
f 985 1086 986
f 985 1085 1087
f 985 1087 1088
f 985 1088 1086
f 986 1086 987
f 987 1086 1089
f 987 1089 988
f 988 990 989
f 988 1089 1090
f 988 1090 1091
f 988 1091 990
f 990 1091 1092
f 990 1092 991
f 991 1092 1093
f 991 1093 1094
f 991 1094 993
f 993 1095 994
f 993 1094 1096
f 993 1096 1095
f 994 1095 1097
f 994 1097 1098
f 994 1098 1099
f 994 1099 1100
f 994 1100 995
f 995 1100 996
f 996 1100 1038
f 998 1011 1101
f 998 1101 999
f 999 1101 1102
f 999 1102 1000
f 1000 1102 1103
f 1000 1103 1001
f 1001 1103 1047
f 1001 1047 1046
f 1001 1046 1045
f 1004 1037 1104
f 1004 1104 1005
f 1005 1104 1105
f 1005 1105 1106
f 1005 1106 1107
f 1005 1107 1006
f 1006 1107 1009
f 1006 1009 1007
f 1007 1009 1008
f 1009 1108 1109
f 1009 1109 1010
f 1009 1107 1108
f 1010 1109 1011
f 1011 1109 1110
f 1011 1110 1111
f 1011 1111 1112
f 1011 1112 1101
f 1013 1044 1043
f 1013 1043 1014
f 1014 1042 1113
f 1014 1113 1114
f 1014 1114 1015
f 1015 1114 1115
f 1015 1115 1018
f 1015 1018 1016
f 1017 1019 1020
f 1018 1115 1116
f 1018 1116 1117
f 1018 1117 1118
f 1018 1118 1019
f 1019 1118 1025
f 1019 1021 1020
f 1023 1025 1119
f 1023 1119 1120
f 1023 1120 1121
f 1023 1121 1024
f 1024 1027 1026
f 1024 1121 1027
f 1025 1118 1122
f 1025 1122 1120
f 1025 1120 1119
f 1027 1121 1123
f 1027 1123 1124
f 1027 1124 1125
f 1027 1125 1126
f 1027 1126 1028
f 1028 1126 1029
f 1029 1127 1033
f 1029 1033 1031
f 1029 1126 1128
f 1029 1128 1127
f 1031 1033 1032
f 1033 1035 1034
f 1033 1127 1129
f 1033 1129 1035
f 1035 1129 1036
f 1036 1129 1130
f 1036 1130 1104
f 1036 1104 1037
f 1038 1100 1131
f 1038 1131 1132
f 1038 1132 1039
f 1039 1132 1133
f 1039 1133 1040
f 1040 1133 1134
f 1040 1134 1113
f 1040 1113 1041
f 1041 1113 1042
f 1047 1103 1048
f 1048 1135 1049
f 1048 1103 1135
f 1049 1135 1111
f 1049 1111 1052
f 1050 1136 1051
f 1050 1053 1136
f 1051 1136 1059
f 1051 1059 1054
f 1052 1111 1053
f 1053 1111 1110
f 1053 1110 1137
f 1053 1137 1138
f 1053 1138 1139
f 1053 1139 1136
f 1055 1058 1140
f 1055 1140 1141
f 1055 1141 1142
f 1055 1142 1056
f 1056 1142 1143
f 1056 1143 1065
f 1057 1144 1058
f 1057 1063 1144
f 1058 1145 1140
f 1058 1144 1146
f 1058 1146 1147
f 1058 1147 1145
f 1059 1136 1060
f 1060 1136 1139
f 1060 1139 1061
f 1061 1139 1062
f 1062 1139 1063
f 1063 1139 1148
f 1063 1148 1149
f 1063 1149 1144
f 1064 1066 1150
f 1065 1143 1066
f 1066 1143 1151
f 1066 1151 1152
f 1066 1152 1153
f 1066 1153 1150
f 1070 1154 1072
f 1070 1072 1071
f 1072 1154 1155
f 1072 1155 1156
f 1072 1156 1157
f 1072 1157 1158
f 1072 1158 1159
f 1072 1159 1160
f 1072 1160 1073
f 1073 1160 1074
f 1074 1160 1076
f 1074 1076 1075
f 1076 1160 1077
f 1077 1160 1159
f 1077 1159 1083
f 1078 1082 1161
f 1078 1161 1079
f 1079 1161 1162
f 1079 1162 1163
f 1079 1163 1080
f 1080 1164 1084
f 1080 1084 1081
f 1080 1163 1164
f 1082 1083 1165
f 1082 1165 1161
f 1083 1159 1158
f 1083 1158 1165
f 1084 1164 1085
f 1085 1164 1166
f 1085 1166 1087
f 1086 1088 1167
f 1086 1167 1089
f 1087 1166 1168
f 1087 1168 1088
f 1088 1168 1169
f 1088 1169 1167
f 1089 1167 1170
f 1089 1170 1090
f 1090 1170 1171
f 1090 1171 1172
f 1090 1172 1091
f 1091 1172 1092
f 1092 1172 1093
f 1093 1172 1173
f 1093 1173 1094
f 1094 1173 1174
f 1094 1174 1175
f 1094 1175 1096
f 1095 1096 1097
f 1096 1175 1176
f 1096 1176 1177
f 1096 1177 1098
f 1096 1098 1097
f 1098 1178 1099
f 1098 1177 1178
f 1099 1178 1179
f 1099 1179 1131
f 1099 1131 1100
f 1101 1112 1102
f 1102 1112 1135
f 1102 1135 1103
f 1104 1130 1180
f 1104 1180 1181
f 1104 1181 1182
f 1104 1182 1183
f 1104 1183 1184
f 1104 1184 1185
f 1104 1185 1186
f 1104 1186 1105
f 1105 1186 1106
f 1106 1186 1107
f 1107 1186 1187
f 1107 1187 1108
f 1108 1187 1188
f 1108 1188 1189
f 1108 1189 1190
f 1108 1190 1137
f 1108 1137 1109
f 1109 1137 1110
f 1111 1135 1112
f 1113 1134 1114
f 1114 1134 1191
f 1114 1191 1115
f 1115 1191 1192
f 1115 1192 1116
f 1116 1192 1193
f 1116 1193 1194
f 1116 1194 1117
f 1117 1194 1195
f 1117 1195 1196
f 1117 1196 1197
f 1117 1197 1118
f 1118 1197 1122
f 1120 1122 1197
f 1120 1197 1198
f 1120 1198 1121
f 1121 1198 1199
f 1121 1199 1200
f 1121 1200 1123
f 1123 1200 1199
f 1123 1199 1201
f 1123 1201 1124
f 1124 1201 1125
f 1125 1201 1202
f 1125 1202 1126
f 1126 1202 1203
f 1126 1203 1128
f 1127 1128 1203
f 1127 1203 1129
f 1129 1203 1204
f 1129 1204 1180
f 1129 1180 1130
f 1131 1205 1132
f 1131 1179 1205
f 1132 1205 1206
f 1132 1206 1133
f 1133 1206 1207
f 1133 1207 1208
f 1133 1208 1209
f 1133 1209 1134
f 1134 1209 1191
f 1137 1190 1210
f 1137 1210 1211
f 1137 1211 1138
f 1138 1211 1139
f 1139 1211 1210
f 1139 1210 1148
f 1140 1145 1147
f 1140 1147 1212
f 1140 1212 1213
f 1140 1213 1141
f 1141 1214 1215
f 1141 1215 1216
f 1141 1216 1142
f 1141 1213 1214
f 1142 1216 1217
f 1142 1217 1143
f 1143 1217 1151
f 1144 1149 1218
f 1144 1218 1146
f 1146 1218 1219
f 1146 1219 1147
f 1147 1219 1182
f 1147 1182 1181
f 1147 1181 1212
f 1148 1210 1149
f 1149 1210 1220
f 1149 1220 1221
f 1149 1221 1219
f 1149 1219 1218
f 1151 1217 1222
f 1151 1222 1152
f 1152 1222 1223
f 1152 1223 1224
f 1152 1224 1153
f 1153 1224 1225
f 1155 1226 1156
f 1156 1226 1227
f 1156 1227 1228
f 1156 1228 1157
f 1157 1228 1229
f 1157 1229 1158
f 1158 1230 1165
f 1158 1229 1231
f 1158 1231 1230
f 1161 1165 1232
f 1161 1232 1162
f 1162 1232 1233
f 1162 1233 1234
f 1162 1234 1163
f 1163 1235 1166
f 1163 1166 1164
f 1163 1234 1235
f 1165 1230 1232
f 1166 1235 1168
f 1167 1169 1236
f 1167 1236 1170
f 1168 1235 1237
f 1168 1237 1169
f 1169 1237 1238
f 1169 1238 1236
f 1170 1236 1239
f 1170 1239 1171
f 1171 1240 1173
f 1171 1173 1172
f 1171 1239 1241
f 1171 1241 1242
f 1171 1242 1240
f 1173 1240 1174
f 1174 1240 1175
f 1175 1240 1243
f 1175 1243 1176
f 1176 1244 1245
f 1176 1245 1246
f 1176 1246 1177
f 1176 1243 1247
f 1176 1247 1248
f 1176 1248 1244
f 1177 1246 1178
f 1178 1249 1179
f 1178 1246 1250
f 1178 1250 1249
f 1179 1249 1251
f 1179 1251 1205
f 1180 1204 1252
f 1180 1252 1181
f 1181 1252 1212
f 1182 1219 1253
f 1182 1253 1254
f 1182 1254 1185
f 1182 1185 1184
f 1182 1184 1183
f 1185 1254 1186
f 1186 1254 1187
f 1187 1254 1188
f 1188 1254 1253
f 1188 1253 1221
f 1188 1221 1189
f 1189 1221 1220
f 1189 1220 1190
f 1190 1220 1210
f 1191 1209 1255
f 1191 1255 1256
f 1191 1256 1257
f 1191 1257 1192
f 1192 1257 1193
f 1193 1257 1258
f 1193 1258 1259
f 1193 1259 1194
f 1194 1259 1195
f 1195 1259 1260
f 1195 1260 1261
f 1195 1261 1262
f 1195 1262 1196
f 1196 1262 1197
f 1197 1263 1198
f 1197 1262 1264
f 1197 1264 1263
f 1198 1263 1199
f 1199 1263 1201
f 1201 1263 1265
f 1201 1265 1202
f 1202 1265 1266
f 1202 1266 1267
f 1202 1267 1268
f 1202 1268 1203
f 1203 1268 1269
f 1203 1269 1204
f 1204 1269 1270
f 1204 1270 1252
f 1205 1251 1271
f 1205 1271 1206
f 1206 1271 1207
f 1207 1272 1208
f 1207 1271 1273
f 1207 1273 1274
f 1207 1274 1275
f 1207 1275 1272
f 1208 1272 1209
f 1209 1272 1276
f 1209 1276 1255
f 1212 1252 1213
f 1213 1277 1278
f 1213 1278 1214
f 1213 1252 1270
f 1213 1270 1277
f 1214 1278 1215
f 1215 1262 1279
f 1215 1279 1280
f 1215 1280 1216
f 1215 1278 1264
f 1215 1264 1262
f 1216 1280 1281
f 1216 1281 1217
f 1217 1281 1282
f 1217 1282 1222
f 1219 1221 1253
f 1222 1282 1223
f 1223 1283 1284
f 1223 1284 1224
f 1223 1282 1285
f 1223 1285 1283
f 1224 1284 1286
f 1224 1286 1287
f 1224 1287 1225
f 1226 1288 1227
f 1227 1288 1289
f 1227 1289 1290
f 1227 1290 1231
f 1227 1231 1229
f 1227 1229 1228
f 1230 1231 1232
f 1231 1291 1292
f 1231 1292 1293
f 1231 1293 1294
f 1231 1294 1295
f 1231 1295 1232
f 1231 1290 1291
f 1232 1295 1233
f 1233 1296 1234
f 1233 1295 1294
f 1233 1294 1296
f 1234 1296 1297
f 1234 1297 1235
f 1235 1297 1237
f 1236 1238 1298
f 1236 1298 1239
f 1237 1297 1299
f 1237 1299 1238
f 1238 1299 1300
f 1238 1300 1298
f 1239 1298 1241
f 1240 1242 1243
f 1241 1298 1301
f 1241 1301 1302
f 1241 1302 1242
f 1242 1302 1303
f 1242 1303 1247
f 1242 1247 1243
f 1244 1304 1305
f 1244 1305 1245
f 1244 1248 1306
f 1244 1306 1304
f 1245 1305 1246
f 1246 1305 1250
f 1247 1303 1307
f 1247 1307 1248
f 1248 1307 1308
f 1248 1308 1306
f 1249 1273 1251
f 1249 1250 1309
f 1249 1309 1310
f 1249 1310 1273
f 1250 1305 1309
f 1251 1273 1271
f 1255 1276 1256
f 1256 1276 1311
f 1256 1311 1312
f 1256 1312 1313
f 1256 1313 1314
f 1256 1314 1258
f 1256 1258 1257
f 1258 1314 1315
f 1258 1315 1259
f 1259 1315 1260
f 1260 1316 1261
f 1260 1315 1317
f 1260 1317 1316
f 1261 1279 1262
f 1261 1316 1318
f 1261 1318 1279
f 1263 1264 1278
f 1263 1278 1265
f 1265 1278 1277
f 1265 1277 1270
f 1265 1270 1266
f 1266 1270 1267
f 1267 1270 1268
f 1268 1270 1269
f 1272 1311 1276
f 1272 1275 1274
f 1272 1274 1312
f 1272 1312 1311
f 1273 1310 1319
f 1273 1319 1274
f 1274 1320 1312
f 1274 1319 1320
f 1279 1318 1280
f 1280 1318 1321
f 1280 1321 1281
f 1281 1321 1322
f 1281 1322 1285
f 1281 1285 1282
f 1283 1323 1324
f 1283 1324 1325
f 1283 1325 1284
f 1283 1285 1322
f 1283 1322 1323
f 1284 1325 1326
f 1284 1326 1327
f 1284 1327 1286
f 1286 1328 1287
f 1286 1327 1328
f 1289 1329 1290
f 1290 1329 1330
f 1290 1330 1331
f 1290 1331 1291
f 1291 1331 1292
f 1292 1331 1332
f 1292 1332 1333
f 1292 1333 1334
f 1292 1334 1293
f 1293 1334 1294
f 1294 1334 1296
f 1296 1335 1336
f 1296 1336 1297
f 1296 1334 1335
f 1297 1336 1299
f 1298 1300 1337
f 1298 1337 1301
f 1299 1336 1338
f 1299 1338 1300
f 1300 1338 1339
f 1300 1339 1337
f 1301 1337 1340
f 1301 1340 1302
f 1302 1340 1341
f 1302 1341 1303
f 1303 1341 1307
f 1304 1342 1305
f 1304 1306 1342
f 1305 1342 1343
f 1305 1343 1344
f 1305 1344 1309
f 1306 1345 1343
f 1306 1343 1342
f 1306 1308 1346
f 1306 1346 1345
f 1307 1341 1347
f 1307 1347 1308
f 1308 1347 1348
f 1308 1348 1346
f 1309 1344 1310
f 1310 1344 1349
f 1310 1349 1319
f 1312 1320 1350
f 1312 1350 1313
f 1313 1350 1351
f 1313 1351 1352
f 1313 1352 1353
f 1313 1353 1315
f 1313 1315 1314
f 1315 1353 1317
f 1316 1317 1354
f 1316 1354 1355
f 1316 1355 1318
f 1317 1353 1356
f 1317 1356 1354
f 1318 1355 1321
f 1319 1349 1357
f 1319 1357 1358
f 1319 1358 1320
f 1320 1358 1359
f 1320 1359 1350
f 1321 1355 1360
f 1321 1360 1324
f 1321 1324 1323
f 1321 1323 1322
f 1324 1361 1362
f 1324 1362 1363
f 1324 1363 1364
f 1324 1364 1365
f 1324 1365 1325
f 1324 1360 1366
f 1324 1366 1361
f 1325 1365 1367
f 1325 1367 1326
f 1326 1367 1368
f 1326 1368 1327
f 1327 1368 1369
f 1327 1369 1328
f 1329 1370 1330
f 1330 1370 1371
f 1330 1371 1332
f 1330 1332 1331
f 1332 1371 1372
f 1332 1372 1373
f 1332 1373 1333
f 1333 1374 1375
f 1333 1375 1376
f 1333 1376 1334
f 1333 1373 1377
f 1333 1377 1374
f 1334 1376 1335
f 1335 1376 1378
f 1335 1378 1336
f 1336 1378 1338
f 1337 1339 1379
f 1337 1379 1380
f 1337 1380 1340
f 1338 1378 1381
f 1338 1381 1339
f 1339 1381 1379
f 1340 1380 1341
f 1341 1380 1382
f 1341 1382 1347
f 1343 1345 1383
f 1343 1383 1384
f 1343 1384 1344
f 1344 1384 1349
f 1345 1346 1383
f 1346 1348 1385
f 1346 1385 1386
f 1346 1386 1387
f 1346 1387 1388
f 1346 1388 1383
f 1347 1382 1389
f 1347 1389 1348
f 1348 1389 1390
f 1348 1390 1385
f 1349 1384 1391
f 1349 1391 1357
f 1350 1359 1392
f 1350 1392 1351
f 1351 1392 1393
f 1351 1393 1394
f 1351 1394 1395
f 1351 1395 1396
f 1351 1396 1397
f 1351 1397 1398
f 1351 1398 1352
f 1352 1398 1356
f 1352 1356 1353
f 1354 1356 1399
f 1354 1399 1366
f 1354 1366 1355
f 1355 1366 1360
f 1356 1398 1400
f 1356 1400 1399
f 1357 1359 1358
f 1357 1391 1401
f 1357 1401 1402
f 1357 1402 1359
f 1359 1393 1392
f 1359 1402 1401
f 1359 1401 1403
f 1359 1403 1394
f 1359 1394 1393
f 1361 1399 1400
f 1361 1400 1404
f 1361 1404 1405
f 1361 1405 1362
f 1361 1366 1399
f 1362 1405 1363
f 1363 1405 1406
f 1363 1406 1364
f 1364 1407 1408
f 1364 1408 1409
f 1364 1409 1410
f 1364 1410 1411
f 1364 1411 1367
f 1364 1367 1365
f 1364 1406 1407
f 1367 1411 1368
f 1368 1411 1412
f 1368 1412 1413
f 1368 1413 1414
f 1368 1414 1415
f 1368 1415 1369
f 1370 1416 1371
f 1371 1416 1372
f 1372 1416 1417
f 1372 1417 1418
f 1372 1418 1373
f 1373 1418 1377
f 1374 1419 1420
f 1374 1420 1375
f 1374 1377 1421
f 1374 1421 1419
f 1375 1420 1381
f 1375 1381 1378
f 1375 1378 1376
f 1377 1418 1422
f 1377 1422 1421
f 1379 1381 1423
f 1379 1423 1380
f 1380 1423 1424
f 1380 1424 1425
f 1380 1425 1382
f 1381 1420 1423
f 1382 1425 1426
f 1382 1426 1389
f 1383 1388 1384
f 1384 1388 1391
f 1385 1390 1427
f 1385 1427 1386
f 1386 1428 1429
f 1386 1429 1387
f 1386 1427 1430
f 1386 1430 1431
f 1386 1431 1428
f 1387 1429 1388
f 1388 1432 1391
f 1388 1429 1432
f 1389 1426 1433
f 1389 1433 1434
f 1389 1434 1390
f 1390 1434 1427
f 1391 1432 1401
f 1394 1403 1435
f 1394 1435 1395
f 1395 1435 1436
f 1395 1436 1437
f 1395 1437 1438
f 1395 1438 1439
f 1395 1439 1396
f 1396 1439 1440
f 1396 1440 1397
f 1397 1440 1398
f 1398 1440 1400
f 1400 1440 1404
f 1401 1432 1441
f 1401 1441 1403
f 1403 1436 1435
f 1403 1441 1442
f 1403 1442 1443
f 1403 1443 1444
f 1403 1444 1445
f 1403 1445 1436
f 1404 1440 1446
f 1404 1446 1447
f 1404 1447 1405
f 1405 1447 1406
f 1406 1447 1407
f 1407 1447 1448
f 1407 1448 1408
f 1408 1448 1449
f 1408 1449 1409
f 1409 1450 1451
f 1409 1451 1452
f 1409 1452 1453
f 1409 1453 1454
f 1409 1454 1455
f 1409 1455 1410
f 1409 1449 1450
f 1410 1455 1456
f 1410 1456 1412
f 1410 1412 1411
f 1417 1457 1418
f 1418 1457 1422
f 1419 1421 1458
f 1419 1458 1459
f 1419 1459 1420
f 1420 1459 1423
f 1421 1460 1458
f 1421 1422 1461
f 1421 1461 1460
f 1422 1457 1461
f 1423 1459 1424
f 1424 1459 1462
f 1424 1462 1425
f 1425 1462 1463
f 1425 1463 1426
f 1426 1463 1433
f 1427 1434 1430
f 1428 1442 1441
f 1428 1441 1429
f 1428 1431 1464
f 1428 1464 1465
f 1428 1465 1442
f 1429 1441 1432
f 1430 1466 1467
f 1430 1467 1431
f 1430 1434 1468
f 1430 1468 1469
f 1430 1469 1466
f 1431 1467 1464
f 1433 1463 1470
f 1433 1470 1434
f 1434 1470 1468
f 1436 1445 1471
f 1436 1471 1437
f 1437 1471 1472
f 1437 1472 1473
f 1437 1473 1438
f 1438 1473 1439
f 1439 1473 1474
f 1439 1474 1446
f 1439 1446 1440
f 1442 1465 1443
f 1443 1475 1444
f 1443 1465 1476
f 1443 1476 1477
f 1443 1477 1478
f 1443 1478 1479
f 1443 1479 1475
f 1444 1475 1471
f 1444 1471 1445
f 1446 1474 1447
f 1447 1474 1480
f 1447 1480 1448
f 1448 1450 1449
f 1448 1480 1450
f 1450 1480 1481
f 1450 1481 1482
f 1450 1482 1483
f 1450 1483 1484
f 1450 1484 1452
f 1450 1452 1451
f 1452 1485 1486
f 1452 1486 1487
f 1452 1487 1488
f 1452 1488 1453
f 1452 1484 1485
f 1457 1489 1461
f 1458 1460 1490
f 1458 1490 1462
f 1458 1462 1459
f 1460 1491 1490
f 1460 1461 1492
f 1460 1492 1491
f 1461 1489 1493
f 1461 1493 1492
f 1462 1490 1463
f 1463 1490 1494
f 1463 1494 1470
f 1464 1467 1495
f 1464 1495 1476
f 1464 1476 1465
f 1466 1496 1467
f 1466 1469 1468
f 1466 1468 1497
f 1466 1497 1498
f 1466 1498 1499
f 1466 1499 1496
f 1467 1496 1495
f 1468 1494 1500
f 1468 1500 1501
f 1468 1501 1502
f 1468 1502 1497
f 1468 1470 1494
f 1471 1475 1503
f 1471 1503 1504
f 1471 1504 1505
f 1471 1505 1472
f 1472 1505 1483
f 1472 1483 1482
f 1472 1482 1473
f 1473 1482 1481
f 1473 1481 1480
f 1473 1480 1474
f 1475 1479 1506
f 1475 1506 1503
f 1476 1495 1496
f 1476 1496 1499
f 1476 1499 1478
f 1476 1478 1477
f 1478 1499 1507
f 1478 1507 1508
f 1478 1508 1479
f 1479 1503 1506
f 1479 1508 1509
f 1479 1509 1510
f 1479 1510 1511
f 1479 1511 1503
f 1483 1505 1504
f 1483 1504 1512
f 1483 1512 1513
f 1483 1513 1485
f 1483 1485 1484
f 1485 1513 1486
f 1486 1513 1514
f 1486 1514 1487
f 1489 1515 1493
f 1490 1491 1494
f 1491 1500 1494
f 1491 1492 1516
f 1491 1516 1500
f 1492 1493 1517
f 1492 1517 1516
f 1493 1515 1517
f 1497 1502 1518
f 1497 1518 1498
f 1498 1518 1519
f 1498 1519 1499
f 1499 1519 1507
f 1500 1516 1520
f 1500 1520 1501
f 1501 1520 1521
f 1501 1521 1502
f 1502 1521 1518
f 1503 1512 1504
f 1503 1511 1522
f 1503 1522 1512
f 1507 1519 1523
f 1507 1523 1524
f 1507 1524 1509
f 1507 1509 1508
f 1509 1524 1525
f 1509 1525 1526
f 1509 1526 1527
f 1509 1527 1510
f 1510 1527 1528
f 1510 1528 1522
f 1510 1522 1511
f 1512 1522 1529
f 1512 1529 1513
f 1513 1529 1530
f 1513 1530 1531
f 1513 1531 1532
f 1513 1532 1514
f 1515 1533 1517
f 1516 1517 1520
f 1517 1534 1520
f 1517 1533 1535
f 1517 1535 1536
f 1517 1536 1534
f 1518 1521 1519
f 1519 1521 1523
f 1520 1534 1521
f 1521 1534 1523
f 1522 1528 1537
f 1522 1537 1531
f 1522 1531 1530
f 1522 1530 1529
f 1523 1534 1538
f 1523 1538 1539
f 1523 1539 1540
f 1523 1540 1524
f 1524 1540 1525
f 1525 1540 1541
f 1525 1527 1526
f 1534 1536 1538
f 1536 1542 1539
f 1536 1539 1538
f 1539 1542 1541
f 1539 1541 1540

