# https://github.com/mikedh/trimesh
v -0.00492726 -0.00892286 -0.00510114
v -0.00492799 -0.00895789 -0.00505396
v -0.00492799 -0.00901381 -0.00499472
v -0.00492799 -0.00912905 -0.00487403
v -0.00492799 -0.00917085 -0.00483783
v -0.00492799 -0.00920022 -0.00481918
v -0.00492799 -0.00940754 -0.00475774
v -0.00492799 -0.00941432 -0.00475664
v -0.00492726 -0.01006112 -0.00510114
v -0.00492726 -0.00608033 -0.00865036
v -0.00658605 -0.00917819 0.00206642
v -0.00654514 -0.00931885 0.00206642
v -0.00652907 -0.00941432 0.00206642
v -0.00492799 -0.00967247 -0.00475993
v -0.00652907 -0.00967247 0.00206642
v -0.00492726 -0.01005716 -0.00514503
v -0.00492799 -0.00990973 -0.00482137
v -0.00492799 -0.00998655 -0.00488830
v -0.00492799 -0.01002892 -0.00493767
v -0.00492799 -0.01006281 -0.00504738
v -0.00492799 -0.01006281 -0.00507262
v -0.00511571 -0.01006281 -0.00492560
v -0.00492726 -0.00595380 -0.00889831
v -0.00665690 -0.00905392 0.00206642
v -0.00657801 -0.00993176 0.00206642
v -0.00502441 -0.01004926 -0.00510114
v -0.00492726 -0.01003909 -0.00525254
v -0.00662987 -0.01006620 0.00206642
v -0.00687822 -0.01007129 0.00116019
v -0.00687822 -0.01007129 -0.00116134
v -0.00590237 -0.01006620 -0.00392392
v -0.00536113 -0.01006112 -0.00465680
v -0.00528736 -0.01004813 -0.00482905
v -0.00547800 -0.00998486 -0.00502983
v -0.00521286 -0.01001875 -0.00510114
v -0.00492726 -0.00596227 -0.00893781
v -0.00641659 -0.00430093 -0.00896195
v -0.00641805 -0.00430093 -0.00889831
v -0.00637934 -0.00438284 -0.00876666
v -0.01061358 -0.00430093 0.00206642
v -0.00522016 -0.00998655 -0.00528765
v -0.00496232 -0.00998373 -0.00554548
v -0.00492726 -0.00998938 -0.00554328
v -0.00668319 -0.01006620 0.00206642
v -0.00695345 -0.01007129 0.00116019
v -0.00695345 -0.01007129 -0.00116134
v -0.00669196 -0.01006846 -0.00219374
v -0.00642024 -0.01006620 -0.00296722
v -0.00616021 -0.01006564 -0.00348287
v -0.00612807 -0.01005999 -0.00361782
v -0.00607475 -0.01004926 -0.00379007
v -0.00625225 -0.00998825 -0.00399743
v -0.00599076 -0.01003852 -0.00400511
v -0.00599441 -0.01000519 -0.00425525
v -0.00574241 -0.01004700 -0.00427939
v -0.00573657 -0.01001593 -0.00451308
v -0.00573657 -0.00997808 -0.00477200
v -0.00573657 -0.00993797 -0.00502983
v -0.00547800 -0.00997356 -0.00510114
v -0.00547800 -0.00994306 -0.00528765
v -0.00504048 -0.00589562 -0.00905959
v -0.00637130 -0.00437041 -0.00903875
v -0.00492726 -0.00606678 -0.00908812
v -0.00647210 -0.00430093 -0.00906617
v -0.01222562 -0.00430093 0.00206642
v -0.00522016 -0.00994136 -0.00554548
v -0.00496232 -0.00993797 -0.00580331
v -0.00492726 -0.00994870 -0.00576929
v -0.00692131 -0.01003287 0.00206642
v -0.00691328 -0.01006281 0.00161221
v -0.00693592 -0.01006846 0.00141802
v -0.00708273 -0.01004417 0.00116019
v -0.00728433 -0.01001367 0.00064454
v -0.00728433 -0.01001875 0.00038671
v -0.00728433 -0.01002045 0.00012889
v -0.00728433 -0.01001988 -0.00012894
v -0.00728433 -0.01001819 -0.00038677
v -0.00728433 -0.01001367 -0.00064569
v -0.00708273 -0.01004417 -0.00116134
v -0.00693592 -0.01006846 -0.00141807
v -0.00666712 -0.01006507 -0.00240220
v -0.00638810 -0.01006055 -0.00311094
v -0.00651008 -0.00996848 -0.00373960
v -0.00622887 -0.01002779 -0.00371766
v -0.00651008 -0.00999672 -0.00348287
v -0.00651008 -0.00993628 -0.00399743
v -0.00625225 -0.00995492 -0.00425525
v -0.00599441 -0.00996961 -0.00451308
v -0.00599441 -0.00992950 -0.00477200
v -0.00573657 -0.00992441 -0.00510114
v -0.00573657 -0.00988883 -0.00528765
v -0.00547800 -0.00988996 -0.00554548
v -0.00492726 -0.00608146 -0.00909251
v -0.00651081 -0.00430093 -0.00908263
v -0.00649109 -0.00430093 -0.00907605
v -0.01219714 -0.00438340 0.00206642
v -0.01224973 -0.00430093 0.00192489
v -0.01217522 -0.00451502 0.00193367
v -0.00492726 -0.00994249 -0.00580331
v -0.00522016 -0.00988600 -0.00580331
v -0.00496232 -0.00987753 -0.00606113
v -0.00492726 -0.00988431 -0.00606113
v -0.00702576 -0.01001141 0.00206642
v -0.00702576 -0.01001988 0.00193367
v -0.00728433 -0.00996226 0.00193367
v -0.00728433 -0.00997638 0.00167584
v -0.00728433 -0.00998938 0.00141802
v -0.00728433 -0.00999954 0.00116019
v -0.00754217 -0.00995435 0.00064454
v -0.00754217 -0.00995944 0.00038671
v -0.00754217 -0.00996057 0.00012889
v -0.00754217 -0.00996000 -0.00012894
v -0.00754217 -0.00995887 -0.00038677
v -0.00754217 -0.00995435 -0.00064569
v -0.00728433 -0.00999954 -0.00116134
v -0.00728433 -0.00998938 -0.00141807
v -0.00728433 -0.00997525 -0.00167809
v -0.00728433 -0.00996113 -0.00193592
v -0.00691328 -0.01006281 -0.00161336
v -0.00675989 -0.01003965 -0.00247351
v -0.00676792 -0.01001875 -0.00270939
v -0.00654880 -0.01004078 -0.00296722
v -0.00702649 -0.01001932 -0.00193592
v -0.00702649 -0.01000293 -0.00219374
v -0.00676792 -0.00999616 -0.00296722
v -0.00676792 -0.00997017 -0.00322505
v -0.00676792 -0.00994193 -0.00348287
v -0.00676792 -0.00986849 -0.00399743
v -0.00651008 -0.00989448 -0.00425525
v -0.00625225 -0.00991651 -0.00451308
v -0.00676792 -0.00990973 -0.00373960
v -0.00599441 -0.00987866 -0.00502983
v -0.00598345 -0.00982556 -0.00527010
v -0.00588996 -0.00980918 -0.00544454
v -0.00572707 -0.00983008 -0.00553670
v -0.00599149 -0.00986284 -0.00510114
v -0.00546631 -0.00982838 -0.00579233
v -0.00492726 -0.00631759 -0.00913529
v -0.00672410 -0.00430093 -0.00913529
v -0.01214674 -0.00452632 0.00206642
v -0.01228113 -0.00430093 0.00167584
v -0.01209049 -0.00472799 0.00193367
v -0.01207881 -0.00470144 0.00206642
v -0.01220663 -0.00451502 0.00167584
v -0.00520263 -0.00982499 -0.00604797
v -0.00510476 -0.00980522 -0.00620047
v -0.00496232 -0.00982217 -0.00625423
v -0.00492726 -0.00982612 -0.00626629
v -0.00728433 -0.00995379 0.00206642
v -0.00754217 -0.00992724 0.00141802
v -0.00754217 -0.00993910 0.00116019
v -0.00754217 -0.00994701 0.00090236
v -0.00780001 -0.00987922 0.00064454
v -0.00780001 -0.00988487 0.00038671
v -0.00780001 -0.00988600 0.00012889
v -0.00780001 -0.00988600 -0.00012894
v -0.00780001 -0.00988487 -0.00038677
v -0.00780001 -0.00987922 -0.00064569
v -0.00754217 -0.00994701 -0.00090352
v -0.00754217 -0.00993910 -0.00116134
v -0.00754217 -0.00992724 -0.00142026
v -0.00728433 -0.00994532 -0.00219374
v -0.00702649 -0.00998316 -0.00245157
v -0.00702649 -0.00996283 -0.00270939
v -0.00702649 -0.00994080 -0.00296722
v -0.00702649 -0.00991029 -0.00322505
v -0.00693446 -0.00981483 -0.00399743
v -0.00689794 -0.00980183 -0.00412799
v -0.00676062 -0.00982443 -0.00423112
v -0.00652104 -0.00984138 -0.00451527
v -0.00702649 -0.00987301 -0.00348287
v -0.00703087 -0.00983234 -0.00372205
v -0.00627708 -0.00985380 -0.00479504
v -0.00619381 -0.00982273 -0.00502983
v -0.00606234 -0.00978319 -0.00534361
v -0.00616386 -0.00981426 -0.00510114
v -0.00598345 -0.00975721 -0.00553670
v -0.00580742 -0.00978602 -0.00561570
v -0.00563504 -0.00980918 -0.00570017
v -0.00546631 -0.00975495 -0.00604797
v -0.00537209 -0.00980748 -0.00595361
v -0.00492726 -0.00635487 -0.00914188
v -0.00676792 -0.00430093 -0.00913859
v -0.01228625 -0.00430093 0.00163196
v -0.01213213 -0.00477318 0.00141802
v -0.01209707 -0.00478900 0.00166377
v -0.01204740 -0.00488616 0.00174277
v -0.01180198 -0.00543128 0.00184590
v -0.01184361 -0.00530587 0.00193257
v -0.01178956 -0.00540303 0.00201705
v -0.01178518 -0.00539173 0.00206642
v -0.01231619 -0.00439696 0.00106584
v -0.01227821 -0.00455061 0.00090236
v -0.00527713 -0.00978319 -0.00612586
v -0.00520263 -0.00974986 -0.00630031
v -0.00496232 -0.00971992 -0.00657788
v -0.00492726 -0.00978545 -0.00639576
v -0.00741069 -0.00991877 0.00206642
v -0.00754217 -0.00991029 0.00167584
v -0.00781681 -0.00983912 0.00140046
v -0.00780001 -0.00985945 0.00116019
v -0.00780001 -0.00986962 0.00090236
v -0.00797019 -0.00981765 0.00064454
v -0.00797969 -0.00982104 0.00038671
v -0.00798042 -0.00982160 0.00012889
v -0.00798042 -0.00982160 -0.00012894
v -0.00797969 -0.00982104 -0.00038677
v -0.00797019 -0.00981765 -0.00064569
v -0.00780001 -0.00986962 -0.00090352
v -0.00780001 -0.00985945 -0.00116134
v -0.00756189 -0.00992102 -0.00141807
v -0.00754217 -0.00990973 -0.00167809
v -0.00754217 -0.00989109 -0.00193592
v -0.00754217 -0.00987075 -0.00219374
v -0.00728433 -0.00992272 -0.00245157
v -0.00728433 -0.00986680 -0.00296722
v -0.00728433 -0.00989561 -0.00270939
v -0.00728798 -0.00983177 -0.00320310
v -0.00706447 -0.00977076 -0.00399743
v -0.00700093 -0.00974534 -0.00423112
v -0.00667005 -0.00981144 -0.00443079
v -0.00661307 -0.00979279 -0.00460304
v -0.00644069 -0.00982104 -0.00472482
v -0.00711779 -0.00978884 -0.00379555
v -0.00719741 -0.00981596 -0.00348287
v -0.00637861 -0.00980070 -0.00489707
v -0.00623325 -0.00975043 -0.00527010
v -0.00629607 -0.00977415 -0.00510114
v -0.00625225 -0.00967134 -0.00554548
v -0.00599441 -0.00967869 -0.00580331
v -0.00572707 -0.00975777 -0.00579233
v -0.00573657 -0.00967473 -0.00606113
v -0.00547800 -0.00966965 -0.00631896
v -0.00492726 -0.00764339 -0.00914188
v -0.00676792 -0.00451502 -0.00914188
v -0.00698267 -0.00430093 -0.00914188
v -0.01233445 -0.00430093 0.00117994
v -0.01181220 -0.00545387 0.00167584
v -0.01218910 -0.00477318 0.00090236
v -0.01203936 -0.00512398 0.00090236
v -0.01184800 -0.00556911 0.00091443
v -0.01174720 -0.00552900 0.00193257
v -0.01175596 -0.00558323 0.00167584
v -0.01171944 -0.00553804 0.00206642
v -0.01236367 -0.00430093 0.00090236
v -0.01232496 -0.00442182 0.00090236
v -0.01228844 -0.00457829 0.00064454
v -0.00522016 -0.00965383 -0.00657788
v -0.00492726 -0.00972783 -0.00657788
v -0.00492726 -0.00963067 -0.00685326
v -0.00754217 -0.00988092 0.00206642
v -0.00754217 -0.00989109 0.00193367
v -0.00776422 -0.00983742 0.00167584
v -0.00793148 -0.00980240 0.00130282
v -0.00791541 -0.00979618 0.00147507
v -0.00794025 -0.00980579 0.00116019
v -0.00795559 -0.00981200 0.00090236
v -0.00809948 -0.00976681 0.00064454
v -0.00810824 -0.00977020 0.00038671
v -0.00810970 -0.00977076 0.00012889
v -0.00810970 -0.00977076 -0.00012894
v -0.00810824 -0.00977020 -0.00038677
v -0.00809948 -0.00976681 -0.00064569
v -0.00795559 -0.00981200 -0.00090352
v -0.00794025 -0.00980579 -0.00116134
v -0.00793148 -0.00980240 -0.00130397
v -0.00781461 -0.00983912 -0.00141807
v -0.00776568 -0.00983742 -0.00167809
v -0.00773354 -0.00982556 -0.00193592
v -0.00770286 -0.00981313 -0.00219374
v -0.00768168 -0.00980522 -0.00235173
v -0.00755532 -0.00983912 -0.00244389
v -0.00741654 -0.00980240 -0.00310326
v -0.00748812 -0.00982895 -0.00270939
v -0.00737636 -0.00978884 -0.00327442
v -0.00728433 -0.00969281 -0.00399743
v -0.00728433 -0.00963745 -0.00425525
v -0.00702649 -0.00967247 -0.00451308
v -0.00676792 -0.00970411 -0.00477200
v -0.00652104 -0.00977924 -0.00479504
v -0.00732596 -0.00977076 -0.00348287
v -0.00726169 -0.00975099 -0.00372205
v -0.00651008 -0.00972670 -0.00502983
v -0.00651081 -0.00970750 -0.00510114
v -0.00651081 -0.00965722 -0.00528765
v -0.00650570 -0.00958379 -0.00553451
v -0.00625371 -0.00959169 -0.00580221
v -0.00616898 -0.00956288 -0.00597665
v -0.00599441 -0.00959226 -0.00606223
v -0.00573365 -0.00958943 -0.00631786
v -0.00564454 -0.00955893 -0.00648353
v -0.00546704 -0.00958266 -0.00657239
v -0.00547800 -0.00735134 -0.00914188
v -0.00492726 -0.00786652 -0.00912761
v -0.00522016 -0.00760893 -0.00913859
v -0.00801402 -0.00430093 -0.00914188
v -0.01179394 -0.00567022 0.00100879
v -0.01220955 -0.00477318 0.00064454
v -0.01180344 -0.00569000 0.00083654
v -0.01160184 -0.00582613 0.00194464
v -0.01159454 -0.00579732 0.00206642
v -0.01164786 -0.00580467 0.00167584
v -0.01238266 -0.00430093 0.00064454
v -0.01233519 -0.00444950 0.00064454
v -0.01229136 -0.00458620 0.00038671
v -0.00522016 -0.00957644 -0.00677975
v -0.00498497 -0.00961372 -0.00685765
v -0.00492726 -0.00957927 -0.00698930
v -0.00763566 -0.00984872 0.00206642
v -0.00805784 -0.00972501 0.00167584
v -0.00773427 -0.00982556 0.00193367
v -0.00786282 -0.00977641 0.00193367
v -0.00803374 -0.00975551 0.00140046
v -0.00806880 -0.00975551 0.00116019
v -0.00831568 -0.00968038 0.00064454
v -0.00831568 -0.00968773 0.00038671
v -0.00831568 -0.00968886 0.00012889
v -0.00831568 -0.00968886 -0.00012894
v -0.00831568 -0.00968773 -0.00038677
v -0.00831568 -0.00968038 -0.00064569
v -0.00806880 -0.00975551 -0.00116134
v -0.00803593 -0.00975382 -0.00141807
v -0.00791468 -0.00979618 -0.00147622
v -0.00805711 -0.00972444 -0.00167809
v -0.00783288 -0.00976455 -0.00219374
v -0.00778028 -0.00975608 -0.00244389
v -0.00765027 -0.00979392 -0.00252398
v -0.00751806 -0.00974930 -0.00320310
v -0.00757065 -0.00976399 -0.00296722
v -0.00754217 -0.00969337 -0.00348287
v -0.00754217 -0.00964197 -0.00373960
v -0.00745525 -0.00956458 -0.00425525
v -0.00741873 -0.00954594 -0.00439239
v -0.00727922 -0.00957814 -0.00449223
v -0.00703891 -0.00960017 -0.00477749
v -0.00754801 -0.00958717 -0.00398316
v -0.00676792 -0.00963971 -0.00502983
v -0.00675550 -0.00957362 -0.00526681
v -0.00676427 -0.00961994 -0.00510114
v -0.00641586 -0.00955950 -0.00571553
v -0.00634136 -0.00952730 -0.00588778
v -0.00663791 -0.00928496 -0.00618840
v -0.00646553 -0.00932055 -0.00627288
v -0.00608060 -0.00952673 -0.00615000
v -0.00594255 -0.00931603 -0.00677975
v -0.00584905 -0.00927931 -0.00695090
v -0.00554447 -0.00952221 -0.00665578
v -0.00537282 -0.00955215 -0.00672380
v -0.00599441 -0.00709488 -0.00912871
v -0.00651081 -0.00657857 -0.00913420
v -0.00599441 -0.00683672 -0.00914188
v -0.00492726 -0.00790606 -0.00912103
v -0.00496232 -0.00786652 -0.00912652
v -0.00573657 -0.00735134 -0.00911993
v -0.00780001 -0.00477374 -0.00914188
v -0.00805784 -0.00451502 -0.00913639
v -0.00805784 -0.00430093 -0.00913968
v -0.01174428 -0.00578716 0.00091443
v -0.01170702 -0.00580467 0.00116019
v -0.01198897 -0.00528892 0.00064454
v -0.01221540 -0.00477318 0.00038671
v -0.01153976 -0.00619388 0.00078387
v -0.01159235 -0.00607864 0.00088371
v -0.01187794 -0.00554708 0.00064454
v -0.01181001 -0.00570299 0.00064454
v -0.01174428 -0.00583178 0.00064454
v -0.01154706 -0.00594928 0.00186455
v -0.01153538 -0.00592668 0.00203680
v -0.01153172 -0.00592104 0.00206642
v -0.01155948 -0.00597075 0.00167584
v -0.01238412 -0.00430093 0.00058749
v -0.01238924 -0.00430093 0.00038671
v -0.01233738 -0.00445740 0.00038671
v -0.01229136 -0.00458620 -0.00038677
v -0.00492726 -0.00956797 -0.00701783
v -0.00771820 -0.00981934 0.00206642
v -0.00794244 -0.00973348 0.00206642
v -0.00805784 -0.00970072 0.00193367
v -0.00831568 -0.00963689 0.00141802
v -0.00778321 -0.00979449 0.00206642
v -0.00831568 -0.00965270 0.00116019
v -0.00831568 -0.00966682 0.00090236
v -0.00852239 -0.00958548 0.00064454
v -0.00853043 -0.00959000 0.00038671
v -0.00853043 -0.00959000 -0.00038677
v -0.00852239 -0.00958548 -0.00064569
v -0.00831568 -0.00966682 -0.00090352
v -0.00831568 -0.00965270 -0.00116134
v -0.00831568 -0.00963689 -0.00141807
v -0.00805711 -0.00970072 -0.00193592
v -0.00805711 -0.00967473 -0.00219374
v -0.00805711 -0.00964310 -0.00245157
v -0.00780001 -0.00971315 -0.00270939
v -0.00780001 -0.00967586 -0.00296722
v -0.00780001 -0.00963463 -0.00322505
v -0.00780585 -0.00958717 -0.00346641
v -0.00758526 -0.00950018 -0.00425525
v -0.00768022 -0.00954820 -0.00388662
v -0.00763712 -0.00952560 -0.00405887
v -0.00793221 -0.00928722 -0.00439020
v -0.00779782 -0.00932563 -0.00449114
v -0.00771016 -0.00930473 -0.00470398
v -0.00765538 -0.00927705 -0.00487623
v -0.00742530 -0.00929230 -0.00517904
v -0.00735299 -0.00935218 -0.00510114
v -0.00698705 -0.00952843 -0.00510114
v -0.00718938 -0.00956006 -0.00469520
v -0.00695053 -0.00956797 -0.00502983
v -0.00771674 -0.00956627 -0.00373960
v -0.00683877 -0.00959169 -0.00510114
v -0.00666055 -0.00955328 -0.00544125
v -0.00690378 -0.00954707 -0.00516697
v -0.00650570 -0.00948775 -0.00580221
v -0.00695856 -0.00906522 -0.00626300
v -0.00688552 -0.00902059 -0.00643525
v -0.00671314 -0.00906917 -0.00651973
v -0.00653492 -0.00925728 -0.00634309
v -0.00637715 -0.00928383 -0.00644403
v -0.00671022 -0.00931716 -0.00601615
v -0.00695491 -0.00931094 -0.00574187
v -0.00688260 -0.00927818 -0.00591412
v -0.00678472 -0.00925163 -0.00608636
v -0.00627562 -0.00936743 -0.00634309
v -0.00620623 -0.00931829 -0.00652522
v -0.00611420 -0.00928157 -0.00669747
v -0.00601486 -0.00924937 -0.00685216
v -0.00618870 -0.00906352 -0.00702551
v -0.00600317 -0.00911436 -0.00710450
v -0.00575264 -0.00923694 -0.00709902
v -0.00556273 -0.00926858 -0.00718789
v -0.00567667 -0.00930981 -0.00701673
v -0.00547654 -0.00934145 -0.00709902
v -0.00498497 -0.00950978 -0.00710341
v -0.00508503 -0.00954198 -0.00695968
v -0.00624786 -0.00709375 -0.00907824
v -0.00651008 -0.00683729 -0.00908263
v -0.00676792 -0.00632041 -0.00913420
v -0.00728433 -0.00554708 -0.00914188
v -0.00677011 -0.00658139 -0.00908373
v -0.00492726 -0.00807948 -0.00907166
v -0.00521651 -0.00787330 -0.00908263
v -0.00549918 -0.00762983 -0.00909360
v -0.00597761 -0.00734400 -0.00906837
v -0.00754217 -0.00528836 -0.00913968
v -0.00780001 -0.00503077 -0.00912981
v -0.00827113 -0.00430093 -0.00911993
v -0.01158943 -0.00602554 0.00116019
v -0.01199481 -0.00528892 0.00038671
v -0.01221540 -0.00477318 -0.00038677
v -0.01126147 -0.00667291 0.00090236
v -0.01162010 -0.00606226 0.00064454
v -0.01154414 -0.00620066 0.00064454
v -0.01127242 -0.00669211 0.00064454
v -0.01124686 -0.00664579 0.00116019
v -0.01188379 -0.00554708 0.00038671
v -0.01181293 -0.00570920 0.00038671
v -0.01174720 -0.00583800 0.00038671
v -0.01128046 -0.00644864 0.00180201
v -0.01116432 -0.00657857 0.00206642
v -0.01118989 -0.00657857 0.00193367
v -0.01238924 -0.00430093 -0.00038677
v -0.01233738 -0.00445740 -0.00038677
v -0.01233519 -0.00444950 -0.00064569
v -0.01228844 -0.00457829 -0.00064569
v -0.01220955 -0.00477318 -0.00064569
v -0.00492726 -0.00951656 -0.00712974
v -0.00805784 -0.00968773 0.00206642
v -0.00833833 -0.00960130 0.00168681
v -0.00845958 -0.00955159 0.00160782
v -0.00847564 -0.00956119 0.00141802
v -0.00849244 -0.00957023 0.00116019
v -0.00850705 -0.00957814 0.00090236
v -0.00865168 -0.00951374 0.00064454
v -0.00865825 -0.00951826 0.00038671
v -0.00865898 -0.00951826 0.00012889
v -0.00865898 -0.00951826 -0.00012894
v -0.00865825 -0.00951826 -0.00038677
v -0.00865168 -0.00951374 -0.00064569
v -0.00850705 -0.00957814 -0.00090352
v -0.00849244 -0.00957023 -0.00116134
v -0.00847638 -0.00956063 -0.00141807
v -0.00845958 -0.00955159 -0.00161007
v -0.00833686 -0.00960073 -0.00168906
v -0.00829158 -0.00959678 -0.00193592
v -0.00826017 -0.00958322 -0.00219374
v -0.00822657 -0.00956571 -0.00245157
v -0.00820174 -0.00955159 -0.00262053
v -0.00807245 -0.00959678 -0.00270830
v -0.00800891 -0.00958492 -0.00296722
v -0.00796143 -0.00956119 -0.00322505
v -0.00793586 -0.00954707 -0.00336877
v -0.00780001 -0.00939059 -0.00425525
v -0.00789496 -0.00952617 -0.00353992
v -0.00784675 -0.00950075 -0.00373960
v -0.00814623 -0.00926180 -0.00404789
v -0.00809437 -0.00922677 -0.00425525
v -0.00803447 -0.00918610 -0.00449114
v -0.00788254 -0.00925954 -0.00456135
v -0.00819005 -0.00928722 -0.00387564
v -0.00779782 -0.00922677 -0.00478297
v -0.00758088 -0.00923129 -0.00510114
v -0.00736760 -0.00926123 -0.00535019
v -0.00728214 -0.00932958 -0.00527449
v -0.00703453 -0.00934653 -0.00555096
v -0.00719595 -0.00930473 -0.00546758
v -0.00703672 -0.00897879 -0.00633761
v -0.00703672 -0.00911493 -0.00606991
v -0.00720252 -0.00905674 -0.00598872
v -0.00728652 -0.00896354 -0.00606991
v -0.00719522 -0.00879576 -0.00649669
v -0.00703160 -0.00885112 -0.00658007
v -0.00694834 -0.00879972 -0.00675562
v -0.00678691 -0.00898500 -0.00659434
v -0.00662403 -0.00901946 -0.00669198
v -0.00645165 -0.00906635 -0.00677207
v -0.00652688 -0.00912622 -0.00659434
v -0.00627562 -0.00925389 -0.00659763
v -0.00712583 -0.00927140 -0.00563983
v -0.00703453 -0.00923807 -0.00581866
v -0.00626612 -0.00912114 -0.00684997
v -0.00626612 -0.00897596 -0.00710450
v -0.00609447 -0.00901381 -0.00719776
v -0.00636108 -0.00901664 -0.00694542
v -0.00592283 -0.00905618 -0.00726578
v -0.00572926 -0.00909459 -0.00735136
v -0.00547654 -0.00921378 -0.00734258
v -0.00527421 -0.00925502 -0.00742267
v -0.00510256 -0.00928948 -0.00748740
v -0.00496232 -0.00940133 -0.00735136
v -0.00615948 -0.00725305 -0.00904862
v -0.00642389 -0.00700676 -0.00905411
v -0.00668612 -0.00675199 -0.00905520
v -0.00702722 -0.00631646 -0.00908044
v -0.00702649 -0.00606339 -0.00912871
v -0.00694103 -0.00649666 -0.00905630
v -0.00496232 -0.00806931 -0.00906837
v -0.00492726 -0.00810999 -0.00905740
v -0.00542614 -0.00779195 -0.00906288
v -0.00728433 -0.00580467 -0.00912213
v -0.00780877 -0.00529005 -0.00908592
v -0.00808268 -0.00479747 -0.00909251
v -0.00831641 -0.00430093 -0.00910896
v -0.01199481 -0.00528892 -0.00038677
v -0.01116651 -0.00683616 0.00090236
v -0.01108763 -0.00681526 0.00167584
v -0.01162595 -0.00606226 0.00038671
v -0.01127535 -0.00669776 0.00038671
v -0.01118843 -0.00683616 0.00064454
v -0.01122860 -0.00656332 0.00169998
v -0.01188379 -0.00554708 -0.00038677
v -0.01181293 -0.00570920 -0.00038677
v -0.01174720 -0.00583800 -0.00038677
v -0.01105768 -0.00676611 0.00206642
v -0.01107083 -0.00678701 0.00193367
v -0.01238266 -0.00430093 -0.00064569
v -0.01237828 -0.00430093 -0.00071371
v -0.01232496 -0.00442182 -0.00090352
v -0.01227821 -0.00455061 -0.00090352
v -0.01218910 -0.00477318 -0.00090352
v -0.01198897 -0.00528892 -0.00064569
v -0.01180344 -0.00569000 -0.00083769
v -0.00492726 -0.00942731 -0.00731954
v -0.00817179 -0.00963689 0.00206642
v -0.00829158 -0.00959734 0.00193367
v -0.00895334 -0.00928213 0.00149591
v -0.00827624 -0.00959000 0.00206642
v -0.00840552 -0.00952108 0.00206642
v -0.00855672 -0.00948662 0.00168681
v -0.00880726 -0.00934540 0.00167584
v -0.00862100 -0.00949679 0.00116019
v -0.00896357 -0.00928778 0.00132476
v -0.00883063 -0.00939285 0.00090236
v -0.00883063 -0.00940980 0.00064454
v -0.00883063 -0.00941884 0.00038671
v -0.00883063 -0.00941884 -0.00038677
v -0.00883063 -0.00940980 -0.00064569
v -0.00896357 -0.00928778 -0.00132591
v -0.00862100 -0.00949679 -0.00116134
v -0.00860420 -0.00948775 -0.00141807
v -0.00895188 -0.00928157 -0.00149816
v -0.00880579 -0.00934540 -0.00167809
v -0.00869988 -0.00928496 -0.00257993
v -0.00838946 -0.00951261 -0.00219374
v -0.00835659 -0.00949453 -0.00245157
v -0.00855088 -0.00934314 -0.00270939
v -0.00843766 -0.00928100 -0.00333476
v -0.00809071 -0.00949171 -0.00322505
v -0.00827989 -0.00933523 -0.00348287
v -0.00803666 -0.00947024 -0.00346641
v -0.00822219 -0.00930473 -0.00373960
v -0.00805711 -0.00939116 -0.00373960
v -0.00835147 -0.00922677 -0.00373960
v -0.00829231 -0.00918780 -0.00397548
v -0.00831641 -0.00908442 -0.00423112
v -0.00822073 -0.00905166 -0.00451308
v -0.00818786 -0.00902793 -0.00464473
v -0.00805200 -0.00907764 -0.00474677
v -0.00840845 -0.00926406 -0.00348287
v -0.00796289 -0.00904996 -0.00495193
v -0.00778905 -0.00910024 -0.00510114
v -0.00752318 -0.00919571 -0.00527449
v -0.00753559 -0.00907990 -0.00552573
v -0.00728214 -0.00922339 -0.00555096
v -0.00768533 -0.00877882 -0.00594813
v -0.00728652 -0.00910024 -0.00580111
v -0.00737417 -0.00900421 -0.00588559
v -0.00744502 -0.00904827 -0.00571444
v -0.00753559 -0.00894772 -0.00580111
v -0.00711998 -0.00874549 -0.00666784
v -0.00685849 -0.00874379 -0.00692787
v -0.00668685 -0.00879689 -0.00700796
v -0.00677011 -0.00885112 -0.00683900
v -0.00652688 -0.00898105 -0.00684997
v -0.00651008 -0.00884604 -0.00709353
v -0.00642316 -0.00879407 -0.00726139
v -0.00624640 -0.00883870 -0.00734916
v -0.00615656 -0.00878785 -0.00750496
v -0.00600317 -0.00896241 -0.00735136
v -0.00572926 -0.00893812 -0.00759712
v -0.00545317 -0.00906974 -0.00759712
v -0.00520044 -0.00918836 -0.00758724
v -0.00496232 -0.00924316 -0.00766294
v -0.00492726 -0.00924937 -0.00767391
v -0.00496232 -0.00931264 -0.00753348
v -0.00588046 -0.00749200 -0.00903655
v -0.00605284 -0.00742534 -0.00897840
v -0.00633186 -0.00717905 -0.00898938
v -0.00659627 -0.00692428 -0.00899267
v -0.00685776 -0.00666895 -0.00899596
v -0.00727776 -0.00605040 -0.00907056
v -0.00711268 -0.00640006 -0.00899047
v -0.00718645 -0.00622834 -0.00904862
v -0.00512813 -0.00801904 -0.00904533
v -0.00492726 -0.00820828 -0.00898499
v -0.00559852 -0.00772925 -0.00902229
v -0.00748958 -0.00580467 -0.00906617
v -0.00756700 -0.00557137 -0.00909470
v -0.00772842 -0.00550132 -0.00906398
v -0.00796070 -0.00520475 -0.00905081
v -0.00801548 -0.00503077 -0.00907276
v -0.00845738 -0.00430093 -0.00906288
v -0.00823315 -0.00472799 -0.00906069
v -0.01105695 -0.00701523 0.00090236
v -0.01104088 -0.00699207 0.00116019
v -0.01101897 -0.00695930 0.00151676
v -0.01100874 -0.00694405 0.00167584
v -0.01162595 -0.00606226 -0.00038677
v -0.01119427 -0.00683616 0.00038671
v -0.01127535 -0.00669776 -0.00038677
v -0.01106791 -0.00703161 0.00064454
v -0.01187794 -0.00554708 -0.00064569
v -0.01181001 -0.00570299 -0.00064569
v -0.01174428 -0.00583178 -0.00064569
v -0.01162010 -0.00606226 -0.00064569
v -0.01097806 -0.00689491 0.00206642
v -0.01099121 -0.00691581 0.00193367
v -0.01236367 -0.00430093 -0.00090352
v -0.01235856 -0.00430093 -0.00095508
v -0.01231619 -0.00439696 -0.00106699
v -0.01227091 -0.00449582 -0.00115586
v -0.01223512 -0.00451559 -0.00141807
v -0.01220663 -0.00451559 -0.00167809
v -0.01203936 -0.00512398 -0.00090352
v -0.01213213 -0.00477318 -0.00141807
v -0.01209780 -0.00478956 -0.00166602
v -0.01182681 -0.00548833 -0.00142026
v -0.01174428 -0.00578716 -0.00091558
v -0.01159235 -0.00607864 -0.00088486
v -0.01153976 -0.00619388 -0.00078502
v -0.01184800 -0.00556911 -0.00091558
v -0.01179394 -0.00567022 -0.00100884
v -0.01167781 -0.00580467 -0.00141807
v -0.00492726 -0.00931716 -0.00754555
v -0.00925866 -0.00906070 0.00141802
v -0.00906509 -0.00920644 0.00141363
v -0.00928933 -0.00908442 0.00090236
v -0.00912937 -0.00922451 0.00064454
v -0.00893654 -0.00927140 0.00167584
v -0.00908920 -0.00915899 0.00167584
v -0.00848003 -0.00947928 0.00206642
v -0.00857352 -0.00942618 0.00206642
v -0.00877658 -0.00932845 0.00193367
v -0.00900009 -0.00931094 0.00064454
v -0.00900739 -0.00931490 0.00038671
v -0.00900739 -0.00931490 -0.00038677
v -0.00900009 -0.00931094 -0.00064569
v -0.00912937 -0.00922451 -0.00064569
v -0.00906509 -0.00920644 -0.00141478
v -0.00885692 -0.00934314 -0.00141807
v -0.00908774 -0.00915842 -0.00167809
v -0.00893435 -0.00927084 -0.00167809
v -0.00898548 -0.00904770 -0.00270939
v -0.00882990 -0.00916238 -0.00270939
v -0.00867651 -0.00927140 -0.00270939
v -0.00890440 -0.00925050 -0.00193592
v -0.00881529 -0.00922000 -0.00247680
v -0.00901981 -0.00907482 -0.00245157
v -0.00863122 -0.00923977 -0.00296722
v -0.00853992 -0.00909741 -0.00373960
v -0.00848003 -0.00905222 -0.00399743
v -0.00857133 -0.00889631 -0.00424867
v -0.00847711 -0.00879463 -0.00470946
v -0.00843401 -0.00876074 -0.00488171
v -0.00813381 -0.00899291 -0.00481698
v -0.00859689 -0.00912566 -0.00350262
v -0.00825652 -0.00881779 -0.00502983
v -0.00794390 -0.00899799 -0.00510114
v -0.00772331 -0.00906296 -0.00528765
v -0.00767803 -0.00903245 -0.00542699
v -0.00761740 -0.00899460 -0.00559814
v -0.00796070 -0.00853987 -0.00597226
v -0.00778759 -0.00863195 -0.00604687
v -0.00736760 -0.00873419 -0.00639466
v -0.00774011 -0.00881610 -0.00580331
v -0.00792126 -0.00876300 -0.00566287
v -0.00786867 -0.00872120 -0.00580331
v -0.00723101 -0.00857433 -0.00678963
v -0.00715285 -0.00850993 -0.00696188
v -0.00705059 -0.00865906 -0.00685875
v -0.00729894 -0.00865398 -0.00659543
v -0.00698047 -0.00857263 -0.00704306
v -0.00671825 -0.00856868 -0.00729540
v -0.00659554 -0.00873984 -0.00718021
v -0.00632894 -0.00873588 -0.00743364
v -0.00625444 -0.00864211 -0.00760918
v -0.00604481 -0.00871950 -0.00767721
v -0.00587316 -0.00877373 -0.00774303
v -0.00597323 -0.00881892 -0.00759821
v -0.00546777 -0.00889405 -0.00785714
v -0.00552256 -0.00898726 -0.00767391
v -0.00534945 -0.00902793 -0.00773755
v -0.00522016 -0.00905900 -0.00778253
v -0.00496086 -0.00910645 -0.00787688
v -0.00492726 -0.00912058 -0.00787469
v -0.00571466 -0.00785522 -0.00883249
v -0.00589434 -0.00776145 -0.00879079
v -0.00617409 -0.00752024 -0.00880615
v -0.00634647 -0.00744963 -0.00874362
v -0.00625225 -0.00735134 -0.00889831
v -0.00664740 -0.00774507 -0.00825978
v -0.00663060 -0.00747223 -0.00850554
v -0.00651885 -0.00710335 -0.00890490
v -0.00670365 -0.00702766 -0.00882042
v -0.00698267 -0.00704799 -0.00858015
v -0.00715505 -0.00696552 -0.00851103
v -0.00703818 -0.00659213 -0.00890709
v -0.00743187 -0.00698529 -0.00826966
v -0.00713605 -0.00668703 -0.00875349
v -0.00743187 -0.00595549 -0.00904094
v -0.00735883 -0.00612779 -0.00897950
v -0.00730916 -0.00660794 -0.00866243
v -0.00529978 -0.00796424 -0.00899815
v -0.00492726 -0.00833481 -0.00885553
v -0.00513616 -0.00827776 -0.00879518
v -0.00530854 -0.00822918 -0.00874471
v -0.00521797 -0.00812411 -0.00889612
v -0.00549918 -0.00787330 -0.00895646
v -0.00561313 -0.00800040 -0.00877434
v -0.00766780 -0.00567305 -0.00902558
v -0.00790080 -0.00537648 -0.00900035
v -0.00806150 -0.00529401 -0.00890160
v -0.00814330 -0.00503077 -0.00898718
v -0.00818494 -0.00489971 -0.00902558
v -0.00847784 -0.00430093 -0.00905191
v -0.00845227 -0.00439979 -0.00903436
v -0.01094812 -0.00717283 0.00090236
v -0.01090648 -0.00709431 0.00167584
v -0.01097076 -0.00717283 0.00064454
v -0.01085024 -0.00711917 0.00195451
v -0.01154414 -0.00620066 -0.00064569
v -0.01107083 -0.00703613 0.00038671
v -0.01119427 -0.00683616 -0.00038677
v -0.01127242 -0.00669211 -0.00064569
v -0.01118843 -0.00683616 -0.00064569
v -0.01097149 -0.00717283 0.00062698
v -0.01076332 -0.00722085 0.00205545
v -0.01076186 -0.00721859 0.00206642
v -0.01080496 -0.00717283 0.00200718
v -0.01230889 -0.00430093 -0.00141807
v -0.01230962 -0.00430150 -0.00141807
v -0.01229793 -0.00433821 -0.00141807
v -0.01227967 -0.00430150 -0.00168687
v -0.01217522 -0.00451559 -0.00193592
v -0.01208976 -0.00472799 -0.00193592
v -0.01203571 -0.00485735 -0.00193592
v -0.01204740 -0.00488616 -0.00174392
v -0.01181220 -0.00545444 -0.00167809
v -0.01175669 -0.00558323 -0.00167809
v -0.01177130 -0.00561712 -0.00141807
v -0.01170702 -0.00580467 -0.00116134
v -0.01157482 -0.00599843 -0.00142026
v -0.01124686 -0.00664579 -0.00116134
v -0.01126147 -0.00667291 -0.00090352
v -0.01164713 -0.00580523 -0.00167809
v -0.01155948 -0.00597131 -0.00167809
v -0.00923893 -0.00904432 0.00167584
v -0.00936749 -0.00894320 0.00167584
v -0.00938794 -0.00895845 0.00141802
v -0.00940328 -0.00897031 0.00116019
v -0.00941789 -0.00898218 0.00090236
v -0.00943250 -0.00899291 0.00064454
v -0.00930321 -0.00909572 0.00064454
v -0.00913594 -0.00923016 0.00038671
v -0.00910527 -0.00910589 0.00192270
v -0.00876051 -0.00931942 0.00206642
v -0.00890513 -0.00925107 0.00193367
v -0.00922287 -0.00903189 0.00182834
v -0.00913594 -0.00923016 -0.00038677
v -0.00930321 -0.00909572 -0.00064569
v -0.00928933 -0.00908442 -0.00090352
v -0.00925793 -0.00906126 -0.00141807
v -0.00923820 -0.00904375 -0.00167809
v -0.00922140 -0.00903189 -0.00183169
v -0.00910454 -0.00910532 -0.00192385
v -0.00911330 -0.00894885 -0.00270939
v -0.00923966 -0.00878842 -0.00296722
v -0.00896284 -0.00903076 -0.00285092
v -0.00883939 -0.00909629 -0.00294967
v -0.00914836 -0.00897483 -0.00245157
v -0.00932366 -0.00893642 -0.00192385
v -0.00894969 -0.00876244 -0.00384822
v -0.00860785 -0.00896015 -0.00399743
v -0.00869696 -0.00902454 -0.00360136
v -0.00878388 -0.00883079 -0.00399743
v -0.00869185 -0.00876244 -0.00436826
v -0.00850632 -0.00856924 -0.00510114
v -0.00838653 -0.00871837 -0.00502983
v -0.00820393 -0.00878277 -0.00518672
v -0.00879557 -0.00860031 -0.00451308
v -0.00892558 -0.00848055 -0.00451308
v -0.00874225 -0.00855117 -0.00472263
v -0.00869696 -0.00850880 -0.00489488
v -0.00873933 -0.00828906 -0.00521853
v -0.00872837 -0.00904827 -0.00343021
v -0.00806004 -0.00884039 -0.00527888
v -0.00811993 -0.00887880 -0.00510114
v -0.00785260 -0.00897709 -0.00528765
v -0.00779928 -0.00889857 -0.00554438
v -0.00805054 -0.00857828 -0.00578027
v -0.00813162 -0.00846361 -0.00585048
v -0.00822803 -0.00829132 -0.00599201
v -0.00816668 -0.00823483 -0.00616426
v -0.00799430 -0.00830826 -0.00626849
v -0.00789058 -0.00848055 -0.00614451
v -0.00747424 -0.00856303 -0.00652193
v -0.00823315 -0.00855399 -0.00554548
v -0.00847418 -0.00853874 -0.00520427
v -0.00740266 -0.00850315 -0.00669308
v -0.00743407 -0.00827154 -0.00698711
v -0.00727264 -0.00832634 -0.00708146
v -0.00717915 -0.00827267 -0.00724603
v -0.00705059 -0.00846756 -0.00711547
v -0.00689063 -0.00850710 -0.00721531
v -0.00662622 -0.00850258 -0.00746765
v -0.00652469 -0.00865228 -0.00736452
v -0.00645457 -0.00856472 -0.00754336
v -0.00635231 -0.00849298 -0.00771451
v -0.00617993 -0.00854834 -0.00777924
v -0.00596884 -0.00862517 -0.00784726
v -0.00573657 -0.00870764 -0.00792296
v -0.00558391 -0.00875566 -0.00797782
v -0.00541226 -0.00880085 -0.00803926
v -0.00522016 -0.00897314 -0.00791089
v -0.00504632 -0.00900929 -0.00796904
v -0.00492726 -0.00908329 -0.00793064
v -0.00578551 -0.00793374 -0.00871290
v -0.00590676 -0.00802864 -0.00854175
v -0.00651081 -0.00779986 -0.00831025
v -0.00636911 -0.00798628 -0.00824442
v -0.00651081 -0.00792922 -0.00819176
v -0.00665544 -0.00800944 -0.00800854
v -0.00673798 -0.00783940 -0.00809960
v -0.00692277 -0.00776201 -0.00801841
v -0.00681978 -0.00766485 -0.00819066
v -0.00674747 -0.00759085 -0.00831245
v -0.00679203 -0.00737224 -0.00846056
v -0.00700896 -0.00733552 -0.00831793
v -0.00705133 -0.00711860 -0.00846604
v -0.00726899 -0.00708076 -0.00832342
v -0.00734495 -0.00715758 -0.00819725
v -0.00744502 -0.00725361 -0.00802500
v -0.00752391 -0.00707567 -0.00810728
v -0.00769483 -0.00699376 -0.00801951
v -0.00760352 -0.00688643 -0.00819066
v -0.00792199 -0.00644130 -0.00824771
v -0.00752975 -0.00604870 -0.00888734
v -0.00769921 -0.00596962 -0.00879628
v -0.00761813 -0.00580467 -0.00898170
v -0.00772623 -0.00625545 -0.00856040
v -0.00762836 -0.00614191 -0.00873155
v -0.00547800 -0.00804559 -0.00881493
v -0.00492726 -0.00860766 -0.00856040
v -0.00496232 -0.00857320 -0.00857795
v -0.00512448 -0.00853026 -0.00853077
v -0.00547800 -0.00830431 -0.00856588
v -0.00562262 -0.00826364 -0.00852200
v -0.00547800 -0.00817438 -0.00869425
v -0.00570370 -0.00810095 -0.00861854
v -0.00787159 -0.00585155 -0.00871509
v -0.00780877 -0.00557137 -0.00895975
v -0.00793148 -0.00567983 -0.00877214
v -0.00845665 -0.00569282 -0.00826417
v -0.00822073 -0.00521153 -0.00880286
v -0.00850632 -0.00554708 -0.00831245
v -0.00868601 -0.00539286 -0.00823894
v -0.00853262 -0.00503077 -0.00860099
v -0.00859397 -0.00481103 -0.00866243
v -0.00833760 -0.00481272 -0.00892026
v -0.00840406 -0.00457208 -0.00898718
v -0.00856768 -0.00430093 -0.00896963
v -0.00870792 -0.00439809 -0.00877653
v -0.01064572 -0.00760949 0.00090236
v -0.01092401 -0.00717283 0.00109656
v -0.01057268 -0.00757560 0.00167584
v -0.01077647 -0.00724005 0.00188320
v -0.01054273 -0.00778969 0.00064454
v -0.01046531 -0.00767841 0.00193367
v -0.01098245 -0.00716492 0.00038671
v -0.01107083 -0.00703613 -0.00038677
v -0.01106791 -0.00703161 -0.00064569
v -0.01116651 -0.00683616 -0.00090352
v -0.01105695 -0.00701523 -0.00090352
v -0.01054566 -0.00779478 0.00038671
v -0.01045216 -0.00765920 0.00206642
v -0.01197947 -0.00430150 -0.00321298
v -0.01203498 -0.00430150 -0.00298039
v -0.01203790 -0.00430150 -0.00296722
v -0.01219202 -0.00430150 -0.00224640
v -0.01220225 -0.00430150 -0.00219703
v -0.01224973 -0.00430150 -0.00192604
v -0.01129434 -0.00430093 -0.00510114
v -0.01211387 -0.00453931 -0.00221568
v -0.01207223 -0.00468619 -0.00214547
v -0.01178956 -0.00540360 -0.00201930
v -0.01180198 -0.00543128 -0.00184815
v -0.01174720 -0.00552957 -0.00193482
v -0.01160184 -0.00582670 -0.00194579
v -0.01128046 -0.00644921 -0.00180426
v -0.01122933 -0.00656332 -0.00170223
v -0.01130383 -0.00648875 -0.00141807
v -0.01123152 -0.00661868 -0.00142026
v -0.01108763 -0.00681526 -0.00167809
v -0.01154706 -0.00594985 -0.00186680
v -0.00952599 -0.00881384 0.00167584
v -0.00932439 -0.00893642 0.00192270
v -0.00950189 -0.00879350 0.00193367
v -0.00954425 -0.00882909 0.00141802
v -0.00957639 -0.00885338 0.00090236
v -0.00959173 -0.00886411 0.00064454
v -0.00972758 -0.00876526 0.00038671
v -0.00943907 -0.00899799 0.00038671
v -0.00930978 -0.00910137 0.00038671
v -0.00907678 -0.00910193 0.00206642
v -0.00919584 -0.00901042 0.00206642
v -0.00888906 -0.00923920 0.00206642
v -0.00930978 -0.00910137 -0.00038677
v -0.00943250 -0.00899291 -0.00064569
v -0.00941789 -0.00898218 -0.00090352
v -0.00940328 -0.00897031 -0.00116134
v -0.00938794 -0.00895845 -0.00141807
v -0.00936676 -0.00894263 -0.00167809
v -0.00927765 -0.00882005 -0.00270939
v -0.00940620 -0.00870425 -0.00270939
v -0.00936895 -0.00866697 -0.00296722
v -0.00921702 -0.00877034 -0.00310107
v -0.00882113 -0.00895902 -0.00350262
v -0.00931051 -0.00884547 -0.00245157
v -0.00936457 -0.00885395 -0.00219155
v -0.00950189 -0.00879294 -0.00193592
v -0.00920899 -0.00850485 -0.00385151
v -0.00917831 -0.00847434 -0.00399743
v -0.00904902 -0.00860088 -0.00399743
v -0.00899936 -0.00855117 -0.00421137
v -0.00891317 -0.00872911 -0.00399743
v -0.00898183 -0.00878785 -0.00367597
v -0.00933243 -0.00862799 -0.00318884
v -0.00927984 -0.00857376 -0.00348287
v -0.00924259 -0.00853817 -0.00367926
v -0.00908993 -0.00833425 -0.00449223
v -0.00899643 -0.00828849 -0.00477200
v -0.00895991 -0.00825573 -0.00490366
v -0.00882698 -0.00832577 -0.00500569
v -0.00868381 -0.00823709 -0.00539078
v -0.00845665 -0.00826477 -0.00569249
v -0.00891171 -0.00820319 -0.00507481
v -0.00829450 -0.00836419 -0.00577149
v -0.00839968 -0.00820997 -0.00586474
v -0.00824848 -0.00806310 -0.00627397
v -0.00818494 -0.00799362 -0.00644622
v -0.00808998 -0.00815631 -0.00635736
v -0.00792272 -0.00824838 -0.00644074
v -0.00848368 -0.00803825 -0.00598653
v -0.00755385 -0.00844666 -0.00659543
v -0.00752902 -0.00831448 -0.00681486
v -0.00767803 -0.00826025 -0.00671502
v -0.00760571 -0.00819302 -0.00688727
v -0.00769702 -0.00802130 -0.00699150
v -0.00752391 -0.00810942 -0.00707598
v -0.00735153 -0.00819698 -0.00715936
v -0.00709004 -0.00819698 -0.00741719
v -0.00691766 -0.00826872 -0.00749728
v -0.00701261 -0.00832295 -0.00733929
v -0.00665032 -0.00826194 -0.00774742
v -0.00651081 -0.00830996 -0.00780338
v -0.00636984 -0.00824556 -0.00798660
v -0.00627562 -0.00839752 -0.00788347
v -0.00573657 -0.00857941 -0.00807327
v -0.00560509 -0.00851049 -0.00825101
v -0.00550868 -0.00865962 -0.00814568
v -0.00528152 -0.00873419 -0.00821041
v -0.00510987 -0.00877769 -0.00826417
v -0.00520555 -0.00883418 -0.00812484
v -0.00496086 -0.00894433 -0.00811277
v -0.00492726 -0.00894998 -0.00812374
v -0.00579427 -0.00820037 -0.00845836
v -0.00619746 -0.00805293 -0.00830696
v -0.00651081 -0.00806479 -0.00806230
v -0.00651081 -0.00819302 -0.00793174
v -0.00673871 -0.00810038 -0.00784068
v -0.00692350 -0.00801960 -0.00776278
v -0.00682782 -0.00793431 -0.00793394
v -0.00709588 -0.00793882 -0.00768159
v -0.00709515 -0.00767954 -0.00793832
v -0.00735664 -0.00742590 -0.00794161
v -0.00718426 -0.00750781 -0.00802170
v -0.00691035 -0.00749256 -0.00826417
v -0.00753121 -0.00734004 -0.00785494
v -0.00761740 -0.00716605 -0.00794161
v -0.00793952 -0.00672036 -0.00800744
v -0.00800087 -0.00657857 -0.00806340
v -0.00778321 -0.00707567 -0.00784836
v -0.00802936 -0.00680283 -0.00783519
v -0.00818494 -0.00644751 -0.00799318
v -0.00808925 -0.00635826 -0.00815336
v -0.00799284 -0.00626901 -0.00831245
v -0.00789788 -0.00615264 -0.00848469
v -0.00816449 -0.00616111 -0.00823235
v -0.00492726 -0.00871047 -0.00844410
v -0.00520336 -0.00863251 -0.00837279
v -0.00529613 -0.00848338 -0.00848031
v -0.00543271 -0.00856303 -0.00830915
v -0.00571977 -0.00832803 -0.00837718
v -0.00619819 -0.00830205 -0.00805133
v -0.00608206 -0.00822466 -0.00822358
v -0.00839603 -0.00586455 -0.00820602
v -0.00863415 -0.00554708 -0.00818628
v -0.00871084 -0.00569056 -0.00800635
v -0.00875759 -0.00554708 -0.00805681
v -0.00893873 -0.00538157 -0.00797014
v -0.00898621 -0.00520984 -0.00802719
v -0.00891682 -0.00503077 -0.00820931
v -0.00873494 -0.00522114 -0.00828721
v -0.00895407 -0.00489407 -0.00824881
v -0.00900155 -0.00472234 -0.00829708
v -0.00896430 -0.00439640 -0.00851761
v -0.00898548 -0.00430093 -0.00853955
v -0.01053105 -0.00777388 0.00090236
v -0.01050694 -0.00773885 0.00129185
v -0.01048284 -0.00770439 0.00167584
v -0.01045216 -0.00791905 0.00064454
v -0.01045581 -0.00792357 0.00038671
v -0.01036889 -0.00786708 0.00167584
v -0.01025276 -0.00800209 0.00182834
v -0.01032142 -0.00788403 0.00192160
v -0.01098245 -0.00716492 -0.00038677
v -0.01097076 -0.00717283 -0.00064569
v -0.01102992 -0.00697512 -0.00134676
v -0.01108398 -0.00687231 -0.00141807
v -0.01101897 -0.00695987 -0.00152010
v -0.01094812 -0.00717283 -0.00090352
v -0.01095104 -0.00707680 -0.00141807
v -0.01054566 -0.00779478 -0.00038677
v -0.01031484 -0.00785070 0.00206642
v -0.01023669 -0.00798063 0.00200059
v -0.01203279 -0.00431675 -0.00296722
v -0.01190424 -0.00430150 -0.00348068
v -0.01189839 -0.00451559 -0.00322505
v -0.01204959 -0.00436985 -0.00281472
v -0.01206785 -0.00442125 -0.00264247
v -0.01124321 -0.00430093 -0.00521195
v -0.01129434 -0.00430150 -0.00510114
v -0.01142727 -0.00430150 -0.00481150
v -0.01150105 -0.00430150 -0.00464803
v -0.01152223 -0.00430150 -0.00459975
v -0.01153830 -0.00430150 -0.00455696
v -0.01156751 -0.00430150 -0.00447578
v -0.01162814 -0.00430150 -0.00430133
v -0.01178591 -0.00430150 -0.00383944
v -0.01180417 -0.00430150 -0.00378458
v -0.01188890 -0.00430150 -0.00352895
v -0.01205324 -0.00464099 -0.00231662
v -0.01201964 -0.00477318 -0.00221568
v -0.01177276 -0.00536236 -0.00219374
v -0.01169242 -0.00554764 -0.00219374
v -0.01158724 -0.00576682 -0.00219374
v -0.01153465 -0.00592725 -0.00203905
v -0.01127096 -0.00643170 -0.00193592
v -0.01118916 -0.00657857 -0.00193592
v -0.01106937 -0.00678701 -0.00193592
v -0.01100874 -0.00694462 -0.00167809
v -0.00965600 -0.00869295 0.00167584
v -0.00967426 -0.00871159 0.00141802
v -0.00924770 -0.00896975 0.00206642
v -0.00948728 -0.00878108 0.00206642
v -0.00963117 -0.00866584 0.00193367
v -0.00970567 -0.00874379 0.00090236
v -0.00972101 -0.00875848 0.00064454
v -0.01009718 -0.00836871 0.00038671
v -0.00972758 -0.00876526 -0.00038677
v -0.00984299 -0.00862912 0.00064454
v -0.01009206 -0.00836249 0.00064454
v -0.00943907 -0.00899799 -0.00038677
v -0.00959173 -0.00886411 -0.00064569
v -0.00957639 -0.00885338 -0.00090352
v -0.00954571 -0.00882909 -0.00141807
v -0.00952672 -0.00881384 -0.00167809
v -0.00948216 -0.00877712 -0.00210378
v -0.00946171 -0.00875848 -0.00227493
v -0.00943980 -0.00873645 -0.00245157
v -0.00953622 -0.00857659 -0.00270939
v -0.00950042 -0.00853817 -0.00296722
v -0.00963044 -0.00866584 -0.00193592
v -0.00965454 -0.00869239 -0.00167809
v -0.00950042 -0.00828002 -0.00367926
v -0.00946756 -0.00824613 -0.00385041
v -0.00930759 -0.00834498 -0.00399743
v -0.00925135 -0.00828849 -0.00425525
v -0.00921921 -0.00825742 -0.00439130
v -0.00947632 -0.00851501 -0.00310546
v -0.00944637 -0.00848394 -0.00327661
v -0.00953841 -0.00831730 -0.00348287
v -0.00917831 -0.00821167 -0.00456355
v -0.00902200 -0.00812015 -0.00500569
v -0.00925354 -0.00803994 -0.00471056
v -0.00883793 -0.00813428 -0.00529862
v -0.00875686 -0.00805745 -0.00554548
v -0.00871230 -0.00800831 -0.00569140
v -0.00863342 -0.00818625 -0.00554548
v -0.00898767 -0.00803090 -0.00520866
v -0.00800087 -0.00806536 -0.00657788
v -0.00842013 -0.00796876 -0.00615768
v -0.00819589 -0.00774846 -0.00671941
v -0.00812797 -0.00767502 -0.00689166
v -0.00795705 -0.00776484 -0.00699369
v -0.00786867 -0.00793713 -0.00689276
v -0.00794098 -0.00800774 -0.00672051
v -0.00865606 -0.00794165 -0.00586365
v -0.00744283 -0.00802525 -0.00725152
v -0.00726826 -0.00811168 -0.00733380
v -0.00718499 -0.00802525 -0.00750934
v -0.00682270 -0.00819133 -0.00766953
v -0.00492726 -0.00881384 -0.00831683
v -0.00744502 -0.00751120 -0.00776936
v -0.00761740 -0.00742590 -0.00768379
v -0.00795778 -0.00751064 -0.00725262
v -0.00787232 -0.00715758 -0.00767611
v -0.00844205 -0.00670510 -0.00747753
v -0.00869112 -0.00669550 -0.00721202
v -0.00843401 -0.00643622 -0.00772658
v -0.00834198 -0.00635600 -0.00789553
v -0.00842086 -0.00615885 -0.00796904
v -0.00824921 -0.00627522 -0.00806120
v -0.00848076 -0.00598656 -0.00803487
v -0.00895626 -0.00567192 -0.00773426
v -0.00889929 -0.00557024 -0.00787688
v -0.00920533 -0.00488220 -0.00798221
v -0.00920022 -0.00564763 -0.00745997
v -0.00924916 -0.00547534 -0.00751922
v -0.00925354 -0.00471048 -0.00803706
v -0.00917393 -0.00455965 -0.00820931
v -0.00921702 -0.00438736 -0.00825320
v -0.00923528 -0.00430093 -0.00827405
v -0.01044048 -0.00790267 0.00090236
v -0.01042514 -0.00787951 0.00116019
v -0.01032653 -0.00809812 0.00038671
v -0.01032288 -0.00809247 0.00064454
v -0.01031119 -0.00807722 0.00090236
v -0.01045581 -0.00792357 -0.00038677
v -0.01026298 -0.00801565 0.00167584
v -0.01000880 -0.00827324 0.00193367
v -0.01015196 -0.00810264 0.00192160
v -0.01016072 -0.00814444 0.00167584
v -0.01064572 -0.00760949 -0.00090352
v -0.01054273 -0.00778969 -0.00064569
v -0.01090575 -0.00709431 -0.00167809
v -0.01048357 -0.00770383 -0.00167809
v -0.01022865 -0.00797046 0.00206642
v -0.00999273 -0.00825686 0.00206642
v -0.01180928 -0.00441673 -0.00364854
v -0.01183266 -0.00450825 -0.00346751
v -0.01180198 -0.00465794 -0.00337096
v -0.01182097 -0.00470144 -0.00322505
v -0.01184580 -0.00478504 -0.00296722
v -0.01195756 -0.00451559 -0.00296722
v -0.01106571 -0.00430093 -0.00559046
v -0.01101239 -0.00436137 -0.00565080
v -0.01128046 -0.00433595 -0.00510114
v -0.01135131 -0.00452406 -0.00478188
v -0.01151711 -0.00433030 -0.00458549
v -0.01154925 -0.00441108 -0.00441324
v -0.01178007 -0.00433765 -0.00382079
v -0.01154122 -0.00542393 -0.00310656
v -0.01152150 -0.00563916 -0.00276644
v -0.01154122 -0.00568209 -0.00259419
v -0.01151711 -0.00589618 -0.00219374
v -0.01114022 -0.00657857 -0.00219374
v -0.01104526 -0.00674634 -0.00219374
v -0.01099048 -0.00691637 -0.00193592
v -0.01079035 -0.00722480 -0.00186351
v -0.01084951 -0.00711973 -0.00195786
v -0.00978164 -0.00856416 0.00167584
v -0.00975753 -0.00853761 0.00193367
v -0.00979917 -0.00858280 0.00141802
v -0.00961510 -0.00865115 0.00206642
v -0.00982984 -0.00861500 0.00090236
v -0.01022573 -0.00822692 0.00038671
v -0.01009718 -0.00836871 -0.00038677
v -0.01022062 -0.00822127 0.00064454
v -0.01009206 -0.00836249 -0.00064569
v -0.00984299 -0.00862912 -0.00064569
v -0.00972101 -0.00875848 -0.00064569
v -0.01007892 -0.00834837 0.00090236
v -0.00967426 -0.00871159 -0.00141807
v -0.00970567 -0.00874379 -0.00090352
v -0.00960122 -0.00863872 -0.00218277
v -0.00966477 -0.00844158 -0.00270939
v -0.00975242 -0.00827663 -0.00296722
v -0.00973489 -0.00825573 -0.00310326
v -0.00962898 -0.00840542 -0.00296722
v -0.00975607 -0.00853761 -0.00193592
v -0.00999200 -0.00825629 -0.00207306
v -0.00978164 -0.00856416 -0.00167809
v -0.00970567 -0.00822353 -0.00327332
v -0.00966696 -0.00817777 -0.00348287
v -0.00977579 -0.00804841 -0.00348287
v -0.00954425 -0.00808231 -0.00399743
v -0.00943688 -0.00821167 -0.00399743
v -0.00939378 -0.00812185 -0.00427061
v -0.00959173 -0.00836984 -0.00318994
v -0.00946610 -0.00798571 -0.00436606
v -0.00916662 -0.00793374 -0.00502983
v -0.00943103 -0.00794334 -0.00451308
v -0.00949677 -0.00776427 -0.00468204
v -0.00893581 -0.00796989 -0.00537981
v -0.00889929 -0.00787725 -0.00556962
v -0.00895772 -0.00773603 -0.00567165
v -0.00929445 -0.00760893 -0.00527668
v -0.00925208 -0.00752250 -0.00547855
v -0.00920241 -0.00746319 -0.00564971
v -0.00849464 -0.00779647 -0.00625861
v -0.00843182 -0.00772247 -0.00643086
v -0.00872764 -0.00776936 -0.00597007
v -0.00825433 -0.00759707 -0.00681705
v -0.00820685 -0.00750329 -0.00698711
v -0.00804397 -0.00759311 -0.00707598
v -0.00787305 -0.00768236 -0.00716594
v -0.00921848 -0.00722424 -0.00593496
v -0.00897379 -0.00749708 -0.00595251
v -0.00915274 -0.00740500 -0.00580331
v -0.00770213 -0.00776766 -0.00725262
v -0.00735737 -0.00794052 -0.00742377
v -0.00778759 -0.00759707 -0.00733929
v -0.00804105 -0.00733044 -0.00733161
v -0.00812870 -0.00741291 -0.00715936
v -0.00844789 -0.00696947 -0.00722519
v -0.00850486 -0.00683672 -0.00728663
v -0.00864364 -0.00685875 -0.00711328
v -0.00869550 -0.00695987 -0.00695749
v -0.00876343 -0.00678758 -0.00703977
v -0.00893581 -0.00667516 -0.00693006
v -0.00884451 -0.00659890 -0.00710999
v -0.00892412 -0.00639950 -0.00718130
v -0.00858813 -0.00634075 -0.00762564
v -0.00898402 -0.00622777 -0.00725152
v -0.00921483 -0.00593120 -0.00721970
v -0.00970859 -0.00511663 -0.00719227
v -0.00975607 -0.00494434 -0.00725152
v -0.00949312 -0.00467941 -0.00776168
v -0.00927034 -0.00575948 -0.00728772
v -0.00950846 -0.00573575 -0.00700796
v -0.00944199 -0.00561600 -0.00718021
v -0.00928495 -0.00449017 -0.00812374
v -0.00943030 -0.00451502 -0.00793942
v -0.00934192 -0.00430093 -0.00815446
v -0.00946536 -0.00436307 -0.00798331
v -0.01029585 -0.00805802 0.00116019
v -0.01032653 -0.00809812 -0.00038677
v -0.01020820 -0.00820602 0.00090236
v -0.01045216 -0.00791905 -0.00064569
v -0.01017752 -0.00816591 0.00141802
v -0.01003144 -0.00829866 0.00167584
v -0.00991092 -0.00842745 0.00167584
v -0.01053105 -0.00777388 -0.00090352
v -0.01046531 -0.00767785 -0.00193592
v -0.01025276 -0.00800096 -0.00182949
v -0.01041710 -0.00784336 -0.00141807
v -0.01043975 -0.00790267 -0.00090352
v -0.00974146 -0.00852066 0.00206642
v -0.01174062 -0.00450825 -0.00373741
v -0.01172748 -0.00475623 -0.00346751
v -0.01155656 -0.00520306 -0.00340717
v -0.01152004 -0.00537479 -0.00327881
v -0.01102481 -0.00430093 -0.00567714
v -0.01076624 -0.00490649 -0.00567823
v -0.01079473 -0.00500761 -0.00552683
v -0.01102335 -0.00516069 -0.00490146
v -0.01130821 -0.00471048 -0.00470288
v -0.01127169 -0.00488220 -0.00461950
v -0.01147548 -0.00450429 -0.00450540
v -0.01130383 -0.00495620 -0.00444725
v -0.01126731 -0.00512793 -0.00434522
v -0.01146964 -0.00552448 -0.00320530
v -0.01149812 -0.00558832 -0.00296722
v -0.01132574 -0.00580806 -0.00320310
v -0.01138491 -0.00580523 -0.00296722
v -0.01128119 -0.00593572 -0.00310107
v -0.01122568 -0.00631025 -0.00246254
v -0.01100801 -0.00668081 -0.00251740
v -0.01102846 -0.00671640 -0.00234515
v -0.01096492 -0.00687570 -0.00219374
v -0.01076186 -0.00722480 -0.00205331
v -0.01078596 -0.00722480 -0.00189422
v -0.00967353 -0.00859127 0.00206642
v -0.00992845 -0.00844497 0.00141802
v -0.01022573 -0.00822692 -0.00038677
v -0.01022062 -0.00822127 -0.00064569
v -0.01007892 -0.00834837 -0.00090352
v -0.00982984 -0.00861500 -0.00090352
v -0.01004824 -0.00831617 0.00141802
v -0.00979990 -0.00858223 -0.00141807
v -0.00978748 -0.00831222 -0.00270939
v -0.00994817 -0.00820376 -0.00245157
v -0.00991530 -0.00816422 -0.00270939
v -0.00997739 -0.00797893 -0.00304731
v -0.00980501 -0.00813258 -0.00320310
v -0.00989631 -0.00810660 -0.00296393
v -0.01000807 -0.00827324 -0.00193592
v -0.01023742 -0.00798176 -0.00200174
v -0.01006869 -0.00813823 -0.00217290
v -0.00997228 -0.00823313 -0.00224531
v -0.00991092 -0.00842745 -0.00167809
v -0.00994963 -0.00794504 -0.00322505
v -0.01001683 -0.00777275 -0.00342472
v -0.00991749 -0.00786256 -0.00349933
v -0.00974438 -0.00801057 -0.00364086
v -0.00971079 -0.00796763 -0.00381311
v -0.00967426 -0.00792075 -0.00399743
v -0.00950408 -0.00803316 -0.00419381
v -0.00970859 -0.00770722 -0.00432547
v -0.00966623 -0.00765638 -0.00451308
v -0.00973854 -0.00748748 -0.00465461
v -0.00953768 -0.00781455 -0.00451308
v -0.00944929 -0.00770665 -0.00485429
v -0.00947194 -0.00747561 -0.00515271
v -0.00934850 -0.00735360 -0.00554877
v -0.00944418 -0.00718187 -0.00562008
v -0.00926085 -0.00727621 -0.00580331
v -0.00892120 -0.00717961 -0.00639576
v -0.00864218 -0.00711013 -0.00685765
v -0.00839311 -0.00742026 -0.00683571
v -0.00845227 -0.00723102 -0.00697285
v -0.00849975 -0.00707172 -0.00707269
v -0.00939451 -0.00709544 -0.00580879
v -0.00945441 -0.00693614 -0.00589876
v -0.00926231 -0.00707511 -0.00603699
v -0.00899278 -0.00700732 -0.00649669
v -0.00893143 -0.00692993 -0.00666784
v -0.00884743 -0.00685875 -0.00685765
v -0.00922360 -0.00697569 -0.00620047
v -0.00926669 -0.00681808 -0.00630031
v -0.00916735 -0.00663562 -0.00663274
v -0.00927034 -0.00630403 -0.00681815
v -0.00922725 -0.00620744 -0.00697724
v -0.00899570 -0.00650287 -0.00700905
v -0.00916954 -0.00606339 -0.00716594
v -0.00927619 -0.00606339 -0.00703758
v -0.00945806 -0.00590748 -0.00693993
v -0.00999565 -0.00491101 -0.00697065
v -0.00973124 -0.00464099 -0.00747753
v -0.00972905 -0.00541037 -0.00695749
v -0.00941423 -0.00430093 -0.00807217
v -0.00996862 -0.00459298 -0.00719337
v -0.01003071 -0.00430093 -0.00727456
v -0.00970567 -0.00430093 -0.00770134
v -0.00954206 -0.00430093 -0.00791528
v -0.00947778 -0.00430093 -0.00799867
v -0.01032288 -0.00809191 -0.00064569
v -0.01031119 -0.00807666 -0.00090352
v -0.01032069 -0.00788403 -0.00192385
v -0.01015269 -0.00810208 -0.00192385
v -0.01003071 -0.00829866 -0.00167809
v -0.01015999 -0.00814275 -0.00167809
v -0.01017679 -0.00816422 -0.00141807
v -0.01029512 -0.00805632 -0.00116134
v -0.01149155 -0.00528892 -0.00348945
v -0.01136007 -0.00556798 -0.00350152
v -0.01130675 -0.00572445 -0.00342801
v -0.01095615 -0.00430093 -0.00580879
v -0.01079546 -0.00477374 -0.00573199
v -0.01072899 -0.00507822 -0.00560034
v -0.01066837 -0.00500761 -0.00578027
v -0.01076989 -0.00517143 -0.00542809
v -0.01102554 -0.00542337 -0.00464803
v -0.01104892 -0.00526350 -0.00474896
v -0.01113876 -0.00503133 -0.00477200
v -0.01113510 -0.00528949 -0.00451308
v -0.01122933 -0.00528553 -0.00425745
v -0.01125928 -0.00536914 -0.00406545
v -0.01125928 -0.00589618 -0.00327222
v -0.01099413 -0.00639780 -0.00322505
v -0.01101459 -0.00643509 -0.00306267
v -0.01096273 -0.00656614 -0.00297271
v -0.01089334 -0.00657857 -0.00322505
v -0.01079254 -0.00675029 -0.00322505
v -0.01082468 -0.00679944 -0.00296722
v -0.01083563 -0.00706833 -0.00219374
v -0.01075894 -0.00695648 -0.00281362
v -0.01076040 -0.00722424 -0.00206099
v -0.01043901 -0.00764000 -0.00219374
v -0.01030973 -0.00782359 -0.00219374
v -0.01020820 -0.00820545 -0.00090352
v -0.01004897 -0.00831561 -0.00141807
v -0.00992845 -0.00844497 -0.00141807
v -0.01005481 -0.00807496 -0.00245157
v -0.01002048 -0.00803542 -0.00270939
v -0.01021624 -0.00795238 -0.00219374
v -0.01007088 -0.00788234 -0.00296393
v -0.01004897 -0.00781568 -0.00322505
v -0.01024984 -0.00748183 -0.00335780
v -0.01011763 -0.00760554 -0.00347739
v -0.00998396 -0.00772925 -0.00359588
v -0.00977506 -0.00779139 -0.00399743
v -0.00976849 -0.00752758 -0.00451308
v -0.00990362 -0.00733835 -0.00451088
v -0.01006869 -0.00710279 -0.00451088
v -0.01026152 -0.00672600 -0.00466668
v -0.00986052 -0.00722480 -0.00477090
v -0.00978675 -0.00722480 -0.00491243
v -0.00972101 -0.00717735 -0.00510114
v -0.00967061 -0.00709940 -0.00530082
v -0.00954790 -0.00709544 -0.00553780
v -0.00973708 -0.00671358 -0.00568152
v -0.00950554 -0.00701014 -0.00572651
v -0.00992480 -0.00632663 -0.00581537
v -0.00974585 -0.00646785 -0.00595032
v -0.00951430 -0.00676385 -0.00598982
v -0.00940401 -0.00684463 -0.00606991
v -0.00959611 -0.00682486 -0.00579014
v -0.00979186 -0.00630686 -0.00604687
v -0.00974658 -0.00621195 -0.00621034
v -0.00940912 -0.00607412 -0.00684777
v -0.00959830 -0.00579450 -0.00682583
v -0.00969033 -0.00554708 -0.00689934
v -0.00951576 -0.00599560 -0.00676878
v -0.00997666 -0.00616846 -0.00590863
v -0.00974365 -0.00595154 -0.00646488
v -0.01025568 -0.00430093 -0.00697285
v -0.01002487 -0.00477374 -0.00701234
v -0.01000295 -0.00518216 -0.00672599
v -0.01028490 -0.00522566 -0.00624764
v -0.01051133 -0.00516917 -0.00594045
v -0.01021989 -0.00483588 -0.00666016
v -0.01015561 -0.00475962 -0.00681815
v -0.01024107 -0.00436928 -0.00695200
v -0.00973635 -0.00568209 -0.00671173
v -0.01016803 -0.00430093 -0.00709353
v -0.01128922 -0.00543579 -0.00389320
v -0.01127608 -0.00566740 -0.00359807
v -0.01096053 -0.00631363 -0.00348616
v -0.01103942 -0.00622325 -0.00340278
v -0.01101166 -0.00565554 -0.00435290
v -0.01104234 -0.00571203 -0.00418174
v -0.01094008 -0.00430093 -0.00583841
v -0.01075821 -0.00462800 -0.00591960
v -0.01072680 -0.00477374 -0.00586145
v -0.01054346 -0.00526802 -0.00578356
v -0.01067202 -0.00526972 -0.00552683
v -0.01080642 -0.00575100 -0.00472702
v -0.01075894 -0.00592273 -0.00462718
v -0.01105038 -0.00547138 -0.00451308
v -0.01051133 -0.00542732 -0.00568372
v -0.01066398 -0.00552561 -0.00526681
v -0.01077209 -0.00671923 -0.00337535
v -0.01070416 -0.00687966 -0.00322505
v -0.01073922 -0.00692824 -0.00296722
v -0.01050037 -0.00722480 -0.00309558
v -0.01021258 -0.00768575 -0.00296722
v -0.01025714 -0.00774959 -0.00261504
v -0.01017752 -0.00763717 -0.00322505
v -0.01066837 -0.00681808 -0.00346971
v -0.00994890 -0.00741969 -0.00425525
v -0.01026810 -0.00750838 -0.00322505
v -0.01046531 -0.00722480 -0.00322505
v -0.01002706 -0.00722480 -0.00440227
v -0.01029366 -0.00677346 -0.00451308
v -0.01023669 -0.00694914 -0.00435509
v -0.01043025 -0.00657010 -0.00451637
v -0.01049160 -0.00642209 -0.00460414
v -0.01031411 -0.00657631 -0.00475993
v -0.01027540 -0.00648875 -0.00495193
v -0.01005043 -0.00657292 -0.00527229
v -0.00990654 -0.00657292 -0.00554548
v -0.00996862 -0.00641701 -0.00563215
v -0.01002487 -0.00624472 -0.00573748
v -0.00968741 -0.00585381 -0.00663712
v -0.01008184 -0.00607469 -0.00581537
v -0.01024472 -0.00566853 -0.00592509
v -0.01002487 -0.00599617 -0.00598653
v -0.01031338 -0.00430093 -0.00688288
v -0.01019871 -0.00430093 -0.00705184
v -0.01020455 -0.00556854 -0.00607649
v -0.01046458 -0.00534089 -0.00585597
v -0.01054200 -0.00503077 -0.00599091
v -0.01025714 -0.00466415 -0.00672051
v -0.01030462 -0.00475962 -0.00657569
v -0.01109420 -0.00556064 -0.00426293
v -0.01081810 -0.00657970 -0.00346971
v -0.01069028 -0.00630629 -0.00424757
v -0.01075894 -0.00643904 -0.00385260
v -0.01079181 -0.00598317 -0.00445493
v -0.01082248 -0.00430093 -0.00604467
v -0.01079473 -0.00445571 -0.00598214
v -0.01046677 -0.00607808 -0.00504958
v -0.01053835 -0.00624980 -0.00470837
v -0.01046458 -0.00559961 -0.00558827
v -0.01034114 -0.00607921 -0.00530301
v -0.01057633 -0.00633002 -0.00451637
v -0.01024472 -0.00592725 -0.00566616
v -0.01052447 -0.00647858 -0.00443299
v -0.01047481 -0.00665935 -0.00425525
v -0.01033968 -0.00685254 -0.00426293
v -0.01023011 -0.00642040 -0.00512528
v -0.01023961 -0.00617637 -0.00539846
v -0.01028270 -0.00624867 -0.00522731
v -0.01021039 -0.00607921 -0.00556632
v -0.01071877 -0.00430093 -0.00621583
v -0.01059605 -0.00478504 -0.00607649
f 1 2 3
f 1 3 4
f 1 4 5
f 1 5 6
f 1 6 7
f 1 7 8
f 1 8 9
f 1 9 16
f 1 16 27
f 1 27 43
f 1 43 68
f 1 68 99
f 1 99 102
f 1 102 148
f 1 148 197
f 1 197 249
f 1 249 250
f 1 250 308
f 1 308 375
f 1 375 466
f 1 466 562
f 1 562 673
f 1 673 623
f 1 623 734
f 1 734 865
f 1 865 1014
f 1 1014 1152
f 1 1152 1038
f 1 1038 892
f 1 892 753
f 1 753 634
f 1 634 537
f 1 537 440
f 1 440 352
f 1 352 294
f 1 294 234
f 1 234 182
f 1 182 138
f 1 138 93
f 1 93 63
f 1 63 36
f 1 36 23
f 1 23 10
f 1 10 2
f 2 10 11
f 2 11 12
f 2 12 3
f 3 12 4
f 4 12 5
f 5 12 13
f 5 13 6
f 6 13 7
f 7 13 8
f 8 14 9
f 8 13 15
f 8 15 14
f 9 14 17
f 9 17 18
f 9 18 19
f 9 19 20
f 9 20 21
f 9 21 22
f 9 22 16
f 10 23 24
f 10 24 11
f 11 24 40
f 11 40 65
f 11 65 96
f 11 96 140
f 11 140 143
f 11 143 191
f 11 191 244
f 11 244 301
f 11 301 369
f 11 369 459
f 11 459 553
f 11 553 655
f 11 655 777
f 11 777 924
f 11 924 1073
f 11 1073 1187
f 11 1187 1188
f 11 1188 1298
f 11 1298 1323
f 11 1323 1214
f 11 1214 1104
f 11 1104 1103
f 11 1103 954
f 11 954 953
f 11 953 955
f 11 955 805
f 11 805 681
f 11 681 680
f 11 680 567
f 11 567 566
f 11 566 563
f 11 563 467
f 11 467 377
f 11 377 380
f 11 380 376
f 11 376 309
f 11 309 251
f 11 251 198
f 11 198 149
f 11 149 103
f 11 103 69
f 11 69 44
f 11 44 28
f 11 28 25
f 11 25 15
f 11 15 13
f 11 13 12
f 14 15 17
f 15 25 17
f 16 22 26
f 16 26 27
f 17 25 18
f 18 25 19
f 19 25 28
f 19 28 20
f 20 28 29
f 20 29 30
f 20 30 21
f 21 30 31
f 21 31 22
f 22 32 33
f 22 33 34
f 22 34 35
f 22 35 26
f 22 31 32
f 23 36 37
f 23 37 38
f 23 38 39
f 23 39 40
f 23 40 24
f 26 35 41
f 26 41 27
f 27 41 42
f 27 42 43
f 28 44 45
f 28 45 29
f 29 45 46
f 29 46 30
f 30 46 31
f 31 46 47
f 31 47 48
f 31 48 49
f 31 49 50
f 31 50 51
f 31 51 52
f 31 52 53
f 31 53 54
f 31 54 55
f 31 55 32
f 32 55 56
f 32 56 57
f 32 57 34
f 32 34 33
f 34 57 58
f 34 58 59
f 34 59 35
f 35 59 60
f 35 60 41
f 36 61 62
f 36 62 37
f 36 63 61
f 37 62 64
f 37 64 95
f 37 95 94
f 37 94 139
f 37 139 183
f 37 183 236
f 37 236 296
f 37 296 357
f 37 357 446
f 37 446 542
f 37 542 641
f 37 641 764
f 37 764 910
f 37 910 1056
f 37 1056 1172
f 37 1172 1284
f 37 1284 1381
f 37 1381 1386
f 37 1386 1385
f 37 1385 1384
f 37 1384 1383
f 37 1383 1466
f 37 1466 1510
f 37 1510 1457
f 37 1457 1509
f 37 1509 1536
f 37 1536 1521
f 37 1521 1473
f 37 1473 1398
f 37 1398 1303
f 37 1303 1195
f 37 1195 1080
f 37 1080 931
f 37 931 779
f 37 779 658
f 37 658 657
f 37 657 556
f 37 556 555
f 37 555 461
f 37 461 372
f 37 372 371
f 37 371 303
f 37 303 245
f 37 245 237
f 37 237 184
f 37 184 141
f 37 141 97
f 37 97 65
f 37 65 40
f 37 40 38
f 38 40 39
f 41 60 66
f 41 66 42
f 42 66 67
f 42 67 43
f 43 67 68
f 44 69 70
f 44 70 71
f 44 71 45
f 45 72 73
f 45 73 74
f 45 74 75
f 45 75 46
f 45 71 72
f 46 75 76
f 46 76 77
f 46 77 78
f 46 78 79
f 46 79 80
f 46 80 47
f 47 80 81
f 47 81 48
f 48 81 82
f 48 82 49
f 49 82 50
f 50 83 84
f 50 84 51
f 50 82 85
f 50 85 83
f 51 84 52
f 52 84 83
f 52 83 86
f 52 86 87
f 52 87 53
f 53 87 54
f 54 87 88
f 54 88 56
f 54 56 55
f 56 88 57
f 57 89 58
f 57 88 89
f 58 89 90
f 58 90 60
f 58 60 59
f 60 91 92
f 60 92 66
f 60 90 91
f 61 63 62
f 62 63 64
f 63 93 94
f 63 94 95
f 63 95 64
f 65 97 98
f 65 98 96
f 66 92 67
f 67 99 68
f 67 92 100
f 67 100 101
f 67 101 102
f 67 102 99
f 69 103 104
f 69 104 70
f 70 104 105
f 70 105 71
f 71 105 106
f 71 106 107
f 71 107 108
f 71 108 72
f 72 108 73
f 73 108 109
f 73 109 110
f 73 110 74
f 74 110 75
f 75 111 112
f 75 112 76
f 75 110 111
f 76 112 113
f 76 113 77
f 77 113 114
f 77 114 78
f 78 114 115
f 78 115 79
f 79 115 80
f 80 116 117
f 80 117 118
f 80 118 119
f 80 119 81
f 80 115 116
f 81 120 121
f 81 121 122
f 81 122 82
f 81 119 123
f 81 123 124
f 81 124 120
f 82 122 125
f 82 125 126
f 82 126 85
f 83 85 127
f 83 127 86
f 85 126 127
f 86 128 129
f 86 129 130
f 86 130 87
f 86 127 131
f 86 131 128
f 87 130 88
f 88 130 89
f 89 132 91
f 89 91 90
f 89 130 132
f 91 133 134
f 91 134 135
f 91 135 92
f 91 132 136
f 91 136 133
f 92 135 137
f 92 137 100
f 93 138 139
f 93 139 94
f 96 98 140
f 97 141 98
f 98 142 143
f 98 143 140
f 98 141 144
f 98 144 142
f 100 137 145
f 100 145 101
f 101 145 146
f 101 146 147
f 101 147 148
f 101 148 102
f 103 149 105
f 103 105 104
f 105 149 150
f 105 150 106
f 106 150 107
f 107 150 151
f 107 151 108
f 108 151 152
f 108 152 109
f 109 153 154
f 109 154 110
f 109 152 153
f 110 154 155
f 110 155 111
f 111 155 156
f 111 156 112
f 112 156 157
f 112 157 113
f 113 157 114
f 114 158 159
f 114 159 115
f 114 157 158
f 115 159 160
f 115 160 116
f 116 161 117
f 116 160 161
f 117 161 118
f 118 162 123
f 118 123 119
f 118 161 162
f 120 124 163
f 120 163 164
f 120 164 121
f 121 164 165
f 121 165 125
f 121 125 122
f 123 162 124
f 124 162 163
f 125 165 126
f 126 165 127
f 127 165 166
f 127 166 131
f 128 167 168
f 128 168 169
f 128 169 170
f 128 170 129
f 128 131 171
f 128 171 172
f 128 172 167
f 129 170 130
f 130 170 173
f 130 173 132
f 131 166 171
f 132 173 174
f 132 174 136
f 133 175 134
f 133 136 174
f 133 174 176
f 133 176 175
f 134 177 178
f 134 178 135
f 134 175 177
f 135 178 179
f 135 179 137
f 137 179 180
f 137 180 181
f 137 181 145
f 138 182 139
f 139 182 183
f 141 184 144
f 142 144 185
f 142 185 186
f 142 186 187
f 142 187 188
f 142 188 189
f 142 189 190
f 142 190 143
f 143 190 191
f 144 184 192
f 144 192 193
f 144 193 185
f 145 194 146
f 145 181 194
f 146 195 196
f 146 196 147
f 146 194 195
f 147 196 197
f 147 197 148
f 149 198 199
f 149 199 150
f 150 200 201
f 150 201 151
f 150 199 200
f 151 201 202
f 151 202 153
f 151 153 152
f 153 203 204
f 153 204 154
f 153 202 203
f 154 204 155
f 155 205 206
f 155 206 156
f 155 204 205
f 156 206 207
f 156 207 157
f 157 207 158
f 158 208 209
f 158 209 160
f 158 160 159
f 158 207 208
f 160 209 210
f 160 210 161
f 161 211 212
f 161 212 162
f 161 210 211
f 162 212 213
f 162 213 214
f 162 214 215
f 162 215 165
f 162 165 164
f 162 164 163
f 165 216 166
f 165 215 217
f 165 217 216
f 166 216 218
f 166 218 171
f 167 219 168
f 167 172 219
f 168 220 221
f 168 221 169
f 168 219 220
f 169 221 170
f 170 222 223
f 170 223 173
f 170 221 222
f 171 218 172
f 172 224 219
f 172 218 225
f 172 225 224
f 173 223 226
f 173 226 174
f 174 226 176
f 175 176 227
f 175 227 177
f 176 226 228
f 176 228 227
f 177 227 229
f 177 229 230
f 177 230 178
f 178 230 231
f 178 231 179
f 179 231 180
f 180 232 233
f 180 233 194
f 180 194 181
f 180 231 232
f 182 234 293
f 182 293 351
f 182 351 438
f 182 438 355
f 182 355 296
f 182 296 236
f 182 236 235
f 182 235 183
f 183 235 236
f 184 237 192
f 185 238 187
f 185 187 186
f 185 193 239
f 185 239 240
f 185 240 241
f 185 241 238
f 187 238 188
f 188 242 190
f 188 190 189
f 188 238 243
f 188 243 242
f 190 242 244
f 190 244 191
f 192 245 246
f 192 246 193
f 192 237 245
f 193 246 304
f 193 304 247
f 193 247 239
f 194 233 195
f 195 233 248
f 195 248 196
f 196 249 197
f 196 248 250
f 196 250 249
f 198 251 252
f 198 252 199
f 199 252 253
f 199 253 200
f 200 254 201
f 200 253 255
f 200 255 254
f 201 254 256
f 201 256 257
f 201 257 203
f 201 203 202
f 203 258 204
f 203 257 258
f 204 259 260
f 204 260 205
f 204 258 259
f 205 260 261
f 205 261 206
f 206 261 207
f 207 262 263
f 207 263 208
f 207 261 262
f 208 263 264
f 208 264 210
f 208 210 209
f 210 264 265
f 210 265 266
f 210 266 267
f 210 267 211
f 211 267 268
f 211 268 212
f 212 268 213
f 213 268 214
f 214 268 269
f 214 269 270
f 214 270 271
f 214 271 272
f 214 272 217
f 214 217 215
f 216 273 218
f 216 217 272
f 216 272 274
f 216 274 273
f 218 273 275
f 218 275 225
f 219 276 220
f 219 224 276
f 220 222 221
f 220 276 277
f 220 277 278
f 220 278 279
f 220 279 222
f 222 279 280
f 222 280 223
f 223 280 226
f 224 225 281
f 224 281 282
f 224 282 276
f 225 275 281
f 226 283 228
f 226 280 283
f 227 228 283
f 227 283 229
f 229 283 284
f 229 284 285
f 229 285 286
f 229 286 287
f 229 287 230
f 230 287 288
f 230 288 289
f 230 289 232
f 230 232 231
f 232 289 290
f 232 290 233
f 233 290 291
f 233 291 292
f 233 292 248
f 234 294 295
f 234 295 293
f 238 241 297
f 238 297 243
f 239 247 298
f 239 298 299
f 239 299 240
f 240 299 241
f 241 299 297
f 242 300 301
f 242 301 244
f 242 243 300
f 243 302 300
f 243 297 302
f 245 303 304
f 245 304 246
f 247 304 305
f 247 305 298
f 248 292 306
f 248 306 307
f 248 307 250
f 250 307 308
f 251 309 253
f 251 253 252
f 253 310 255
f 253 309 311
f 253 311 312
f 253 312 310
f 254 255 313
f 254 313 314
f 254 314 256
f 255 310 313
f 256 314 257
f 257 314 258
f 258 314 315
f 258 315 316
f 258 316 259
f 259 316 260
f 260 317 318
f 260 318 261
f 260 316 317
f 261 318 319
f 261 319 262
f 262 319 263
f 263 320 321
f 263 321 264
f 263 319 320
f 264 321 265
f 265 321 266
f 266 321 322
f 266 322 267
f 267 322 323
f 267 323 268
f 268 323 324
f 268 324 325
f 268 325 269
f 269 325 270
f 270 325 271
f 271 326 327
f 271 327 274
f 271 274 272
f 271 325 326
f 273 328 275
f 273 274 329
f 273 329 328
f 274 327 329
f 275 330 281
f 275 328 330
f 276 282 330
f 276 330 331
f 276 331 277
f 277 332 333
f 277 333 334
f 277 334 335
f 277 335 278
f 277 331 336
f 277 336 332
f 278 335 337
f 278 337 279
f 279 337 283
f 279 283 280
f 281 330 282
f 283 337 284
f 284 337 285
f 285 338 286
f 285 337 339
f 285 339 338
f 286 338 340
f 286 340 287
f 287 340 288
f 288 341 342
f 288 342 343
f 288 343 344
f 288 344 291
f 288 291 290
f 288 290 289
f 288 340 341
f 291 344 345
f 291 345 346
f 291 346 347
f 291 347 292
f 292 347 348
f 292 348 306
f 293 295 349
f 293 349 350
f 293 350 351
f 294 352 353
f 294 353 295
f 295 353 354
f 295 354 349
f 296 355 356
f 296 356 357
f 297 299 358
f 297 358 359
f 297 359 302
f 298 360 299
f 298 305 361
f 298 361 448
f 298 448 360
f 299 362 363
f 299 363 358
f 299 360 364
f 299 364 365
f 299 365 366
f 299 366 362
f 300 367 368
f 300 368 301
f 300 302 367
f 301 368 369
f 302 370 367
f 302 359 370
f 303 371 304
f 304 371 372
f 304 372 373
f 304 373 305
f 305 373 462
f 305 462 374
f 305 374 449
f 305 449 361
f 306 348 375
f 306 375 308
f 306 308 307
f 309 376 311
f 310 312 377
f 310 377 378
f 310 378 379
f 310 379 313
f 311 376 312
f 312 376 380
f 312 380 377
f 313 379 381
f 313 381 314
f 314 381 382
f 314 382 315
f 315 383 384
f 315 384 316
f 315 382 383
f 316 384 317
f 317 384 385
f 317 385 318
f 318 385 319
f 319 385 320
f 320 386 387
f 320 387 321
f 320 385 386
f 321 388 322
f 321 387 388
f 322 389 324
f 322 324 323
f 322 388 389
f 324 390 325
f 324 389 390
f 325 390 391
f 325 391 326
f 326 391 392
f 326 392 393
f 326 393 327
f 327 393 329
f 328 329 394
f 328 394 395
f 328 395 330
f 329 393 394
f 330 396 331
f 330 395 396
f 331 396 336
f 332 397 333
f 332 336 398
f 332 398 399
f 332 399 397
f 333 397 400
f 333 400 401
f 333 401 402
f 333 402 403
f 333 403 404
f 333 404 405
f 333 405 406
f 333 406 407
f 333 407 334
f 334 407 335
f 335 408 337
f 335 407 408
f 336 396 409
f 336 409 398
f 337 408 410
f 337 410 339
f 338 411 340
f 338 339 410
f 338 410 412
f 338 412 411
f 340 413 341
f 340 411 413
f 341 413 342
f 342 414 415
f 342 415 416
f 342 416 417
f 342 417 418
f 342 418 343
f 342 413 419
f 342 419 420
f 342 420 421
f 342 421 422
f 342 422 414
f 343 423 344
f 343 418 423
f 344 423 424
f 344 424 345
f 345 425 346
f 345 424 418
f 345 418 425
f 346 348 347
f 346 425 426
f 346 426 427
f 346 427 428
f 346 428 429
f 346 429 430
f 346 430 431
f 346 431 348
f 348 431 432
f 348 432 433
f 348 433 434
f 348 434 375
f 349 354 435
f 349 435 436
f 349 436 350
f 350 437 438
f 350 438 351
f 350 436 439
f 350 439 437
f 352 440 353
f 353 440 441
f 353 441 442
f 353 442 354
f 354 442 443
f 354 443 435
f 355 438 444
f 355 444 356
f 356 445 446
f 356 446 357
f 356 444 445
f 358 447 359
f 358 363 447
f 359 447 370
f 360 448 455
f 360 455 364
f 361 449 543
f 361 543 448
f 362 450 363
f 362 366 451
f 362 451 452
f 362 452 453
f 362 453 450
f 363 450 454
f 363 454 447
f 364 455 365
f 365 455 456
f 365 456 457
f 365 457 366
f 366 457 451
f 367 458 368
f 367 370 458
f 368 459 369
f 368 458 460
f 368 460 459
f 370 447 454
f 370 454 458
f 372 461 462
f 372 462 373
f 374 462 463
f 374 463 464
f 374 464 465
f 374 465 449
f 375 433 466
f 375 434 433
f 377 467 378
f 378 468 379
f 378 467 468
f 379 469 470
f 379 470 471
f 379 471 381
f 379 468 469
f 381 471 472
f 381 472 383
f 381 383 382
f 383 473 384
f 383 472 473
f 384 474 475
f 384 475 476
f 384 476 385
f 384 473 474
f 385 476 477
f 385 477 478
f 385 478 386
f 386 478 479
f 386 479 388
f 386 388 387
f 388 479 480
f 388 480 389
f 389 481 482
f 389 482 483
f 389 483 484
f 389 484 390
f 389 480 481
f 390 484 391
f 391 484 485
f 391 485 392
f 392 486 487
f 392 487 488
f 392 488 489
f 392 489 394
f 392 394 393
f 392 485 486
f 394 489 395
f 395 489 490
f 395 490 491
f 395 491 396
f 396 491 409
f 397 399 492
f 397 492 400
f 398 409 493
f 398 493 494
f 398 494 399
f 399 494 492
f 400 495 496
f 400 496 497
f 400 497 498
f 400 498 402
f 400 402 401
f 400 492 494
f 400 494 499
f 400 499 495
f 402 498 403
f 403 500 501
f 403 501 502
f 403 502 404
f 403 498 500
f 404 412 406
f 404 406 405
f 404 502 503
f 404 503 412
f 406 412 408
f 406 408 407
f 408 412 410
f 409 491 493
f 411 504 420
f 411 420 413
f 411 412 504
f 412 503 505
f 412 505 504
f 413 420 419
f 414 506 415
f 414 422 507
f 414 507 508
f 414 508 509
f 414 509 506
f 415 510 511
f 415 511 512
f 415 512 513
f 415 513 416
f 415 506 510
f 416 513 514
f 416 514 515
f 416 515 516
f 416 516 417
f 417 516 517
f 417 517 418
f 418 517 425
f 418 424 423
f 420 504 505
f 420 505 518
f 420 518 421
f 421 519 422
f 421 518 519
f 422 519 507
f 425 517 426
f 426 520 427
f 426 517 520
f 427 521 522
f 427 522 428
f 427 520 515
f 427 515 514
f 427 514 523
f 427 523 521
f 428 522 524
f 428 524 429
f 429 524 525
f 429 525 526
f 429 526 430
f 430 526 527
f 430 527 528
f 430 528 431
f 431 528 432
f 432 528 433
f 433 528 529
f 433 529 466
f 435 443 530
f 435 530 531
f 435 531 436
f 436 531 532
f 436 532 439
f 437 439 533
f 437 533 534
f 437 534 444
f 437 444 438
f 439 532 535
f 439 535 533
f 440 536 441
f 440 537 536
f 441 536 538
f 441 538 442
f 442 538 443
f 443 538 530
f 444 534 539
f 444 539 445
f 445 539 540
f 445 540 541
f 445 541 542
f 445 542 446
f 448 543 550
f 448 550 455
f 449 465 560
f 449 560 543
f 450 453 544
f 450 544 545
f 450 545 454
f 451 457 546
f 451 546 452
f 452 546 547
f 452 547 453
f 453 548 544
f 453 547 548
f 454 545 549
f 454 549 458
f 455 550 551
f 455 551 456
f 456 551 552
f 456 552 457
f 457 552 647
f 457 647 546
f 458 549 460
f 459 460 553
f 460 549 554
f 460 554 553
f 461 555 463
f 461 463 462
f 463 556 557
f 463 557 558
f 463 558 464
f 463 555 556
f 464 558 559
f 464 559 465
f 465 559 561
f 465 561 560
f 466 529 562
f 467 563 564
f 467 564 468
f 468 564 469
f 469 565 470
f 469 564 566
f 469 566 567
f 469 567 568
f 469 568 569
f 469 569 565
f 470 565 570
f 470 570 471
f 471 570 473
f 471 473 472
f 473 570 571
f 473 571 572
f 473 572 573
f 473 573 574
f 473 574 474
f 474 574 475
f 475 574 575
f 475 575 476
f 476 575 477
f 477 575 478
f 478 576 577
f 478 577 578
f 478 578 480
f 478 480 479
f 478 575 576
f 480 578 579
f 480 579 481
f 481 579 482
f 482 580 581
f 482 581 582
f 482 582 583
f 482 583 485
f 482 485 484
f 482 484 483
f 482 579 580
f 485 583 486
f 486 584 487
f 486 583 584
f 487 582 585
f 487 585 586
f 487 586 587
f 487 587 491
f 487 491 490
f 487 490 489
f 487 489 488
f 487 584 582
f 491 587 586
f 491 586 588
f 491 588 589
f 491 589 493
f 493 590 591
f 493 591 494
f 493 589 590
f 494 591 499
f 495 499 592
f 495 592 593
f 495 593 496
f 496 593 594
f 496 594 497
f 497 595 596
f 497 596 498
f 497 594 595
f 498 596 597
f 498 597 500
f 499 591 590
f 499 590 598
f 499 598 592
f 500 597 599
f 500 599 600
f 500 600 601
f 500 601 501
f 501 601 502
f 502 601 602
f 502 602 603
f 502 603 518
f 502 518 505
f 502 505 503
f 506 509 604
f 506 604 510
f 507 519 605
f 507 605 508
f 508 606 509
f 508 605 607
f 508 607 606
f 509 606 608
f 509 608 604
f 510 604 609
f 510 609 511
f 511 609 512
f 512 514 513
f 512 609 610
f 512 610 611
f 512 611 612
f 512 612 514
f 514 612 613
f 514 613 523
f 515 520 516
f 516 520 517
f 518 603 605
f 518 605 519
f 521 614 615
f 521 615 616
f 521 616 522
f 521 523 613
f 521 613 614
f 522 616 617
f 522 617 618
f 522 618 524
f 524 618 619
f 524 619 525
f 525 619 620
f 525 620 526
f 526 620 621
f 526 621 527
f 527 621 528
f 528 621 622
f 528 622 623
f 528 623 624
f 528 624 529
f 529 624 562
f 530 625 626
f 530 626 627
f 530 627 531
f 530 538 625
f 531 627 628
f 531 628 629
f 531 629 532
f 532 629 535
f 533 535 630
f 533 630 539
f 533 539 534
f 535 629 631
f 535 631 632
f 535 632 630
f 536 537 633
f 536 633 538
f 537 634 633
f 538 633 635
f 538 635 625
f 539 630 636
f 539 636 637
f 539 637 540
f 540 637 638
f 540 638 639
f 540 639 640
f 540 640 541
f 541 640 542
f 542 640 642
f 542 642 641
f 543 560 651
f 543 651 550
f 544 643 644
f 544 644 645
f 544 645 545
f 544 548 643
f 545 645 646
f 545 646 554
f 545 554 549
f 546 647 649
f 546 649 547
f 547 648 548
f 547 649 772
f 547 772 648
f 548 650 643
f 548 648 650
f 550 651 652
f 550 652 551
f 551 652 653
f 551 653 552
f 552 653 654
f 552 654 647
f 553 554 656
f 553 656 655
f 554 646 656
f 556 657 557
f 557 657 658
f 557 658 659
f 557 659 660
f 557 660 558
f 558 660 661
f 558 661 662
f 558 662 559
f 559 663 561
f 559 662 664
f 559 664 665
f 559 665 666
f 559 666 663
f 560 561 651
f 561 667 668
f 561 668 669
f 561 669 653
f 561 653 652
f 561 652 651
f 561 663 670
f 561 670 671
f 561 671 672
f 561 672 667
f 562 624 673
f 563 566 564
f 565 674 675
f 565 675 676
f 565 676 677
f 565 677 571
f 565 571 570
f 565 569 678
f 565 678 679
f 565 679 674
f 567 680 568
f 568 680 681
f 568 681 682
f 568 682 569
f 569 682 678
f 571 677 683
f 571 683 573
f 571 573 572
f 573 683 574
f 574 684 685
f 574 685 575
f 574 683 684
f 575 685 686
f 575 686 576
f 576 686 577
f 577 686 687
f 577 687 688
f 577 688 580
f 577 580 689
f 577 689 578
f 578 689 579
f 579 689 580
f 580 690 691
f 580 691 581
f 580 688 690
f 581 691 582
f 582 692 693
f 582 693 694
f 582 694 586
f 582 586 585
f 582 584 583
f 582 691 695
f 582 695 696
f 582 696 697
f 582 697 692
f 586 598 588
f 586 694 698
f 586 698 598
f 588 598 590
f 588 590 589
f 592 699 700
f 592 700 593
f 592 598 699
f 593 700 594
f 594 700 595
f 595 700 596
f 596 700 701
f 596 701 702
f 596 702 703
f 596 703 704
f 596 704 597
f 597 704 599
f 598 698 705
f 598 705 699
f 599 704 706
f 599 706 707
f 599 707 600
f 600 707 708
f 600 708 601
f 601 708 709
f 601 709 602
f 602 709 710
f 602 710 607
f 602 607 603
f 603 607 605
f 604 711 712
f 604 712 713
f 604 713 609
f 604 608 714
f 604 714 715
f 604 715 716
f 604 716 711
f 606 607 608
f 607 710 714
f 607 714 608
f 609 717 718
f 609 718 719
f 609 719 610
f 609 713 720
f 609 720 717
f 610 719 721
f 610 721 722
f 610 722 723
f 610 723 615
f 610 615 611
f 611 614 612
f 611 615 614
f 612 614 613
f 615 724 616
f 615 723 724
f 616 724 617
f 617 724 725
f 617 725 726
f 617 726 727
f 617 727 728
f 617 728 618
f 618 728 619
f 619 728 727
f 619 727 729
f 619 729 730
f 619 730 620
f 620 730 731
f 620 731 732
f 620 732 621
f 621 732 622
f 622 732 733
f 622 733 734
f 622 734 623
f 623 673 624
f 625 635 626
f 626 735 736
f 626 736 737
f 626 737 738
f 626 738 739
f 626 739 627
f 626 635 735
f 627 739 738
f 627 738 740
f 627 740 741
f 627 741 742
f 627 742 628
f 628 742 743
f 628 743 744
f 628 744 745
f 628 745 629
f 629 746 631
f 629 745 747
f 629 747 748
f 629 748 746
f 630 632 749
f 630 749 636
f 631 750 749
f 631 749 632
f 631 746 748
f 631 748 751
f 631 751 750
f 633 634 752
f 633 752 635
f 634 753 754
f 634 754 755
f 634 755 756
f 634 756 752
f 635 752 757
f 635 757 758
f 635 758 735
f 636 638 637
f 636 749 638
f 638 749 759
f 638 759 639
f 639 759 760
f 639 760 761
f 639 761 762
f 639 762 763
f 639 763 642
f 639 642 640
f 641 642 764
f 642 763 765
f 642 765 764
f 643 766 767
f 643 767 644
f 643 650 768
f 643 768 766
f 644 767 645
f 645 767 646
f 646 767 769
f 646 769 656
f 647 654 770
f 647 770 649
f 648 771 650
f 648 772 919
f 648 919 771
f 649 770 773
f 649 773 774
f 649 774 772
f 650 775 768
f 650 771 775
f 653 669 654
f 654 669 770
f 655 656 776
f 655 776 777
f 656 769 778
f 656 778 776
f 658 779 780
f 658 780 781
f 658 781 659
f 659 781 662
f 659 662 661
f 659 661 660
f 662 782 783
f 662 783 784
f 662 784 665
f 662 665 664
f 662 781 782
f 663 666 670
f 665 784 785
f 665 785 786
f 665 786 787
f 665 787 666
f 666 787 788
f 666 788 789
f 666 789 671
f 666 671 670
f 667 672 790
f 667 790 791
f 667 791 668
f 668 792 793
f 668 793 669
f 668 791 792
f 669 793 773
f 669 773 770
f 671 789 794
f 671 794 672
f 672 794 795
f 672 795 791
f 672 791 790
f 674 679 796
f 674 796 797
f 674 797 798
f 674 798 799
f 674 799 676
f 674 676 675
f 676 799 800
f 676 800 801
f 676 801 802
f 676 802 677
f 677 802 952
f 677 952 803
f 677 803 683
f 678 804 679
f 678 682 805
f 678 805 806
f 678 806 804
f 679 804 807
f 679 807 796
f 681 805 682
f 683 803 684
f 684 803 808
f 684 808 685
f 685 808 686
f 686 808 687
f 687 809 810
f 687 810 688
f 687 808 956
f 687 956 809
f 688 811 690
f 688 810 811
f 690 812 813
f 690 813 814
f 690 814 695
f 690 695 691
f 690 811 812
f 692 697 815
f 692 815 816
f 692 816 817
f 692 817 693
f 693 817 818
f 693 818 694
f 694 818 698
f 695 814 697
f 695 697 696
f 697 819 815
f 697 814 820
f 697 820 819
f 698 818 705
f 699 821 822
f 699 822 700
f 699 705 823
f 699 823 821
f 700 822 701
f 701 824 821
f 701 821 825
f 701 825 702
f 701 822 824
f 702 825 703
f 703 826 827
f 703 827 715
f 703 715 828
f 703 828 706
f 703 706 704
f 703 825 829
f 703 829 830
f 703 830 831
f 703 831 832
f 703 832 833
f 703 833 826
f 705 834 823
f 705 818 834
f 706 828 715
f 706 715 835
f 706 835 836
f 706 836 707
f 707 836 837
f 707 837 709
f 707 709 708
f 709 838 710
f 709 837 838
f 710 715 714
f 710 838 715
f 711 716 715
f 711 715 839
f 711 839 840
f 711 840 841
f 711 841 842
f 711 842 843
f 711 843 844
f 711 844 712
f 712 844 845
f 712 845 720
f 712 720 713
f 715 846 839
f 715 838 837
f 715 837 835
f 715 827 847
f 715 847 846
f 717 720 848
f 717 848 849
f 717 849 718
f 718 849 850
f 718 850 851
f 718 851 852
f 718 852 721
f 718 721 719
f 720 845 848
f 721 852 853
f 721 853 722
f 722 854 855
f 722 855 723
f 722 853 854
f 723 855 724
f 724 856 857
f 724 857 725
f 724 855 856
f 725 857 726
f 726 857 727
f 727 857 858
f 727 858 859
f 727 859 860
f 727 860 861
f 727 861 862
f 727 862 729
f 729 731 730
f 729 862 731
f 731 862 732
f 732 863 864
f 732 864 733
f 732 862 863
f 733 864 865
f 733 865 734
f 735 758 736
f 736 758 866
f 736 866 867
f 736 867 737
f 737 867 868
f 737 868 740
f 737 740 738
f 740 869 870
f 740 870 871
f 740 871 872
f 740 872 873
f 740 873 874
f 740 874 875
f 740 875 741
f 740 868 869
f 741 875 742
f 742 875 876
f 742 876 877
f 742 877 878
f 742 878 744
f 742 744 743
f 744 878 879
f 744 879 745
f 745 879 747
f 747 880 881
f 747 881 882
f 747 882 883
f 747 883 884
f 747 884 885
f 747 885 751
f 747 751 748
f 747 879 880
f 749 750 886
f 749 886 887
f 749 887 888
f 749 888 759
f 750 751 889
f 750 889 890
f 750 890 886
f 751 885 889
f 752 756 755
f 752 755 891
f 752 891 758
f 752 758 757
f 753 892 893
f 753 893 894
f 753 894 754
f 754 894 895
f 754 895 755
f 755 895 896
f 755 896 897
f 755 897 891
f 758 896 898
f 758 898 867
f 758 867 866
f 758 891 896
f 759 888 887
f 759 887 899
f 759 899 900
f 759 900 760
f 760 900 901
f 760 901 902
f 760 902 761
f 761 903 762
f 761 902 904
f 761 904 903
f 762 903 763
f 763 903 905
f 763 905 906
f 763 906 907
f 763 907 908
f 763 908 909
f 763 909 765
f 764 765 910
f 765 909 907
f 765 907 911
f 765 911 910
f 766 912 913
f 766 913 767
f 766 768 912
f 767 914 915
f 767 915 769
f 767 913 912
f 767 912 914
f 768 775 916
f 768 916 912
f 769 915 917
f 769 917 778
f 771 918 775
f 771 919 1065
f 771 1065 918
f 772 774 920
f 772 920 919
f 773 793 921
f 773 921 774
f 774 921 922
f 774 922 920
f 775 923 916
f 775 918 923
f 776 924 777
f 776 778 917
f 776 917 924
f 779 925 926
f 779 926 927
f 779 927 928
f 779 928 929
f 779 929 930
f 779 930 782
f 779 782 780
f 779 931 925
f 780 782 781
f 782 930 783
f 783 929 932
f 783 932 933
f 783 933 784
f 783 930 929
f 784 933 785
f 785 933 934
f 785 934 935
f 785 935 786
f 786 935 787
f 787 935 788
f 788 935 936
f 788 936 937
f 788 937 794
f 788 794 789
f 791 795 938
f 791 938 939
f 791 939 940
f 791 940 792
f 792 940 939
f 792 939 941
f 792 941 942
f 792 942 793
f 793 942 921
f 794 937 943
f 794 943 795
f 795 943 938
f 796 807 797
f 797 944 798
f 797 807 945
f 797 945 946
f 797 946 944
f 798 947 948
f 798 948 799
f 798 944 947
f 799 948 800
f 800 948 949
f 800 949 801
f 801 949 950
f 801 950 951
f 801 951 952
f 801 952 802
f 803 952 956
f 803 956 808
f 804 806 953
f 804 953 954
f 804 954 807
f 805 955 806
f 806 955 953
f 807 954 945
f 809 957 810
f 809 956 957
f 810 957 958
f 810 958 959
f 810 959 811
f 811 959 960
f 811 960 961
f 811 961 812
f 812 961 820
f 812 820 813
f 813 820 814
f 815 819 962
f 815 962 816
f 816 962 963
f 816 963 964
f 816 964 965
f 816 965 817
f 817 965 966
f 817 966 818
f 818 966 834
f 819 967 962
f 819 820 968
f 819 968 967
f 820 961 969
f 820 969 968
f 821 970 971
f 821 971 972
f 821 972 973
f 821 973 974
f 821 974 825
f 821 824 822
f 821 823 975
f 821 975 965
f 821 965 976
f 821 976 977
f 821 977 978
f 821 978 970
f 823 834 966
f 823 966 975
f 825 974 829
f 826 847 827
f 826 833 847
f 829 974 830
f 830 974 973
f 830 973 979
f 830 979 980
f 830 980 831
f 831 980 832
f 832 980 981
f 832 981 982
f 832 982 833
f 833 983 984
f 833 984 847
f 833 982 981
f 833 981 985
f 833 985 983
f 835 837 836
f 839 846 840
f 840 846 986
f 840 986 841
f 841 986 984
f 841 984 987
f 841 987 842
f 842 988 989
f 842 989 990
f 842 990 991
f 842 991 843
f 842 987 992
f 842 992 988
f 843 991 844
f 844 991 993
f 844 993 845
f 845 993 848
f 846 984 986
f 846 847 984
f 848 994 849
f 848 993 994
f 849 994 995
f 849 995 996
f 849 996 997
f 849 997 998
f 849 998 999
f 849 999 851
f 849 851 850
f 851 1000 1001
f 851 1001 1002
f 851 1002 852
f 851 999 1000
f 852 1002 853
f 853 1002 854
f 854 1001 1003
f 854 1003 856
f 854 856 855
f 854 1002 1001
f 856 1003 857
f 857 1003 1004
f 857 1004 1005
f 857 1005 1006
f 857 1006 858
f 858 1006 859
f 859 1006 1007
f 859 1007 860
f 860 1007 1008
f 860 1008 861
f 861 1008 1009
f 861 1009 1010
f 861 1010 862
f 862 1010 1011
f 862 1011 1012
f 862 1012 863
f 863 1012 864
f 864 1012 1011
f 864 1011 1013
f 864 1013 865
f 865 1013 1014
f 867 898 896
f 867 896 1015
f 867 1015 1016
f 867 1016 869
f 867 869 868
f 869 1017 871
f 869 871 870
f 869 1016 1017
f 871 873 872
f 871 1017 1005
f 871 1005 1018
f 871 1018 1003
f 871 1003 1019
f 871 1019 1020
f 871 1020 1021
f 871 1021 873
f 873 1021 1020
f 873 1020 1022
f 873 1022 1023
f 873 1023 1024
f 873 1024 1025
f 873 1025 880
f 873 880 874
f 874 880 1026
f 874 1026 875
f 875 877 876
f 875 1026 880
f 875 880 877
f 877 879 878
f 877 880 879
f 880 1025 881
f 881 1025 1024
f 881 1024 1027
f 881 1027 1028
f 881 1028 882
f 882 1028 883
f 883 1029 1030
f 883 1030 885
f 883 885 884
f 883 1028 1031
f 883 1031 1032
f 883 1032 1029
f 885 1030 1033
f 885 1033 1034
f 885 1034 1035
f 885 1035 1036
f 885 1036 889
f 886 890 887
f 887 890 1036
f 887 1036 1037
f 887 1037 899
f 889 1036 890
f 891 897 896
f 892 1038 1011
f 892 1011 1039
f 892 1039 893
f 893 1039 894
f 894 1039 1040
f 894 1040 895
f 895 1040 1041
f 895 1041 896
f 896 1041 1008
f 896 1008 1042
f 896 1042 1043
f 896 1043 1005
f 896 1005 1044
f 896 1044 1015
f 899 1037 901
f 899 901 900
f 901 1037 902
f 902 1037 1045
f 902 1045 1046
f 902 1046 905
f 902 905 904
f 903 904 905
f 905 1046 1047
f 905 1047 1048
f 905 1048 1049
f 905 1049 1050
f 905 1050 1051
f 905 1051 1052
f 905 1052 906
f 906 1052 1053
f 906 1053 907
f 907 1053 1054
f 907 1054 1055
f 907 1055 911
f 907 909 908
f 910 911 1055
f 910 1055 1056
f 912 1057 1058
f 912 1058 914
f 912 916 1057
f 914 1059 917
f 914 917 915
f 914 1058 1059
f 916 1060 1057
f 916 923 1061
f 916 1061 1060
f 917 1059 1062
f 917 1062 1063
f 917 1063 1064
f 917 1064 924
f 918 1065 1072
f 918 1072 923
f 919 920 1065
f 920 922 1066
f 920 1066 1065
f 921 1067 922
f 921 942 1068
f 921 1068 1069
f 921 1069 1067
f 922 1070 1066
f 922 1067 1071
f 922 1071 1070
f 923 1072 1178
f 923 1178 1061
f 924 1064 1074
f 924 1074 1073
f 925 1075 926
f 925 931 1076
f 925 1076 1077
f 925 1077 1075
f 926 1075 1078
f 926 1078 927
f 927 1078 928
f 928 1078 1079
f 928 1079 929
f 929 1079 932
f 931 1080 1081
f 931 1081 1082
f 931 1082 1083
f 931 1083 1084
f 931 1084 1085
f 931 1085 1086
f 931 1086 1087
f 931 1087 1088
f 931 1088 1089
f 931 1089 1090
f 931 1090 1076
f 932 1079 1091
f 932 1091 933
f 933 1092 1093
f 933 1093 934
f 933 1091 1092
f 934 1093 1094
f 934 1094 936
f 934 936 935
f 936 1094 1095
f 936 1095 937
f 937 1095 1096
f 937 1096 943
f 938 943 1096
f 938 1096 1097
f 938 1097 1098
f 938 1098 939
f 939 1098 1099
f 939 1099 942
f 939 942 941
f 942 1100 1069
f 942 1069 1068
f 942 1099 1208
f 942 1208 1100
f 944 1101 1102
f 944 1102 947
f 944 946 1101
f 945 954 1103
f 945 1103 1104
f 945 1104 946
f 946 1105 1101
f 946 1104 1105
f 947 1102 1106
f 947 1106 1107
f 947 1107 948
f 948 1107 949
f 949 1107 950
f 950 1108 1217
f 950 1217 1109
f 950 1109 1112
f 950 1112 951
f 950 1107 1110
f 950 1110 1111
f 950 1111 1108
f 951 1112 956
f 951 956 952
f 956 1112 957
f 957 1113 958
f 957 1112 1109
f 957 1109 1113
f 958 1113 1114
f 958 1114 959
f 959 1114 960
f 960 1115 1116
f 960 1116 961
f 960 1114 1115
f 961 1116 969
f 962 967 1117
f 962 1117 1118
f 962 1118 1119
f 962 1119 963
f 963 1119 1120
f 963 1120 1121
f 963 1121 964
f 964 1121 976
f 964 976 965
f 965 975 966
f 967 968 1117
f 968 969 1117
f 969 1122 1117
f 969 1116 1123
f 969 1123 1122
f 970 978 1124
f 970 1124 1125
f 970 1125 1126
f 970 1126 971
f 971 1126 1127
f 971 1127 972
f 972 1127 1128
f 972 1128 973
f 973 1128 979
f 976 1121 1129
f 976 1129 1130
f 976 1130 977
f 977 1130 1131
f 977 1131 978
f 978 1131 1124
f 979 1128 980
f 980 1128 1132
f 980 1132 981
f 981 1133 985
f 981 1132 1134
f 981 1134 1133
f 983 985 1135
f 983 1135 1136
f 983 1136 1137
f 983 1137 1138
f 983 1138 987
f 983 987 984
f 985 1133 1139
f 985 1139 1135
f 987 1138 1137
f 987 1137 992
f 988 992 989
f 989 1140 990
f 989 992 1141
f 989 1141 1142
f 989 1142 1143
f 989 1143 1144
f 989 1144 1145
f 989 1145 1146
f 989 1146 1140
f 990 1140 991
f 991 1140 996
f 991 996 995
f 991 995 994
f 991 994 993
f 992 1137 1147
f 992 1147 1141
f 996 1140 1146
f 996 1146 997
f 997 1146 1145
f 997 1145 1144
f 997 1144 1148
f 997 1148 998
f 998 1148 999
f 999 1148 1149
f 999 1149 1000
f 1000 1149 1150
f 1000 1150 1020
f 1000 1020 1151
f 1000 1151 1001
f 1001 1151 1003
f 1003 1020 1019
f 1003 1018 1005
f 1003 1005 1004
f 1003 1151 1020
f 1005 1017 1044
f 1005 1043 1006
f 1006 1043 1042
f 1006 1042 1008
f 1006 1008 1007
f 1008 1041 1009
f 1009 1041 1010
f 1010 1041 1039
f 1010 1039 1011
f 1011 1038 1152
f 1011 1152 1013
f 1013 1152 1014
f 1015 1044 1016
f 1016 1044 1017
f 1020 1150 1022
f 1022 1024 1023
f 1022 1150 1024
f 1024 1150 1153
f 1024 1153 1027
f 1027 1153 1154
f 1027 1154 1028
f 1028 1154 1155
f 1028 1155 1156
f 1028 1156 1031
f 1029 1032 1033
f 1029 1033 1030
f 1031 1156 1032
f 1032 1156 1157
f 1032 1157 1033
f 1033 1157 1158
f 1033 1158 1159
f 1033 1159 1160
f 1033 1160 1161
f 1033 1161 1162
f 1033 1162 1037
f 1033 1037 1034
f 1034 1037 1035
f 1035 1037 1036
f 1037 1162 1163
f 1037 1163 1045
f 1039 1041 1040
f 1045 1163 1046
f 1046 1163 1047
f 1047 1161 1164
f 1047 1164 1165
f 1047 1165 1049
f 1047 1049 1048
f 1047 1163 1161
f 1049 1166 1050
f 1049 1165 1164
f 1049 1164 1167
f 1049 1167 1168
f 1049 1168 1166
f 1050 1169 1051
f 1050 1166 1169
f 1051 1170 1053
f 1051 1053 1052
f 1051 1169 1170
f 1053 1170 1054
f 1054 1170 1055
f 1055 1170 1171
f 1055 1171 1172
f 1055 1172 1056
f 1057 1173 1174
f 1057 1174 1058
f 1057 1060 1173
f 1058 1174 1059
f 1059 1174 1062
f 1060 1061 1175
f 1060 1175 1176
f 1060 1176 1177
f 1060 1177 1173
f 1061 1178 1287
f 1061 1287 1175
f 1062 1179 1063
f 1062 1174 1179
f 1063 1180 1181
f 1063 1181 1074
f 1063 1074 1064
f 1063 1179 1182
f 1063 1182 1180
f 1065 1066 1072
f 1066 1070 1183
f 1066 1183 1184
f 1066 1184 1072
f 1067 1069 1071
f 1069 1100 1185
f 1069 1185 1071
f 1070 1071 1183
f 1071 1185 1186
f 1071 1186 1183
f 1072 1184 1178
f 1073 1074 1187
f 1074 1181 1180
f 1074 1180 1188
f 1074 1188 1187
f 1075 1077 1078
f 1076 1090 1189
f 1076 1189 1190
f 1076 1190 1077
f 1077 1190 1191
f 1077 1191 1192
f 1077 1192 1193
f 1077 1193 1194
f 1077 1194 1078
f 1078 1194 1079
f 1079 1194 1091
f 1080 1195 1196
f 1080 1196 1197
f 1080 1197 1081
f 1081 1197 1198
f 1081 1198 1082
f 1082 1198 1083
f 1083 1199 1084
f 1083 1198 1199
f 1084 1199 1085
f 1085 1199 1200
f 1085 1200 1086
f 1086 1200 1087
f 1087 1200 1201
f 1087 1201 1088
f 1088 1201 1089
f 1089 1201 1090
f 1090 1201 1189
f 1091 1194 1193
f 1091 1193 1092
f 1092 1193 1093
f 1093 1193 1202
f 1093 1202 1094
f 1094 1202 1203
f 1094 1203 1204
f 1094 1204 1095
f 1095 1205 1096
f 1095 1204 1205
f 1096 1098 1097
f 1096 1205 1206
f 1096 1206 1098
f 1098 1206 1207
f 1098 1207 1099
f 1099 1207 1208
f 1100 1209 1185
f 1100 1208 1210
f 1100 1210 1209
f 1101 1211 1102
f 1101 1105 1212
f 1101 1212 1211
f 1102 1213 1106
f 1102 1211 1213
f 1104 1214 1212
f 1104 1212 1105
f 1106 1213 1215
f 1106 1215 1107
f 1107 1215 1110
f 1108 1216 1325
f 1108 1325 1217
f 1108 1111 1218
f 1108 1218 1216
f 1109 1217 1219
f 1109 1219 1220
f 1109 1220 1221
f 1109 1221 1113
f 1110 1215 1222
f 1110 1222 1111
f 1111 1222 1218
f 1113 1221 1114
f 1114 1221 1115
f 1115 1223 1116
f 1115 1221 1224
f 1115 1224 1223
f 1116 1223 1123
f 1117 1122 1225
f 1117 1225 1118
f 1118 1120 1119
f 1118 1225 1120
f 1120 1226 1227
f 1120 1227 1228
f 1120 1228 1229
f 1120 1229 1121
f 1120 1225 1230
f 1120 1230 1231
f 1120 1231 1226
f 1121 1229 1228
f 1121 1228 1129
f 1122 1230 1225
f 1122 1123 1232
f 1122 1232 1230
f 1123 1223 1232
f 1124 1131 1233
f 1124 1233 1125
f 1125 1233 1234
f 1125 1234 1235
f 1125 1235 1236
f 1125 1236 1237
f 1125 1237 1127
f 1125 1127 1126
f 1127 1237 1128
f 1128 1237 1238
f 1128 1238 1132
f 1129 1228 1239
f 1129 1239 1130
f 1130 1239 1131
f 1131 1239 1233
f 1132 1238 1240
f 1132 1240 1134
f 1133 1134 1139
f 1134 1241 1139
f 1134 1240 1242
f 1134 1242 1243
f 1134 1243 1241
f 1135 1139 1136
f 1136 1139 1137
f 1137 1244 1245
f 1137 1245 1246
f 1137 1246 1147
f 1137 1139 1244
f 1139 1241 1247
f 1139 1247 1248
f 1139 1248 1249
f 1139 1249 1246
f 1139 1246 1244
f 1141 1250 1251
f 1141 1251 1142
f 1141 1147 1252
f 1141 1252 1250
f 1142 1253 1254
f 1142 1254 1143
f 1142 1251 1253
f 1143 1254 1144
f 1144 1254 1255
f 1144 1255 1155
f 1144 1155 1256
f 1144 1256 1148
f 1147 1257 1258
f 1147 1258 1252
f 1147 1246 1259
f 1147 1259 1257
f 1148 1260 1261
f 1148 1261 1150
f 1148 1150 1149
f 1148 1256 1260
f 1150 1261 1153
f 1153 1261 1154
f 1154 1261 1260
f 1154 1260 1262
f 1154 1262 1155
f 1155 1263 1156
f 1155 1262 1256
f 1155 1255 1254
f 1155 1254 1264
f 1155 1264 1263
f 1156 1263 1265
f 1156 1265 1157
f 1157 1265 1266
f 1157 1266 1158
f 1158 1267 1268
f 1158 1268 1269
f 1158 1269 1270
f 1158 1270 1271
f 1158 1271 1272
f 1158 1272 1273
f 1158 1273 1159
f 1158 1266 1267
f 1159 1273 1161
f 1159 1161 1160
f 1161 1163 1162
f 1161 1273 1164
f 1164 1273 1274
f 1164 1274 1275
f 1164 1275 1167
f 1166 1168 1276
f 1166 1276 1277
f 1166 1277 1278
f 1166 1278 1169
f 1167 1275 1279
f 1167 1279 1280
f 1167 1280 1281
f 1167 1281 1168
f 1168 1281 1276
f 1169 1282 1170
f 1169 1278 1283
f 1169 1283 1282
f 1170 1282 1171
f 1171 1284 1172
f 1171 1282 1285
f 1171 1285 1284
f 1173 1177 1286
f 1173 1286 1179
f 1173 1179 1174
f 1175 1287 1325
f 1175 1325 1216
f 1175 1216 1176
f 1176 1216 1218
f 1176 1218 1177
f 1177 1288 1286
f 1177 1218 1288
f 1178 1184 1289
f 1178 1289 1287
f 1179 1290 1182
f 1179 1286 1290
f 1180 1212 1188
f 1180 1182 1291
f 1180 1291 1292
f 1180 1292 1211
f 1180 1211 1212
f 1182 1290 1291
f 1183 1293 1184
f 1183 1186 1293
f 1184 1293 1289
f 1185 1209 1186
f 1186 1209 1294
f 1186 1294 1295
f 1186 1295 1296
f 1186 1296 1297
f 1186 1297 1293
f 1188 1212 1298
f 1189 1201 1200
f 1189 1200 1299
f 1189 1299 1190
f 1190 1300 1191
f 1190 1299 1300
f 1191 1301 1302
f 1191 1302 1192
f 1191 1300 1301
f 1192 1302 1202
f 1192 1202 1193
f 1195 1303 1196
f 1196 1303 1304
f 1196 1304 1305
f 1196 1305 1306
f 1196 1306 1198
f 1196 1198 1197
f 1198 1306 1307
f 1198 1307 1199
f 1199 1307 1308
f 1199 1308 1309
f 1199 1309 1200
f 1200 1309 1310
f 1200 1310 1311
f 1200 1311 1299
f 1202 1302 1312
f 1202 1312 1313
f 1202 1313 1203
f 1203 1313 1314
f 1203 1314 1204
f 1204 1314 1315
f 1204 1315 1316
f 1204 1316 1317
f 1204 1317 1205
f 1205 1317 1206
f 1206 1317 1318
f 1206 1318 1319
f 1206 1319 1207
f 1207 1320 1208
f 1207 1319 1320
f 1208 1320 1321
f 1208 1321 1210
f 1209 1210 1322
f 1209 1322 1294
f 1210 1321 1294
f 1210 1294 1322
f 1211 1292 1213
f 1212 1214 1323
f 1212 1323 1298
f 1213 1292 1324
f 1213 1324 1215
f 1215 1324 1222
f 1217 1325 1326
f 1217 1326 1219
f 1218 1222 1288
f 1219 1326 1327
f 1219 1327 1328
f 1219 1328 1220
f 1220 1328 1221
f 1221 1328 1224
f 1222 1324 1329
f 1222 1329 1288
f 1223 1330 1232
f 1223 1224 1330
f 1224 1328 1330
f 1226 1331 1227
f 1226 1231 1331
f 1227 1331 1332
f 1227 1332 1333
f 1227 1333 1228
f 1228 1334 1335
f 1228 1335 1233
f 1228 1233 1239
f 1228 1333 1336
f 1228 1336 1334
f 1230 1232 1337
f 1230 1337 1231
f 1231 1337 1338
f 1231 1338 1339
f 1231 1339 1340
f 1231 1340 1331
f 1232 1341 1337
f 1232 1330 1341
f 1233 1235 1234
f 1233 1335 1235
f 1235 1335 1342
f 1235 1342 1343
f 1235 1343 1344
f 1235 1344 1345
f 1235 1345 1236
f 1236 1345 1346
f 1236 1346 1347
f 1236 1347 1348
f 1236 1348 1237
f 1237 1348 1238
f 1238 1348 1240
f 1240 1348 1349
f 1240 1349 1350
f 1240 1350 1351
f 1240 1351 1352
f 1240 1352 1242
f 1241 1243 1353
f 1241 1353 1247
f 1242 1352 1243
f 1243 1352 1351
f 1243 1351 1353
f 1244 1246 1245
f 1246 1249 1259
f 1247 1353 1354
f 1247 1354 1248
f 1248 1354 1355
f 1248 1355 1249
f 1249 1355 1356
f 1249 1356 1357
f 1249 1357 1259
f 1250 1252 1258
f 1250 1258 1358
f 1250 1358 1251
f 1251 1358 1359
f 1251 1359 1360
f 1251 1360 1253
f 1253 1360 1254
f 1254 1361 1362
f 1254 1362 1264
f 1254 1360 1361
f 1256 1262 1260
f 1257 1259 1357
f 1257 1357 1363
f 1257 1363 1364
f 1257 1364 1365
f 1257 1365 1366
f 1257 1366 1358
f 1257 1358 1258
f 1263 1264 1265
f 1264 1362 1265
f 1265 1362 1266
f 1266 1362 1267
f 1267 1362 1268
f 1268 1359 1366
f 1268 1366 1367
f 1268 1367 1368
f 1268 1368 1270
f 1268 1270 1269
f 1268 1362 1361
f 1268 1361 1359
f 1270 1368 1367
f 1270 1367 1369
f 1270 1369 1370
f 1270 1370 1371
f 1270 1371 1372
f 1270 1372 1373
f 1270 1373 1374
f 1270 1374 1271
f 1271 1374 1272
f 1272 1374 1373
f 1272 1373 1375
f 1272 1375 1274
f 1272 1274 1273
f 1274 1375 1275
f 1275 1375 1376
f 1275 1376 1377
f 1275 1377 1279
f 1276 1281 1378
f 1276 1378 1277
f 1277 1378 1278
f 1278 1378 1379
f 1278 1379 1283
f 1279 1377 1280
f 1280 1377 1380
f 1280 1380 1281
f 1281 1380 1378
f 1282 1283 1285
f 1283 1379 1285
f 1284 1285 1381
f 1285 1379 1382
f 1285 1382 1383
f 1285 1383 1384
f 1285 1384 1385
f 1285 1385 1386
f 1285 1386 1381
f 1286 1288 1290
f 1287 1289 1387
f 1287 1387 1325
f 1288 1329 1291
f 1288 1291 1290
f 1289 1293 1297
f 1289 1297 1388
f 1289 1388 1387
f 1291 1329 1324
f 1291 1324 1292
f 1294 1321 1338
f 1294 1338 1389
f 1294 1389 1295
f 1295 1389 1338
f 1295 1338 1390
f 1295 1390 1391
f 1295 1391 1392
f 1295 1392 1393
f 1295 1393 1394
f 1295 1394 1297
f 1295 1297 1296
f 1297 1394 1388
f 1299 1311 1300
f 1300 1395 1301
f 1300 1311 1395
f 1301 1395 1302
f 1302 1395 1396
f 1302 1396 1397
f 1302 1397 1312
f 1303 1398 1399
f 1303 1399 1304
f 1304 1400 1305
f 1304 1399 1401
f 1304 1401 1400
f 1305 1400 1402
f 1305 1402 1306
f 1306 1403 1404
f 1306 1404 1405
f 1306 1405 1307
f 1306 1402 1403
f 1307 1403 1308
f 1307 1405 1403
f 1308 1403 1406
f 1308 1406 1310
f 1308 1310 1309
f 1310 1406 1311
f 1311 1407 1408
f 1311 1408 1395
f 1311 1406 1407
f 1312 1314 1313
f 1312 1397 1314
f 1314 1316 1315
f 1314 1397 1409
f 1314 1409 1410
f 1314 1410 1316
f 1316 1410 1411
f 1316 1411 1317
f 1317 1411 1318
f 1318 1411 1412
f 1318 1412 1413
f 1318 1413 1414
f 1318 1414 1319
f 1319 1414 1415
f 1319 1415 1320
f 1320 1416 1321
f 1320 1415 1417
f 1320 1417 1416
f 1321 1418 1419
f 1321 1419 1420
f 1321 1420 1338
f 1321 1416 1418
f 1325 1387 1326
f 1326 1387 1388
f 1326 1388 1421
f 1326 1421 1327
f 1327 1421 1422
f 1327 1422 1423
f 1327 1423 1328
f 1328 1423 1330
f 1330 1423 1341
f 1331 1340 1332
f 1332 1340 1339
f 1332 1339 1424
f 1332 1424 1333
f 1333 1424 1425
f 1333 1425 1336
f 1334 1336 1425
f 1334 1425 1426
f 1334 1426 1427
f 1334 1427 1428
f 1334 1428 1342
f 1334 1342 1335
f 1337 1341 1391
f 1337 1391 1390
f 1337 1390 1338
f 1338 1420 1426
f 1338 1426 1339
f 1339 1426 1424
f 1341 1423 1422
f 1341 1422 1391
f 1342 1428 1343
f 1343 1428 1429
f 1343 1429 1430
f 1343 1430 1431
f 1343 1431 1344
f 1344 1431 1346
f 1344 1346 1345
f 1346 1431 1347
f 1347 1431 1432
f 1347 1432 1349
f 1347 1349 1348
f 1349 1432 1431
f 1349 1431 1433
f 1349 1433 1351
f 1349 1351 1350
f 1351 1433 1434
f 1351 1434 1435
f 1351 1435 1436
f 1351 1436 1437
f 1351 1437 1438
f 1351 1438 1439
f 1351 1439 1440
f 1351 1440 1356
f 1351 1356 1354
f 1351 1354 1353
f 1354 1356 1355
f 1356 1440 1441
f 1356 1441 1442
f 1356 1442 1443
f 1356 1443 1363
f 1356 1363 1357
f 1358 1366 1359
f 1359 1361 1360
f 1363 1443 1364
f 1364 1444 1445
f 1364 1445 1446
f 1364 1446 1447
f 1364 1447 1369
f 1364 1369 1365
f 1364 1443 1448
f 1364 1448 1444
f 1365 1369 1366
f 1366 1369 1367
f 1369 1447 1370
f 1370 1447 1446
f 1370 1446 1445
f 1370 1445 1449
f 1370 1449 1371
f 1371 1449 1450
f 1371 1450 1451
f 1371 1451 1372
f 1372 1451 1373
f 1373 1376 1375
f 1373 1451 1377
f 1373 1377 1376
f 1377 1452 1453
f 1377 1453 1380
f 1377 1451 1454
f 1377 1454 1455
f 1377 1455 1456
f 1377 1456 1452
f 1378 1457 1458
f 1378 1458 1382
f 1378 1382 1379
f 1378 1380 1459
f 1378 1459 1460
f 1378 1460 1461
f 1378 1461 1462
f 1378 1462 1463
f 1378 1463 1464
f 1378 1464 1457
f 1380 1453 1465
f 1380 1465 1460
f 1380 1460 1459
f 1382 1458 1466
f 1382 1466 1383
f 1388 1394 1393
f 1388 1393 1421
f 1391 1422 1421
f 1391 1421 1393
f 1391 1393 1392
f 1395 1467 1396
f 1395 1408 1467
f 1396 1467 1468
f 1396 1468 1397
f 1397 1469 1470
f 1397 1470 1409
f 1397 1468 1471
f 1397 1471 1472
f 1397 1472 1469
f 1398 1473 1474
f 1398 1474 1399
f 1399 1474 1475
f 1399 1475 1401
f 1400 1401 1461
f 1400 1461 1476
f 1400 1476 1477
f 1400 1477 1402
f 1401 1475 1461
f 1402 1477 1403
f 1403 1478 1479
f 1403 1479 1471
f 1403 1471 1480
f 1403 1480 1467
f 1403 1467 1408
f 1403 1408 1407
f 1403 1407 1406
f 1403 1405 1404
f 1403 1477 1481
f 1403 1481 1482
f 1403 1482 1478
f 1409 1470 1483
f 1409 1483 1410
f 1410 1483 1413
f 1410 1413 1411
f 1411 1413 1412
f 1413 1483 1414
f 1414 1484 1485
f 1414 1485 1415
f 1414 1483 1484
f 1415 1485 1417
f 1416 1419 1418
f 1416 1417 1419
f 1417 1485 1486
f 1417 1486 1487
f 1417 1487 1488
f 1417 1488 1419
f 1419 1488 1420
f 1420 1488 1426
f 1424 1426 1425
f 1426 1488 1427
f 1427 1488 1487
f 1427 1487 1428
f 1428 1489 1429
f 1428 1487 1489
f 1429 1483 1490
f 1429 1490 1491
f 1429 1491 1430
f 1429 1489 1492
f 1429 1492 1493
f 1429 1493 1484
f 1429 1484 1483
f 1430 1491 1431
f 1431 1491 1433
f 1433 1491 1434
f 1434 1491 1494
f 1434 1494 1435
f 1435 1495 1436
f 1435 1494 1496
f 1435 1496 1495
f 1436 1439 1438
f 1436 1438 1437
f 1436 1495 1497
f 1436 1497 1498
f 1436 1498 1499
f 1436 1499 1500
f 1436 1500 1501
f 1436 1501 1440
f 1436 1440 1439
f 1440 1501 1502
f 1440 1502 1442
f 1440 1442 1441
f 1442 1448 1443
f 1442 1502 1503
f 1442 1503 1444
f 1442 1444 1448
f 1444 1455 1445
f 1444 1503 1504
f 1444 1504 1455
f 1445 1455 1449
f 1449 1455 1450
f 1450 1455 1454
f 1450 1454 1451
f 1452 1456 1505
f 1452 1505 1465
f 1452 1465 1453
f 1455 1504 1506
f 1455 1506 1507
f 1455 1507 1508
f 1455 1508 1456
f 1456 1508 1465
f 1456 1465 1505
f 1457 1510 1458
f 1457 1464 1509
f 1458 1510 1466
f 1460 1511 1461
f 1460 1465 1511
f 1461 1511 1508
f 1461 1508 1507
f 1461 1507 1512
f 1461 1512 1476
f 1461 1475 1474
f 1461 1474 1513
f 1461 1513 1462
f 1462 1514 1463
f 1462 1513 1515
f 1462 1515 1514
f 1463 1514 1509
f 1463 1509 1464
f 1465 1508 1511
f 1467 1480 1516
f 1467 1516 1468
f 1468 1516 1471
f 1469 1517 1470
f 1469 1472 1518
f 1469 1518 1519
f 1469 1519 1517
f 1470 1517 1483
f 1471 1518 1472
f 1471 1516 1480
f 1471 1479 1520
f 1471 1520 1518
f 1473 1521 1522
f 1473 1522 1474
f 1474 1522 1513
f 1476 1481 1477
f 1476 1512 1481
f 1478 1523 1524
f 1478 1524 1479
f 1478 1482 1525
f 1478 1525 1526
f 1478 1526 1523
f 1479 1524 1498
f 1479 1498 1527
f 1479 1527 1520
f 1481 1512 1506
f 1481 1506 1528
f 1481 1528 1525
f 1481 1525 1482
f 1483 1517 1529
f 1483 1529 1530
f 1483 1530 1490
f 1484 1493 1486
f 1484 1486 1485
f 1486 1493 1492
f 1486 1492 1487
f 1487 1492 1489
f 1490 1530 1531
f 1490 1531 1491
f 1491 1531 1494
f 1494 1531 1496
f 1495 1496 1531
f 1495 1531 1530
f 1495 1530 1497
f 1497 1530 1529
f 1497 1529 1498
f 1498 1532 1500
f 1498 1500 1499
f 1498 1529 1527
f 1498 1524 1533
f 1498 1533 1534
f 1498 1534 1532
f 1500 1532 1503
f 1500 1503 1501
f 1501 1503 1502
f 1503 1532 1504
f 1504 1533 1535
f 1504 1535 1506
f 1504 1532 1533
f 1506 1512 1507
f 1506 1535 1528
f 1509 1514 1515
f 1509 1515 1536
f 1513 1522 1537
f 1513 1537 1515
f 1515 1537 1522
f 1515 1522 1536
f 1517 1519 1529
f 1518 1520 1527
f 1518 1527 1529
f 1518 1529 1519
f 1521 1536 1522
f 1523 1526 1533
f 1523 1533 1524
f 1525 1528 1535
f 1525 1535 1526
f 1526 1535 1533
f 1532 1534 1533

