# https://github.com/mikedh/trimesh
v 0.04782962 0.51497990 0.09369524
v 0.04262586 0.50256360 0.10402215
v 0.05335109 0.49720842 0.09528250
v 0.05892829 0.50581557 0.08408070
v 0.05008307 0.48963088 0.10355232
v 0.03989071 0.49220526 0.11015665
v 0.06040308 0.48934758 0.08620305
v 0.06543528 0.49406761 0.07467001
v 0.06678611 0.45186263 0.08225135
v 0.07100404 0.44539088 0.07356400
v 0.07049430 0.45797852 0.07256299
v 0.06516112 0.46119559 0.08113057
v 0.06613874 0.42495248 0.08452903
v 0.05997907 0.41765496 0.09441011
v 0.06288495 0.40647259 0.08662667
v 0.06807338 0.41356757 0.07535127
v 0.02634454 0.43680584 0.11516591
v 0.03187916 0.42981061 0.11540923
v 0.03589484 0.43647590 0.11288611
v 0.02970240 0.44255573 0.11263613
v 0.01722055 0.44841966 0.11967686
v 0.01839044 0.45299879 0.11507305
v 0.01360745 0.45810661 0.11977676
v 0.01334922 0.45299423 0.12566276
v 0.02090144 0.43154240 0.11698811
v 0.02685882 0.42408264 0.11714695
v 0.02162564 0.44308174 0.11568628
v 0.01970782 0.43917182 0.11926594
v 0.01701890 0.43544382 0.13178454
v 0.01857213 0.43999350 0.12923336
v 0.01530164 0.44243023 0.13597734
v 0.01395376 0.43679634 0.13655622
v 0.01978154 0.43240747 0.12221884
v 0.02032889 0.43621716 0.12446748
v 0.01788010 0.43289715 0.12772392
v 0.01630394 0.42986199 0.12509388
v 0.01682345 0.44457826 0.12401898
v 0.01388242 0.44819531 0.13087203
v 0.00999830 0.45112842 0.13798805
v 0.01091305 0.44344506 0.14326997
v 0.04307820 0.41453156 0.11197354
v 0.03787376 0.42242438 0.11454152
v 0.03281283 0.41745356 0.11662625
v 0.03777174 0.41104460 0.11499740
v 0.01742681 0.42575014 0.12231994
v 0.02111774 0.40890586 0.12632547
v 0.02158758 0.41319230 0.12569484
v 0.01551723 0.41493729 0.12973592
v 0.01566302 0.41079172 0.13012856
v 0.04881999 0.39775655 0.10597184
v 0.04308975 0.39736858 0.11161305
v 0.04359486 0.38961866 0.11042845
v 0.04899966 0.38836655 0.10373093
v 0.04137811 0.38308251 0.11079587
v 0.04762140 0.37938797 0.10275608
v 0.03754246 0.36452001 0.10705274
v 0.04294278 0.37112319 0.10445528
v 0.03719598 0.37730843 0.11290217
v 0.03174254 0.37245420 0.11737949
v 0.01909515 0.37896350 0.12520833
v 0.01300709 0.37825614 0.12856212
v 0.01800318 0.36507165 0.12877357
v 0.02494750 0.36795500 0.12386069
v 0.02029402 0.40179899 0.12292758
v 0.02428861 0.40120655 0.12009468
v 0.02472283 0.40337968 0.12204599
v 0.02060789 0.40508097 0.12525395
v 0.02839026 0.40047109 0.11805224
v 0.03021422 0.40012419 0.11732972
v 0.02991453 0.40190375 0.11840221
v 0.02825994 0.40137669 0.11854550
v 0.02624050 0.40099773 0.11912105
v 0.02500191 0.39897621 0.11989732
v 0.02737605 0.39962688 0.11860400
v 0.02139162 0.39857417 0.12299833
v 0.00864754 0.39820528 0.13185550
v 0.01254165 0.39822152 0.13030060
v 0.01103403 0.40286988 0.12849261
v 0.00776326 0.40306103 0.12963544
v 0.02819644 0.40413791 0.11991270
v 0.03082369 0.40589887 0.11932448
v 0.02707172 0.40949267 0.12218869
v 0.02563198 0.40634257 0.12227155
v 0.03373557 0.40791780 0.11799050
v 0.03241929 0.40293613 0.11745022
v 0.03575522 0.40367195 0.11608924
v 0.02945318 0.39813319 0.11753941
v 0.03252511 0.39610523 0.11624613
v 0.03316551 0.39930299 0.11674938
v 0.03024760 0.39277443 0.11739641
v 0.02682830 0.39628530 0.11897447
v 0.02324022 0.39478949 0.12223215
v 0.01862337 0.39374998 0.12626213
v 0.02110896 0.38813668 0.12388548
v 0.02625858 0.39009342 0.12019738
v 0.02910542 0.41341493 0.12009417
v 0.03752404 0.39829963 0.11476622
v 0.04080492 0.40492073 0.11297948
v 0.03744467 0.39298648 0.11445859
v 0.03525240 0.38814464 0.11514852
v 0.03089166 0.38414985 0.11748573
v 0.02513289 0.38114551 0.12125544
v 0.02022273 0.35424349 0.11828509
v 0.02867329 0.35868371 0.11351907
v 0.03726916 0.48467222 0.10862835
v 0.04605586 0.48306170 0.10547617
v 0.04606985 0.47469693 0.10184017
v 0.04801647 0.47680268 0.10133929
v 0.04283781 0.47904497 0.10455608
v 0.04196977 0.47621632 0.10419314
v 0.05928717 0.46430925 0.08669959
v 0.05440390 0.46703938 0.09119341
v 0.05476547 0.46300092 0.09041472
v 0.06088887 0.45759070 0.08721150
v 0.04741655 0.45660904 0.09941041
v 0.05164778 0.45724449 0.09564736
v 0.04797579 0.46441805 0.09746538
v 0.04490171 0.46403596 0.10021662
v 0.04112283 0.46404752 0.10236190
v 0.03687749 0.46459526 0.10376389
v 0.03729409 0.45894477 0.10406232
v 0.04239425 0.45744050 0.10227987
v 0.03610909 0.48053870 0.10589077
v 0.02869669 0.48019743 0.10578427
v 0.03016115 0.47694367 0.10508808
v 0.03632949 0.47730204 0.10549545
v 0.01965865 0.46995991 0.10138801
v 0.02085954 0.47262058 0.10184468
v 0.01722854 0.47433665 0.10297185
v 0.01639631 0.46971267 0.10301688
v 0.01890170 0.46653104 0.10371245
v 0.02101815 0.46825850 0.10221994
v 0.03922217 0.53624153 0.08907128
v 0.03408547 0.52092409 0.10067844
v 0.05418517 0.52728784 0.07881352
v 0.06403371 0.51434141 0.06965223
v 0.07132400 0.49911872 0.06199069
v 0.05599852 0.40099838 0.09746941
v 0.05701330 0.39057150 0.09268667
v 0.06464122 0.39602256 0.07910787
v 0.06285846 0.38447222 0.07590149
v 0.05511089 0.37927812 0.09112930
v 0.04096365 0.35982317 0.09293699
v 0.04994454 0.36844417 0.09124790
v 0.05829810 0.37277776 0.07246920
v 0.06601930 0.38285568 0.05388803
v 0.06901627 0.39231211 0.06041080
v 0.06946161 0.39637911 0.03847042
v 0.06191579 0.37304083 0.04403496
v 0.06681801 0.39355204 0.02952119
v 0.04546569 0.33687851 0.05277111
v 0.04790674 0.32409713 0.04917369
v 0.05950321 0.32990512 0.03368530
v 0.05797299 0.34216207 0.03759858
v 0.06991109 0.40252727 0.06683151
v 0.07219745 0.46743959 0.06320364
v 0.06811725 0.46935174 0.07454108
v 0.07441590 0.45360428 0.06184778
v 0.07440428 0.52350527 0.03639234
v 0.06985880 0.52123952 0.05430579
v 0.07678276 0.50426400 0.04944054
v 0.08090372 0.50824052 0.03338023
v 0.04606687 0.55889237 0.04093454
v 0.04456224 0.54994762 0.06741697
v 0.05761011 0.53793508 0.06117090
v 0.06081369 0.54432470 0.03944484
v 0.08228988 0.50794029 0.01893403
v 0.08304100 0.50588292 0.00073846
v 0.07909015 0.52210313 -0.00714683
v 0.07704943 0.52520806 0.01538885
v 0.06767277 0.54150242 -0.01694674
v 0.06508312 0.54667103 0.01086308
v 0.06457349 0.37823591 0.02085490
v 0.06573869 0.39700150 0.01548070
v 0.05696098 0.35663226 0.04236222
v 0.06364088 0.36144727 0.02321928
v 0.04968933 0.55806917 -0.02463573
v 0.04695974 0.56375515 0.00896417
v 0.07227644 0.47622600 -0.04620701
v 0.07550837 0.49529347 -0.03906011
v 0.08106899 0.48435581 -0.02203185
v 0.07857972 0.46834773 -0.03035973
v 0.06238017 0.48345983 -0.06244124
v 0.06531862 0.50625044 -0.05508309
v 0.05913713 0.41963893 -0.04054150
v 0.05198123 0.40306896 -0.03211609
v 0.04319704 0.40323910 -0.04504805
v 0.04957540 0.41949767 -0.05568166
v 0.05695659 0.48444682 0.09593982
v 0.05225084 0.47967261 0.10060418
v 0.05581198 0.47559813 0.09498593
v 0.06071079 0.47803187 0.08898226
v 0.06486923 0.47980201 0.07936869
v 0.06921484 0.48148364 0.06751401
v 0.07855592 0.48932707 0.04350059
v 0.08245457 0.49459523 0.02976358
v 0.08465668 0.49244580 0.00443637
v 0.08429681 0.49443987 0.01865957
v 0.08273419 0.47283286 -0.01312054
v 0.08096836 0.46268708 -0.01828047
v 0.06472830 0.40541968 -0.00254612
v 0.06203617 0.38323456 0.00169080
v 0.05565342 0.38513678 -0.01373320
v 0.05867517 0.40444356 -0.01862360
v 0.03776252 0.38632596 -0.03640791
v 0.04693888 0.38586199 -0.02578545
v 0.06057771 0.34961367 0.00334268
v 0.06087853 0.33547652 -0.00059042
v 0.05533973 0.33827928 -0.01703308
v 0.05395019 0.35151058 -0.01253291
v 0.04730145 0.33807504 -0.03039516
v 0.03662573 0.33722973 -0.03964795
v 0.03600638 0.35239521 -0.03602460
v 0.04514041 0.35288882 -0.02596547
v 0.02350247 0.31632206 0.06898221
v 0.02478923 0.30569118 0.06486989
v 0.03756445 0.30870330 0.05728655
v 0.03475265 0.31990457 0.06051987
v 0.06300744 0.32415056 -0.00633738
v 0.05834470 0.32835111 -0.02313072
v 0.06564310 0.42021292 -0.02496893
v 0.06968296 0.42300355 -0.01286357
v 0.05079709 0.32727176 -0.03683918
v 0.04555733 0.36814278 -0.02378648
v 0.05440786 0.36657616 -0.01189344
v 0.02752167 0.38688248 -0.04530653
v 0.03154250 0.40304232 -0.05589949
v 0.02385668 0.44790909 0.11267729
v 0.02712967 0.46255767 0.10477880
v 0.02776002 0.46639991 0.10401143
v 0.02381889 0.46739799 0.10318375
v 0.02262917 0.46433550 0.10428736
v 0.01666808 0.50452298 0.11402186
v 0.01446793 0.48813084 0.11551933
v 0.02792579 0.49173307 0.11451281
v 0.03011778 0.50496989 0.11088827
v 0.05460734 0.43153292 0.10172946
v 0.04534495 0.43843520 0.10771787
v 0.04246759 0.42939445 0.11163859
v 0.04870783 0.42105395 0.10778291
v 0.05146883 0.46878862 0.09415139
v 0.05313947 0.47090086 0.09397731
v 0.05053621 0.47085673 0.09647389
v 0.04627390 0.40668672 0.10925192
v 0.05298546 0.41108188 0.10290423
v 0.07436201 0.43854219 0.06255307
v 0.06298018 0.47039619 0.08352482
v 0.02454894 0.57050008 0.04395185
v 0.02435090 0.55871171 0.07390815
v 0.02795581 0.57049501 -0.02945748
v 0.02568807 0.57441306 0.00798860
v 0.05006414 0.51621085 -0.06932776
v 0.04675635 0.49025500 -0.07715771
v 0.02666124 0.49461529 -0.08718646
v 0.02820056 0.52410918 -0.07868295
v 0.03647623 0.41952994 -0.06707411
v 0.02561026 0.33668700 -0.04476258
v 0.02478635 0.35329553 -0.04313187
v 0.02312290 0.54073226 0.09380771
v 0.01930235 0.52174991 0.10583007
v 0.07415959 0.48447528 0.05502447
v 0.06585306 0.44309917 0.08630823
v 0.06103357 0.45141044 0.09061629
v 0.05853870 0.44754523 0.09556354
v 0.06282541 0.43663207 0.09208024
v 0.06913428 0.43347436 0.07815616
v 0.07197124 0.42413598 0.06668448
v 0.07454491 0.41480878 0.05252894
v 0.07193734 0.40310732 0.04504714
v 0.08198912 0.49856910 -0.01434602
v 0.07737009 0.51167738 -0.02679444
v 0.06729565 0.52697986 -0.04052933
v 0.05129407 0.54108733 -0.05222423
v 0.08363836 0.48813701 -0.00842611
v 0.02881043 0.55202168 -0.06001314
v 0.01478104 0.41967574 0.12812935
v 0.02188009 0.41902965 0.12281347
v 0.01292100 0.42430699 0.12731610
v 0.01376418 0.39307886 0.12935683
v 0.00931575 0.39282838 0.13110821
v 0.01024749 0.38670743 0.12814768
v 0.01544438 0.38713726 0.12659431
v 0.02043210 0.34877384 0.10281370
v 0.03025223 0.35331753 0.09780914
v 0.02257738 0.32659647 0.07466243
v 0.03306561 0.33075634 0.06536645
v 0.01268033 0.43407676 0.13057110
v 0.01096494 0.43436956 0.13103312
v 0.01070963 0.43328512 0.12887815
v 0.01289416 0.43315718 0.12839226
v 0.02666613 0.40247583 0.12002586
v 0.01062962 0.41116592 0.13240696
v 0.00730770 0.41090509 0.13303268
v 0.00746175 0.40703353 0.13156626
v 0.01077940 0.40714061 0.13083318
v 0.04761998 0.35973990 0.07007934
v 0.04491517 0.34903073 0.05868278
v 0.06340829 0.33158755 0.01819426
v 0.06320272 0.34577408 0.02147618
v 0.06088096 0.36518550 0.00412248
v 0.03540662 0.37010512 -0.03506679
v 0.02632852 0.36961675 -0.04370857
v -0.00033614 0.37242362 -0.05020849
v -0.00022242 0.38811707 -0.05371851
v 0.01427687 0.38722005 -0.05185940
v 0.01268963 0.37116414 -0.04829678
v 0.03250254 0.34855756 0.08248670
v 0.02164143 0.34390301 0.08921134
v 0.02248427 0.33675796 0.08032420
v 0.03270616 0.34133792 0.07169474
v 0.00711432 0.43099266 0.13244167
v 0.00576454 0.42996261 0.13417575
v 0.00622656 0.42741838 0.13150288
v 0.00804377 0.42972171 0.13044885
v 0.01375735 0.43096966 0.12662628
v 0.01136135 0.42992431 0.12692265
v 0.01182600 0.42773926 0.12698025
v 0.01428618 0.43399900 0.13114743
v 0.01472523 0.43241391 0.12838060
v 0.00943453 0.43497121 0.13621084
v 0.01239111 0.43479100 0.13441712
v 0.00960619 0.43540251 0.14138156
v 0.00870337 0.43212840 0.13081555
v 0.00924749 0.43075877 0.12918440
v 0.01258994 0.43204629 0.12712915
v 0.01082035 0.43174145 0.12743552
v 0.00964765 0.43485892 0.13403116
v 0.01154295 0.43460786 0.13265316
v 0.00922425 0.45716530 0.13165581
v 0.00298530 0.45851237 0.13463250
v 0.00305633 0.45196676 0.14103025
v 0.00318227 0.44398394 0.14677201
v 0.00318965 0.43526897 0.14473687
v 0.01286240 0.33389100 0.08485616
v 0.01310045 0.32388788 0.07963272
v 0.00337013 0.52144748 0.10625784
v 0.00325675 0.50329226 0.11387994
v 0.02755834 0.40088907 0.11845130
v 0.02791484 0.48428240 0.10869830
v 0.05230998 0.44623175 0.10125249
v 0.03132752 0.44849020 0.10931023
v 0.03785330 0.44387206 0.10914032
v 0.03793346 0.45156649 0.10605740
v 0.03182784 0.45467177 0.10665002
v 0.01861319 0.48144683 0.10884048
v 0.00947435 0.47795513 0.11454317
v 0.01307096 0.47597298 0.10766698
v 0.01263031 0.46934807 0.10816418
v 0.00992183 0.46919489 0.11728204
v 0.01426528 0.46182844 0.11350519
v 0.01585359 0.46407676 0.10717087
v 0.04873253 0.47290576 0.09905826
v 0.05109915 0.47419909 0.09752200
v 0.01945428 0.45690256 0.11056817
v 0.02512273 0.45265445 0.10927919
v 0.02600898 0.45757067 0.10636173
v 0.02068376 0.46043599 0.10649653
v 0.04465216 0.44845587 0.10438731
v 0.05772109 0.47069898 0.08982787
v 0.05404754 0.45949322 0.09226940
v 0.07301010 0.42893901 -0.00379012
v 0.06939705 0.41771173 0.00339698
v 0.07599181 0.40839246 0.02536266
v 0.07387422 0.40427598 0.02845377
v 0.06881011 0.40651688 0.02328901
v 0.07376296 0.41076225 0.02053576
v 0.08447478 0.46281174 0.00425071
v 0.08387659 0.47007647 0.00075327
v 0.08446240 0.47131631 0.00837159
v 0.08382813 0.46361807 0.00735417
v 0.08349608 0.46725732 0.01397278
v 0.08334678 0.47060215 0.01650532
v 0.08292964 0.46235186 0.01791442
v 0.08293945 0.46261325 0.01427241
v 0.08435726 0.48165077 0.01755300
v 0.08199631 0.47970665 0.02772744
v 0.08119322 0.46775994 0.02429577
v 0.07646661 0.46572673 0.04847696
v 0.07709950 0.45386899 0.03576552
v 0.07862858 0.46224439 0.03066228
v 0.07873902 0.47445035 0.03756535
v 0.07458187 0.40966231 0.03279522
v 0.07448322 0.41775015 0.03622219
v 0.06762645 0.41034472 0.01400518
v 0.00145972 0.49682581 -0.08962689
v 0.00174986 0.52858847 -0.08087444
v 0.06919010 0.45650220 -0.04814108
v 0.05868852 0.46086088 -0.06375720
v 0.07600293 0.45226952 -0.03312784
v 0.07835139 0.45006722 -0.01978143
v 0.04392460 0.46464720 -0.07750869
v 0.02430986 0.46704936 -0.08757243
v 0.07708219 0.44804621 0.04942419
v 0.07624133 0.44161615 0.03750926
v 0.06538520 0.43710759 -0.04646064
v 0.05402963 0.43949324 -0.06159840
v 0.07183857 0.43570536 -0.03124400
v 0.07492945 0.43694204 -0.01803847
v 0.03970428 0.44107452 -0.07414351
v 0.01922513 0.41827881 -0.07344254
v 0.02240226 0.44061753 -0.08200054
v 0.07817548 0.41935113 0.02415655
v 0.07628185 0.41824314 0.02894767
v 0.07610901 0.41181323 0.02790669
v 0.07948786 0.41356587 0.02610725
v 0.07649375 0.43229088 0.04978600
v 0.07593069 0.42926022 0.03700194
v 0.00965979 0.46302482 0.12544134
v 0.00281408 0.47165796 0.12239796
v 0.00295635 0.46503055 0.12856711
v 0.00280561 0.47905087 0.11765227
v 0.00213078 0.57761031 0.00839266
v 0.00215927 0.57366818 0.04557404
v 0.00194785 0.55610168 -0.06165982
v 0.00210332 0.57331455 -0.03033622
v 0.00779682 0.37820271 0.13031082
v 0.01045117 0.36393932 0.13131803
v 0.00970937 0.41988316 0.13092245
v 0.00647547 0.41912758 0.13156533
v 0.00699172 0.41487953 0.13266167
v 0.01034985 0.41544995 0.13209336
v 0.02188596 0.47803342 0.10434490
v 0.01644059 0.40275973 -0.06217173
v 0.01173590 0.35441858 -0.04669278
v 0.01244174 0.33773959 -0.04737913
v 0.03935976 0.32548961 -0.04592785
v 0.02644691 0.32354560 -0.05082248
v 0.00608467 0.42333764 0.13105175
v 0.00894090 0.42397577 0.13000119
v 0.00880687 0.43412483 0.13263442
v 0.01540691 0.40659478 0.12876466
v 0.00871676 0.42715943 0.12944698
v 0.00938317 0.42943498 0.12888958
v 0.00411346 0.42677411 0.13223366
v 0.00437177 0.42291471 0.13117541
v 0.03211092 0.46075931 0.10491488
v 0.03231234 0.46544841 0.10429808
v 0.00670854 0.43199402 0.13777356
v 0.00742971 0.43301344 0.13503653
v 0.00317365 0.43111524 0.13853139
v 0.05071604 0.31258783 0.04556191
v 0.06119056 0.31702781 0.02943758
v 0.00501825 0.41071275 0.13308230
v 0.00507287 0.40679109 0.13175492
v 0.00216565 0.56122333 0.07575113
v -0.00138787 0.41817194 -0.07325064
v 0.00067794 0.43977994 -0.08290198
v 0.07795914 0.44604191 0.02800439
v 0.07977196 0.44156635 0.02255849
v 0.08113032 0.44864368 0.02026884
v 0.07968189 0.45373303 0.02549953
v 0.01365951 0.31389162 0.07400166
v 0.06457077 0.32018834 0.01153416
v 0.01266962 0.32363698 -0.05330976
v 0.05126344 0.46691746 0.09377966
v 0.05004907 0.46541366 0.09506191
v 0.02465023 0.47534376 0.10330312
v 0.00147111 0.46745983 -0.09001324
v 0.01704496 0.39830157 0.12717025
v 0.01533912 0.40250155 0.12626486
v -0.00083507 0.35621974 -0.04794729
v 0.01241198 0.34121484 0.09275330
v 0.00416980 0.42940778 0.13504903
v -0.00019981 0.40235040 -0.06336287
v 0.08357469 0.45528474 0.01179707
v 0.08527596 0.45369977 0.01506814
v 0.08467207 0.45031220 0.01478426
v 0.08297671 0.45115972 0.01326963
v 0.08619725 0.45740160 0.01957783
v 0.08732896 0.45372185 0.01748908
v 0.08903611 0.45674127 0.01623841
v 0.08762094 0.46080339 0.01734528
v 0.08174217 0.45939371 0.02197852
v 0.08400968 0.45343828 0.02059531
v 0.09004174 0.45883030 0.01424103
v 0.08994963 0.46182361 0.01526361
v 0.08722036 0.46349168 0.01408235
v 0.08357903 0.46344239 0.01080913
v 0.09245075 0.46260422 0.01170890
v 0.08871502 0.46479699 0.00960394
v 0.09541222 0.46159843 0.00678219
v 0.09068252 0.46418339 0.00423373
v 0.09679848 0.45814720 0.00127741
v 0.09111156 0.46018890 -0.00139325
v 0.07721987 0.42598066 0.02908408
v 0.07756098 0.42608443 0.02181672
v 0.09746706 0.45247883 -0.00192582
v 0.09072626 0.45332038 -0.00398813
v 0.09688248 0.44516790 -0.00337094
v 0.09031128 0.44565931 -0.00485180
v 0.09504022 0.43788520 -0.00257134
v 0.08967661 0.43765712 -0.00398955
v 0.09346959 0.43059763 -0.00038878
v 0.08808698 0.42939764 -0.00154954
v 0.09122714 0.42374781 0.00398320
v 0.08553422 0.42020443 0.00285742
v 0.09190001 0.45959780 0.00578316
v 0.09314641 0.45615965 0.00197334
v 0.08255637 0.45889401 0.00225598
v 0.09061588 0.46064839 0.01052745
v 0.08267968 0.44510183 0.00775348
v 0.08088904 0.44759542 0.00745380
v 0.08195437 0.44553855 0.00845614
v 0.08057985 0.44422656 0.00581384
v 0.07886190 0.43373707 0.02278979
v 0.08000080 0.43346870 0.01873393
v 0.08040816 0.43914965 0.01866706
v 0.07840725 0.42923301 0.01841289
v 0.07737216 0.43062544 0.01711609
v 0.07703955 0.43424588 0.01720718
v 0.07657400 0.43891475 0.01669739
v 0.07787728 0.42901978 0.01528342
v 0.07931693 0.42722514 0.01620024
v 0.07666162 0.43028221 0.01471893
v 0.07622908 0.43117470 0.01574415
v 0.07520682 0.43341589 0.01469708
v 0.07604193 0.43688211 0.01226577
v 0.07759267 0.43624818 0.02911637
v 0.07755212 0.43268025 0.00320412
v 0.07487302 0.42378306 0.00730208
v 0.08806801 0.41870180 0.00993305
v 0.08420875 0.41266185 0.00986500
v 0.08246572 0.41002485 0.02371566
v 0.08406872 0.40833184 0.01751919
v 0.08107983 0.45343214 0.00043512
v 0.08094041 0.44679764 -0.00082513
v 0.07343304 0.41728172 0.01424476
v 0.08009763 0.43996057 -0.00026986
v 0.08952695 0.42792058 0.00523044
v 0.08640759 0.42459163 0.00933088
v 0.09193166 0.43275306 0.00179372
v 0.08058757 0.42376626 0.01814699
v 0.08207937 0.41750634 0.02065760
v 0.08548077 0.41694689 0.01575482
v 0.08311214 0.42310789 0.01358628
v 0.08816223 0.43120778 0.00747035
v 0.08430544 0.42864883 0.00968233
v 0.08472039 0.43412855 0.00737789
v 0.08110396 0.43175310 0.00919696
v 0.07888538 0.42964622 0.01232927
v 0.08096570 0.42721280 0.01277225
v 0.07694112 0.43402576 0.00856458
v 0.08069328 0.43749166 0.00668162
v 0.07636543 0.43138644 0.01228809
v 0.08769649 0.43703485 0.00667994
v 0.08993708 0.44088960 0.00564790
v 0.08751789 0.44353476 0.00804706
v 0.08422802 0.44037834 0.00685019
v 0.09276033 0.43874714 -0.00047644
v 0.09238756 0.43939248 0.00299937
v 0.09062179 0.43484586 0.00483369
v 0.09310582 0.44497231 0.00183819
v 0.09340815 0.44542053 -0.00128963
v 0.09110211 0.44510925 0.00431835
v 0.08946423 0.44619465 0.00655307
v 0.09229431 0.45414042 0.00402354
v 0.09307917 0.45003378 0.00235020
v 0.09386273 0.45161632 -0.00054449
v 0.09173395 0.44887605 0.00490666
v 0.09089977 0.45209396 0.00602931
v 0.08934034 0.45017135 0.00721492
v 0.09022672 0.44853026 0.00598578
v 0.08787895 0.45843983 0.01284177
v 0.08653875 0.45665964 0.01452884
v 0.08916568 0.45843422 0.00997172
v 0.08691858 0.45868775 0.01089794
v 0.08766512 0.45611534 0.01001787
v 0.08542456 0.45767972 0.01128328
v 0.08661302 0.45394859 0.01081356
v 0.08457714 0.45107290 0.01106742
v 0.02863445 0.28240919 0.06052954
v 0.02677009 0.29373586 0.06194243
v 0.01460174 0.29082710 0.06607354
v 0.01525888 0.28029698 0.06337786
v 0.08814757 0.45189774 0.00937334
v 0.08933449 0.45432809 0.00800054
v 0.09078678 0.45712250 0.00670779
v 0.08562489 0.44739801 0.00902059
v 0.08720063 0.44635510 0.00865859
v 0.08820470 0.44798049 0.00830409
v 0.08654742 0.44946688 0.00964011
v 0.08050754 0.44352287 0.01775278
v 0.07874505 0.44182968 0.01428297
v 0.07916278 0.43934375 0.01043538
v 0.06419427 0.27148813 0.03872754
v 0.07842958 0.28018472 0.02393642
v 0.07330651 0.28780386 0.02118331
v 0.05992201 0.28053173 0.03597512
v 0.07509457 0.25084403 0.05732699
v 0.07782097 0.23376915 0.06786533
v 0.09768032 0.23868299 0.05964551
v 0.09681035 0.25871187 0.03910987
v 0.09730496 0.22021870 0.07319707
v 0.07812417 0.21664333 0.07817474
v 0.09132314 0.17004673 0.10461297
v 0.09379124 0.18609554 0.09491289
v 0.07533975 0.18464650 0.09845009
v 0.07338263 0.16891094 0.10804321
v 0.10994568 0.09281126 0.12806703
v 0.09806558 0.09467048 0.13181086
v 0.09076858 0.07890382 0.13246721
v 0.10387300 0.07545689 0.12711665
v 0.16664667 0.19389595 0.06793019
v 0.17788753 0.18318224 0.06391151
v 0.18100423 0.20317166 0.05883409
v 0.16825929 0.21310043 0.06078352
v 0.10485912 0.29328021 -0.01339177
v 0.09677655 0.29683721 -0.01566551
v 0.09364145 0.28267470 0.00708984
v 0.10240162 0.27785087 0.01174812
v 0.15496618 0.10436130 0.08015711
v 0.15055571 0.11385296 0.09023380
v 0.14539489 0.10210753 0.09715303
v 0.14934303 0.09263438 0.08914159
v 0.13021028 0.00564093 0.09733006
v 0.11476649 0.00530067 0.11460352
v 0.11324673 -0.01649318 0.11583292
v 0.12934910 -0.01605861 0.09783583
v 0.16816588 0.02793334 0.02177754
v 0.16559593 0.00786593 0.02370814
v 0.16486816 0.00761628 -0.00574328
v 0.16786273 0.02543366 -0.00770241
v 0.12328155 0.16998100 0.09583617
v 0.12665544 0.18651614 0.08637939
v 0.11103417 0.18672206 0.09084379
v 0.10809047 0.17054614 0.10038397
v 0.36061665 0.23298050 0.01848644
v 0.33396912 0.23243430 0.01949921
v 0.33477280 0.21564016 0.02053265
v 0.36148047 0.21621603 0.01890996
v 0.15971732 -0.09048170 0.03756202
v 0.16179547 -0.10913386 0.04041444
v 0.16307762 -0.10446730 0.01111260
v 0.15972261 -0.08644638 0.00992992
v 0.22010024 0.26196530 0.02930023
v 0.21933883 0.27923995 0.00977468
v 0.20534277 0.28363836 0.00946646
v 0.20556770 0.26722771 0.03069531
v 0.16652727 0.15454255 0.07246295
v 0.17206696 0.16758057 0.06833048
v 0.16344482 0.17730470 0.07398514
v 0.15863788 0.16223463 0.07959306
v 0.17416941 0.05874470 -0.01447972
v 0.17722185 0.07649486 -0.01862269
v 0.17579037 0.07942593 0.00231557
v 0.17393649 0.06178330 0.00945408
v 0.17144485 0.04480132 0.01577801
v 0.17110787 0.04193889 -0.01078792
v 0.14868729 0.16616960 0.08539724
v 0.15197666 0.18358938 0.07815195
v 0.14031163 0.18556979 0.08213860
v 0.13674507 0.16851459 0.09090183
v 0.08271236 0.06388129 0.13217294
v 0.09896260 0.05958866 0.12527330
v 0.15294300 -0.11489880 0.06818169
v 0.15248650 -0.09522267 0.06470690
v 0.13955930 -0.10032088 0.08844641
v 0.13867448 -0.12092458 0.09178293
v 0.09817618 0.02607222 0.12560870
v 0.11496920 0.02509369 0.11352240
v 0.11310092 0.04306199 0.11462439
v 0.09736077 0.04421091 0.12470528
v 0.12053382 -0.12595555 0.11190253
v 0.12211197 -0.10473758 0.10891110
v 0.10227729 -0.10754784 0.12705056
v 0.10055782 -0.13059658 0.13029259
v 0.09601036 0.20265013 0.08439692
v 0.07702688 0.20032918 0.08832390
v 0.12926540 0.09243988 0.11517872
v 0.12063815 0.09213817 0.12240146
v 0.11583700 0.07466391 0.12061226
v 0.12591341 0.07563680 0.11326002
v 0.18336584 0.15178594 0.04065277
v 0.19260195 0.16344793 0.03634114
v 0.19351731 0.18721719 0.05126260
v 0.18496072 0.16820675 0.05507649
v 0.16558427 -0.12262477 0.01342083
v 0.16294748 -0.12793210 0.04337838
v 0.11884601 -0.14828061 0.11310153
v 0.09949516 -0.15418124 0.13126551
v 0.22870599 0.15155660 -0.03296665
v 0.22646245 0.15514739 -0.01899241
v 0.21453050 0.14284253 -0.01740789
v 0.21849534 0.13988484 -0.03135303
v 0.05845634 0.09573841 0.13686273
v 0.06765414 0.07542893 0.13618511
v 0.07990187 0.08852232 0.13560417
v 0.07384551 0.10472663 0.13528191
v 0.12427677 0.05954342 0.10798754
v 0.11279041 0.05857116 0.11688703
v 0.12639691 0.04433810 0.10328963
v 0.04193613 0.08546018 0.13569914
v 0.05348517 0.05833337 0.13697408
v 0.05728007 0.19809672 0.09258331
v 0.05603899 0.18287905 0.10182565
v 0.05807737 0.21343376 0.08391029
v 0.05717370 0.22928050 0.07525086
v 0.03747468 0.22624062 0.08076859
v 0.03804551 0.21062616 0.08847583
v 0.05495829 0.24466704 0.06734277
v 0.03563850 0.24107067 0.07342163
v 0.04692686 0.26495481 0.05046739
v 0.04403421 0.27517292 0.04820426
v 0.17733432 0.15505192 0.05870735
v 0.17058419 0.14364222 0.06214482
v 0.13734230 -0.14183258 0.09358600
v 0.11614500 0.22224584 -0.10880475
v 0.13538580 0.22865087 -0.10147592
v 0.13375470 0.21022105 -0.10623492
v 0.11451637 0.20311260 -0.11418723
v 0.11577647 0.27915022 0.01321879
v 0.11443582 0.29351649 -0.01228939
v 0.19655943 0.16143271 -0.07720935
v 0.19755566 0.15084362 -0.07299246
v 0.18692006 0.14177459 -0.07751778
v 0.18461476 0.15450254 -0.08162249
v 0.22772393 0.15506013 -0.05480956
v 0.22548281 0.16160284 -0.06136575
v 0.24112865 0.16978626 -0.06405470
v 0.24316463 0.16344360 -0.05701283
v 0.15771444 -0.10082749 -0.01582114
v 0.15352376 -0.08301410 -0.01682407
v 0.14032800 0.03847719 -0.07726105
v 0.14808671 0.05647835 -0.07488664
v 0.15931216 0.04858617 -0.05684150
v 0.15376393 0.03093740 -0.05746069
v 0.01550379 0.19024944 -0.11022790
v 0.03406188 0.19393232 -0.11599272
v 0.03422197 0.17802608 -0.11857581
v 0.01541913 0.17497775 -0.11247740
v 0.07397743 0.22362311 -0.11390329
v 0.05254760 0.21550556 -0.11595197
v 0.05158801 0.23057429 -0.11088441
v 0.07390271 0.23970288 -0.10764185
v 0.09502190 0.21438253 -0.11537571
v 0.09407046 0.19521689 -0.12051380
v 0.17116100 0.06074119 -0.03644002
v 0.17554466 0.07741854 -0.03843306
v 0.18393306 0.10118850 -0.04127565
v 0.18948199 0.10951559 -0.04212316
v 0.18938334 0.11012506 -0.02624153
v 0.18435411 0.10163926 -0.02457683
v 0.08937371 0.30184004 -0.01779568
v 0.09524332 0.30432630 -0.03957104
v 0.08615576 0.30778936 -0.04190588
v 0.04952691 0.28105384 -0.08509637
v 0.06080335 0.28592822 -0.08081941
v 0.06256214 0.27994648 -0.08491300
v 0.04898435 0.27432609 -0.08981086
v 0.04097023 0.10398349 -0.12043489
v 0.04430656 0.08194015 -0.11735588
v 0.01993426 0.08263462 -0.11280534
v 0.01870882 0.10362057 -0.11564198
v 0.19522783 0.11916618 -0.05519680
v 0.19230551 0.12392526 -0.06468201
v 0.20271491 0.13304107 -0.06221784
v 0.20541336 0.12733084 -0.05425951
v 0.18432775 0.11626484 -0.06614472
v 0.18731542 0.11175716 -0.05517524
v 0.18126553 0.10329997 -0.05522829
v 0.17726718 0.10802261 -0.06756148
v 0.15618013 0.07282222 -0.07240322
v 0.16488352 0.08774229 -0.07029760
v 0.17152481 0.08173575 -0.05532711
v 0.16527760 0.06582492 -0.05558364
v 0.02142711 0.00895773 -0.10008382
v 0.02091387 0.03489385 -0.10547782
v 0.04328404 0.03190153 -0.10939062
v 0.04267079 0.00585208 -0.10405175
v 0.23515591 0.17341301 0.00247271
v 0.25241974 0.17667595 -0.00186291
v 0.24869862 0.18500473 0.01298975
v 0.23337545 0.18196686 0.01654934
v 0.24691363 0.19211425 -0.07662376
v 0.24514072 0.19900699 -0.07824343
v 0.25690460 0.20412067 -0.07880435
v 0.25820133 0.19757186 -0.07791639
v 0.27605578 0.17067069 -0.01906856
v 0.29684210 0.16998750 -0.02206132
v 0.29258230 0.17750658 -0.00729808
v 0.27089009 0.17744757 -0.00493572
v 0.12295635 0.29585835 -0.04038494
v 0.11314401 0.29858479 -0.03936943
v 0.12446136 0.29548392 -0.01143576
v 0.26119581 0.16284215 -0.04063118
v 0.26011491 0.16409703 -0.05185568
v 0.27786052 0.16639867 -0.05674956
v 0.27893683 0.16422699 -0.04508571
v 0.36023799 0.24868105 0.00993471
v 0.33371100 0.24821065 0.01019051
v 0.32159975 0.16728316 -0.03842811
v 0.29933688 0.16546692 -0.03606193
v 0.29999799 0.16499470 -0.04923441
v 0.32305104 0.16900079 -0.05220903
v 0.14856066 0.01319550 -0.05696574
v 0.13344464 0.02005411 -0.07701259
v 0.12900484 -0.09703381 -0.05739801
v 0.12484731 -0.07771938 -0.05840972
v 0.14102896 -0.07998300 -0.03996041
v 0.14570883 -0.09836106 -0.03908743
v 0.16065308 -0.11897890 -0.01461044
v 0.13225208 -0.11658019 -0.05612363
v 0.14896618 -0.11714264 -0.03794093
v 0.07059429 0.31418556 -0.03630418
v 0.07788087 0.31131947 -0.04042794
v 0.06646023 0.30784518 -0.05785470
v 0.06065257 0.31372035 -0.05185013
v 0.17138568 -0.23415472 -0.01198898
v 0.17602558 -0.23821944 0.01909292
v 0.17665069 -0.26324707 0.01182289
v 0.17021993 -0.26158813 -0.01772444
v 0.03307955 0.29507118 -0.07394729
v 0.03007267 0.30443338 -0.06631067
v 0.04600250 0.30897349 -0.06093911
v 0.05107232 0.30115566 -0.06773740
v 0.17022452 -0.20934802 -0.00941876
v 0.17361739 -0.21355443 0.02054122
v 0.07447626 0.30899361 -0.01583895
v 0.08192731 0.30518991 -0.01776359
v 0.07397024 0.30158642 0.00335611
v 0.08104127 0.29596141 0.00218540
v 0.06784547 0.29599047 0.02160000
v 0.17501819 -0.24541987 0.04690192
v 0.17847387 -0.27248850 0.04303592
v 0.05513008 0.31935599 -0.04434953
v 0.04249396 0.31614003 -0.05383596
v 0.02832720 0.31334105 -0.05881573
v 0.01342780 0.31217790 -0.06115374
v -0.00208548 0.31193984 -0.06159494
v -0.00167144 0.32360628 -0.05412779
v 0.16482630 -0.14064987 0.01595820
v 0.16132854 -0.13743956 -0.01261462
v 0.11732774 -0.36482129 -0.08797066
v 0.11800051 -0.38154963 -0.07807492
v 0.08679882 -0.37978163 -0.08784766
v 0.09043186 -0.36850804 -0.09549976
v 0.02461629 -0.35302207 -0.10043257
v 0.05895813 -0.36426127 -0.10086884
v 0.05415811 -0.37374759 -0.09005492
v 0.02075553 -0.36164367 -0.08723494
v 0.03399961 -0.24144226 -0.11856029
v 0.03430265 -0.21916004 -0.11258598
v 0.06314526 -0.21864784 -0.11114718
v 0.06333131 -0.24104786 -0.11797277
v 0.15043637 -0.13580042 -0.03641718
v 0.13447358 -0.13558771 -0.05492865
v 0.16084091 -0.14630134 0.04518193
v 0.17522146 -0.41616926 0.05739500
v 0.17395438 -0.45381564 0.05554703
v 0.17627186 -0.44428173 0.01567011
v 0.18072255 -0.40587917 0.01511478
v 0.14301360 -0.43505988 -0.04673672
v 0.11298298 -0.43183947 -0.06378230
v 0.11591916 -0.40446001 -0.06990027
v 0.14666617 -0.40309596 -0.05173606
v 0.08024421 -0.15902510 0.14830819
v 0.07792332 -0.18250600 0.14468926
v 0.09769597 -0.17618901 0.12932101
v 0.01778926 -0.17018235 0.17160654
v 0.01538099 -0.19381204 0.16566373
v 0.03637839 -0.19109565 0.16347158
v 0.04029829 -0.16696236 0.16964735
v 0.02085448 -0.31005993 0.14961912
v 0.02506280 -0.28355870 0.14653483
v 0.00972605 -0.28685373 0.15018784
v 0.00824624 -0.31171533 0.15206626
v 0.16654356 -0.25404164 0.07231120
v 0.16145372 -0.23165680 0.07379083
v 0.14310117 -0.24045092 0.09390627
v 0.14619678 -0.26258984 0.09365454
v 0.04799826 -0.38489237 -0.07645771
v 0.01858111 -0.36916795 -0.06988004
v 0.15853836 -0.42373016 0.09596807
v 0.15832952 -0.46141624 0.09299056
v 0.13028255 -0.46707913 0.12067253
v 0.13114746 -0.43091041 0.12369608
v 0.09840530 -0.43325675 0.13373271
v 0.09645537 -0.46556783 0.12997432
v 0.00520235 -0.38719904 0.09875127
v 0.00503834 -0.39485019 0.09541078
v 0.02032872 -0.38148442 0.12116454
v 0.01622186 -0.36941239 0.12781595
v 0.02887735 -0.32723966 -0.11524269
v 0.06061388 -0.33196375 -0.11670528
v 0.06009500 -0.34906545 -0.11085243
v 0.02753190 -0.34306103 -0.10799292
v 0.11494050 -0.13656899 -0.06857635
v 0.11237361 -0.11677833 -0.06902476
v 0.09148513 -0.11727808 -0.07752281
v 0.08893004 -0.09561574 -0.07832888
v 0.10972646 -0.09639791 -0.07022738
v 0.09227700 0.04071113 -0.10271580
v 0.10066967 0.06053779 -0.10563608
v 0.12229971 0.04765244 -0.09323603
v 0.11434069 0.02953897 -0.09186485
v 0.05332877 0.19941913 -0.12031950
v 0.05389389 0.18281627 -0.12341474
v 0.07721877 -0.42178443 -0.07084586
v 0.08008066 -0.45720306 -0.06407724
v 0.04520484 -0.44971377 -0.05799103
v 0.03475479 -0.40560326 -0.06302818
v 0.14015302 -0.46797651 -0.04312402
v 0.16619758 -0.43737152 -0.02006296
v 0.16028678 -0.47278461 -0.01877031
v 0.17057800 -0.48982227 0.05415448
v 0.17197764 -0.48079604 0.01559281
v 0.12705959 -0.50158840 0.11727149
v 0.09325251 -0.49848297 0.12461006
v 0.01353398 -0.45489368 0.08713832
v 0.01329219 -0.47958040 0.07667031
v 0.03405164 -0.48588380 0.09828910
v 0.03516841 -0.45876628 0.10716050
v 0.05710376 -0.30709544 0.13147815
v 0.06609402 -0.33493412 0.13355994
v 0.09480601 -0.31375229 0.12414324
v 0.09183571 -0.28660035 0.12015045
v 0.04228148 -0.14025708 0.17195413
v 0.02341756 -0.14431818 0.17443413
v 0.08108722 -0.13375220 0.14811872
v 0.06145719 -0.13671885 0.16315302
v 0.06026138 -0.16337325 0.16205983
v 0.04746091 -0.03821348 0.16194598
v 0.04415737 -0.06243869 0.16583253
v 0.06741180 -0.06234735 0.15534635
v 0.07131125 -0.03881288 0.15131329
v 0.07492685 -0.01487865 0.14664938
v 0.05083157 -0.01414107 0.15656190
v 0.05356743 0.03194520 0.14152002
v 0.07755683 0.02871029 0.13501188
v 0.07750537 0.04812014 0.13298234
v 0.03735327 0.19518706 0.09650471
v 0.03647034 0.17983228 0.10431536
v 0.16953705 -0.28002557 0.06971138
v 0.00593953 -0.41675603 -0.03272938
v 0.01556624 -0.45068353 -0.03707800
v 0.00048448 -0.45778570 -0.00748295
v -0.00318048 -0.43025571 0.00107400
v 0.17071304 -0.22234823 0.04878734
v 0.15255676 -0.13470411 0.07066032
v 0.14976269 -0.15365103 0.07119123
v 0.15938509 0.03466393 0.05478301
v 0.15817130 0.00961605 0.05269733
v 0.08891882 0.09796961 0.13374238
v 0.08777349 0.11008710 0.13216655
v 0.17056891 -0.40090531 -0.02293717
v 0.12266117 -0.53354466 0.11160578
v 0.08925394 -0.53080654 0.11708646
v 0.08413229 -0.56106204 0.10918106
v 0.11698169 -0.56312203 0.10483971
v 0.00430702 -0.50180823 0.04064345
v 0.00956033 -0.53207183 0.03035912
v 0.01721906 -0.53671473 0.05556033
v 0.01472135 -0.50756270 0.06549511
v 0.01398794 -0.56284517 0.02304193
v 0.01664122 -0.59282029 0.01619759
v 0.02005804 -0.59894943 0.03960605
v 0.01956315 -0.56866133 0.04773812
v 0.15519769 -0.49927238 0.09124625
v 0.15973382 -0.55563712 0.05294665
v 0.16557476 -0.52487731 0.05433689
v 0.15019861 -0.53186250 0.08808484
v 0.14491695 -0.56208199 0.08429612
v 0.11216980 -0.46422759 -0.05772887
v 0.00006955 -0.45014778 0.06345451
v 0.00128025 -0.47360402 0.05218425
v 0.01686375 -0.52504647 -0.01882149
v 0.00835270 -0.49157712 -0.01383796
v 0.02494644 -0.48848179 -0.03949887
v 0.03332729 -0.52283567 -0.04149849
v 0.13715039 -0.53081411 -0.03814929
v 0.13831846 -0.50016534 -0.04005855
v 0.15713060 -0.50573009 -0.01491292
v 0.15398093 -0.53699148 -0.01331400
v 0.16656907 -0.51466858 0.01823282
v 0.16117360 -0.54581261 0.01870034
v 0.14789835 -0.61436898 0.04947987
v 0.15380688 -0.58537096 0.05107206
v 0.13806187 -0.59123284 0.08028632
v 0.13065997 -0.61973327 0.07618957
v 0.15059629 -0.60484517 0.01736988
v 0.15556845 -0.57526141 0.01814496
v 0.14755617 -0.59559929 -0.01121574
v 0.15056573 -0.56624126 -0.01223302
v 0.13353066 -0.58871168 -0.03304917
v 0.13575459 -0.55975449 -0.03592643
v 0.11449034 -0.58412707 -0.04819373
v 0.11436361 -0.55577129 -0.05161965
v 0.08934029 -0.55308241 -0.05775290
v 0.09209339 -0.58179283 -0.05453435
v 0.06890468 -0.58099961 -0.05172398
v 0.06349803 -0.55210227 -0.05447116
v 0.03031711 -0.58499181 -0.02652525
v 0.02445502 -0.55597723 -0.02269078
v 0.04050860 -0.55331486 -0.04275970
v 0.04685234 -0.58239615 -0.04291345
v 0.05365949 -0.69872987 -0.03826527
v 0.04613782 -0.66885561 -0.03694867
v 0.06478237 -0.66633356 -0.04288550
v 0.07060068 -0.69599915 -0.04307742
v 0.08725812 -0.69394481 -0.04881628
v 0.08253795 -0.66512924 -0.04683264
v 0.10018615 -0.66525632 -0.04783220
v 0.10463056 -0.69370085 -0.04972612
v 0.13129088 -0.67225611 -0.02659016
v 0.13494286 -0.70062745 -0.02821884
v 0.12110202 -0.69562799 -0.04288119
v 0.11699903 -0.66727924 -0.04106472
v 0.14647217 -0.67923021 -0.00915128
v 0.14733982 -0.70701838 -0.00982431
v 0.14692748 -0.68765277 0.01621873
v 0.14383984 -0.71495640 0.01565820
v 0.13326140 -0.69530356 0.04467557
v 0.13345644 -0.72188991 0.04456574
v 0.02338521 -0.68487686 0.01206481
v 0.02246794 -0.67889917 -0.00687857
v 0.02923136 -0.70769101 -0.01336231
v 0.02843138 -0.71417278 0.00599182
v 0.05104250 -0.69515246 0.05212949
v 0.05327257 -0.72266936 0.04322967
v 0.06826057 -0.72475219 0.06613706
v 0.06737228 -0.69814646 0.07562286
v 0.14204161 -0.64176744 0.04776132
v 0.14687903 -0.63254011 0.01706529
v 0.14496122 -0.62377435 -0.01016200
v 0.13093022 -0.61670852 -0.02957115
v 0.03546976 -0.61267823 -0.03069517
v 0.05304813 -0.60988516 -0.04358761
v 0.02062331 -0.62834013 0.03084612
v 0.01795798 -0.62194902 0.00877277
v 0.09583793 -0.67518562 0.08798195
v 0.12144841 -0.67430359 0.07295880
v 0.12434152 -0.64705968 0.07372706
v 0.09891926 -0.64835632 0.08907171
v 0.14722808 -0.66031921 0.01633244
v 0.14470989 -0.65135509 -0.00944987
v 0.12995239 -0.64431673 -0.02692628
v 0.09707142 -0.63735873 -0.04868088
v 0.11503056 -0.63938898 -0.04173942
v 0.07828175 -0.63704014 -0.04770840
v 0.04058420 -0.64036340 -0.03444079
v 0.05881926 -0.63769907 -0.04398234
v 0.02228238 -0.65707970 0.02113882
v 0.01956301 -0.65059394 0.00073454
v 0.09407062 -0.72625321 0.07658719
v 0.12055924 -0.72577184 0.06800169
v 0.12077844 -0.70043111 0.07153173
v 0.09447314 -0.70160460 0.08453381
v 0.09424087 -0.74797839 0.06416344
v 0.07279830 -0.74662483 0.05383440
v 0.10963800 -0.72313976 -0.05300852
v 0.09212391 -0.72315282 -0.05383044
v 0.12561417 -0.72507554 -0.04607726
v 0.14302118 -0.74284548 0.01748516
v 0.14767538 -0.73490083 -0.01079744
v 0.13000791 -0.74887818 0.04320765
v 0.11515976 -0.74797517 0.06022459
v 0.04438565 -0.76616198 -0.02154456
v 0.04288921 -0.77013987 -0.00372249
v 0.03621248 -0.74143827 0.00079290
v 0.03884168 -0.73642159 -0.01678734
v 0.06325852 -0.75971711 -0.04936115
v 0.06092701 -0.72879720 -0.03915435
v 0.07563765 -0.72557169 -0.04768888
v 0.07800174 -0.75595635 -0.06069824
v 0.11525004 -0.75372237 -0.06197128
v 0.09649125 -0.75374782 -0.06457049
v 0.13257620 -0.75470322 -0.05341539
v 0.14978547 -0.76475817 -0.01109065
v 0.14656955 -0.75805634 -0.03662661
v 0.14043523 -0.72871268 -0.03225522
v 0.14499848 -0.77180660 0.02032838
v 0.12426329 -0.80908048 0.03874278
v 0.14735347 -0.80277276 0.01962725
v 0.12283207 -0.77817565 0.04282913
v 0.09831350 -0.91161454 0.02609952
v 0.09816966 -0.94808942 0.01991970
v 0.12057617 -0.94580954 0.02016877
v 0.12376622 -0.90958351 0.02663086
v 0.04387084 -0.79789770 -0.02876505
v 0.04459629 -0.80036396 -0.00837553
v 0.07960933 -0.78819877 -0.07126090
v 0.06228151 -0.79198521 -0.06033639
v 0.15960330 -0.82824689 -0.01631273
v 0.15696974 -0.82306212 -0.04458787
v 0.15295021 -0.78965300 -0.03992455
v 0.15585676 -0.79570752 -0.01236380
v 0.04217121 -0.90264219 -0.02089777
v 0.03917577 -0.86776310 -0.01712420
v 0.03968352 -0.86574137 -0.03971358
v 0.04236732 -0.90100169 -0.04168381
v 0.07848714 -0.82244366 -0.07886370
v 0.07882351 -0.85795999 -0.08283776
v 0.06026277 -0.86079830 -0.07276051
v 0.06012960 -0.82595003 -0.06801438
v 0.15511335 -0.90072167 -0.02115607
v 0.15342812 -0.89725322 -0.04723584
v 0.15718482 -0.85883856 -0.04752552
v 0.15917982 -0.86334646 -0.01930947
v 0.12577760 -0.84051609 0.03581669
v 0.12645760 -0.87437630 0.03122973
v 0.14909928 -0.86872858 0.01116806
v 0.14975539 -0.83487660 0.01543347
v 0.09826178 -0.84230417 0.03536095
v 0.09876976 -0.87594193 0.03162976
v 0.05780667 -0.97741723 -0.04064484
v 0.05690036 -0.98122412 -0.02465972
v 0.04980595 -0.94122458 -0.02282368
v 0.05062878 -0.93818772 -0.04112359
v 0.08129001 -0.89508140 -0.08161791
v 0.08429193 -0.93386000 -0.07604627
v 0.06812949 -0.93524647 -0.06812561
v 0.06276959 -0.89721823 -0.07290204
v 0.14331736 -0.98061925 -0.02410709
v 0.14048740 -0.97822964 -0.04531746
v 0.14741467 -0.93755317 -0.04641233
v 0.14937559 -0.93991077 -0.02327577
v 0.11740696 -0.98504573 0.01302371
v 0.13642247 -0.98299390 -0.00116425
v 0.14180134 -0.94274610 0.00390276
v 0.09735843 -0.98686785 0.01358586
v 0.09645920 -1.02558219 0.01002198
v 0.11349205 -1.02399421 0.00946232
v 0.06253902 -1.01579082 -0.04023497
v 0.06325460 -1.01870334 -0.02513430
v 0.07298745 -1.01284122 -0.06130412
v 0.07226165 -0.97448289 -0.06367837
v 0.08577790 -0.97293419 -0.07142279
v 0.08526226 -1.01093698 -0.06889826
v 0.11948836 -0.97593194 -0.06966786
v 0.11631475 -1.01367962 -0.06613118
v 0.10087915 -1.01128066 -0.07088085
v 0.10257109 -0.97356540 -0.07365908
v 0.13391446 -1.01570690 -0.04379819
v 0.12637632 -1.01454699 -0.05707509
v 0.13226095 -0.97684979 -0.06058874
v 0.13719156 -1.01774919 -0.02443172
v 0.13058022 -1.02124286 -0.00287450
v -0.00377571 -0.39153063 -0.00520536
v 0.00110468 -0.39609098 -0.02004350
v -0.00507751 -0.41348743 0.01373958
v -0.00733163 -0.40636539 0.02825953
v 0.03317805 -0.54630792 0.07983104
v 0.03356318 -0.51525986 0.08958078
v 0.03105672 -0.60690689 0.06230998
v 0.03257865 -0.57763994 0.07175537
v 0.03187497 -0.63554519 0.05292056
v 0.03514557 -0.69210738 0.03235379
v 0.03362153 -0.66360950 0.04260690
v 0.03754714 -0.71959329 0.02416586
v 0.04395499 -0.74664372 0.01875900
v 0.05094256 -0.77465051 0.01543087
v 0.05372597 -0.83510810 0.00793195
v 0.05515057 -0.80352229 0.01081802
v 0.04164663 -0.83349514 -0.01274140
v 0.05371927 -0.90575141 0.00091898
v 0.05210779 -0.86934507 0.00483167
v 0.06488454 -0.98487067 -0.00815328
v 0.05865312 -0.94499207 -0.00356424
v 0.07103340 -1.02225614 -0.01008196
v 0.06759982 -0.40696976 0.13258763
v 0.06901280 -0.38297880 0.13491811
v 0.04152539 -0.39501414 0.12900475
v 0.03945523 -0.41265252 0.12224441
v -0.00302703 -0.38981956 0.05772873
v -0.00535577 -0.39378378 0.05526372
v -0.00182437 -0.39696670 0.07455427
v -0.00030109 -0.39263543 0.07665823
v 0.13728511 -0.66848302 0.04614765
v 0.11475375 -0.61185676 -0.04449053
v 0.07393003 -0.60882246 -0.04920474
v 0.09451715 -0.60960710 -0.05088588
v 0.04639035 -0.67005855 0.06556215
v 0.06846834 -0.67271310 0.08235943
v 0.07028061 -0.64663178 0.08880161
v 0.04829004 -0.64235878 0.07409742
v 0.09701157 -0.81329674 0.03954128
v 0.07367365 -0.80862135 0.02716717
v 0.07499178 -0.83918583 0.02201621
v 0.09656553 -0.78766531 0.04610267
v 0.13945416 -0.78589356 -0.06047203
v 0.12108131 -0.78473967 -0.07184169
v 0.10110863 -0.81942344 -0.08324502
v 0.10024518 -0.78563070 -0.07499570
v 0.12402089 -0.81837857 -0.07954964
v 0.05198396 -0.58621174 0.09156114
v 0.04942317 -0.61426222 0.08271911
v 0.07464992 -0.61882019 0.09419137
v 0.07885806 -0.59044147 0.10171551
v 0.12136523 -0.05849241 -0.06005597
v 0.13699275 -0.06182198 -0.04199164
v 0.14507096 0.07000073 0.08829100
v 0.13507870 0.06333617 0.09851280
v 0.13925077 0.04780534 0.09012137
v 0.15112178 0.05466164 0.07515017
v 0.15917458 0.06603532 0.06329314
v 0.15311083 0.07994252 0.07848284
v 0.16396655 0.07965046 0.05301719
v 0.15869828 0.09228729 0.06851403
v 0.18238957 0.14142312 0.02336326
v 0.19213682 0.14970687 0.01895201
v 0.02821947 0.03091669 0.14559427
v 0.02706783 0.00856411 0.15377764
v 0.05307831 0.00926251 0.14941908
v 0.05711707 -0.18752818 0.15671118
v 0.06444126 -0.27289471 0.13144009
v 0.04254144 -0.27914879 0.13989797
v 0.03581754 -0.30988148 0.14367777
v 0.00307751 -0.37532085 0.12658936
v -0.00281128 -0.38420159 0.10829397
v -0.00289463 -0.39138949 0.08008391
v -0.00327817 -0.38971445 0.05863192
v 0.06453307 0.00090286 -0.10197924
v 0.06599248 0.02678916 -0.10696774
v 0.01544197 0.20469318 -0.10749885
v 0.03361424 0.20882417 -0.11263923
v 0.03146179 0.23679258 -0.10448888
v 0.01452319 0.23199114 -0.10077947
v 0.01382120 0.24450186 -0.09674714
v 0.03020298 0.24916400 -0.09976781
v 0.01417907 0.30160645 -0.06892817
v 0.01535728 0.29099363 -0.07623623
v -0.00643856 -0.38740334 0.03477971
v -0.00690082 -0.38840836 0.02452577
v -0.00701237 -0.39749873 0.05049546
v 0.01466236 -0.43378794 0.09687716
v 0.01651059 -0.41798669 0.10574772
v 0.00142741 -0.41943192 0.08386463
v 0.00051391 -0.43215439 0.07461286
v 0.18217263 -0.36908704 0.01823127
v 0.17592020 -0.37874526 0.05982694
v 0.08231820 -0.39874932 -0.07874786
v 0.37236047 0.17962044 -0.05343217
v 0.34714374 0.17409384 -0.05351062
v 0.34869915 0.18255021 -0.06531501
v 0.37372923 0.18851048 -0.06387300
v 0.06524300 0.10588824 -0.12229841
v 0.07483538 0.07886472 -0.11572209
v 0.08696506 0.29007909 0.00400049
v 0.14916411 0.29644492 -0.00610455
v 0.13595897 0.29624057 -0.00947989
v 0.13980508 0.28532970 0.01684274
v 0.15137763 0.28641945 0.02021540
v 0.15105915 0.24950913 -0.08739258
v 0.13664259 0.24645774 -0.09388089
v 0.13654983 0.26397878 -0.08144256
v 0.14948936 0.26528779 -0.07431261
v 0.06222356 -0.26465544 -0.12280809
v 0.03245839 -0.26461333 -0.12290134
v 0.04305840 -0.06967182 -0.08797604
v 0.04222236 -0.04551875 -0.09299136
v 0.06342977 -0.04883455 -0.09122545
v 0.06510019 -0.07189193 -0.08640925
v 0.09935492 0.09312201 -0.11435204
v 0.11612099 0.07706845 -0.10353091
v 0.03744316 0.11022309 0.13164186
v 0.05481218 0.11693197 0.13255981
v 0.05380363 0.13477790 0.12555169
v 0.03591089 0.13041510 0.12500502
v 0.31381091 0.20407750 -0.07886222
v 0.32209128 0.18876567 -0.07443442
v 0.29795334 0.18074797 -0.07141437
v 0.29155254 0.19036256 -0.07639825
v 0.14821471 -0.37436390 -0.06019871
v 0.17362131 -0.35884008 -0.02841775
v 0.15265706 -0.02811887 -0.02738333
v 0.14982915 -0.04726647 -0.02321343
v 0.13663329 -0.04318973 -0.04620616
v 0.13963868 -0.02397378 -0.05129794
v 0.16298145 0.02678525 -0.03410724
v 0.15913111 0.00939378 -0.03295046
v 0.16696775 0.04365930 -0.03533342
v 0.22846806 0.15107641 -0.04597617
v 0.21799330 0.13928744 -0.04409853
v 0.21580604 0.14256164 -0.05334215
v 0.03728818 -0.43393221 0.11500112
v 0.04133185 -0.35988179 0.13521285
v 0.03501927 -0.34404933 0.13843904
v -0.00461338 -0.38345620 0.03919629
v -0.00337491 -0.38364813 0.04038882
v 0.06369132 0.30590025 0.02476022
v 0.06789463 0.30963510 0.00657905
v 0.27859128 0.16578703 -0.03235198
v 0.26008016 0.16493781 -0.02839508
v 0.19665615 0.11747062 -0.02801609
v 0.20725164 0.12623233 -0.03015019
v 0.20311832 0.13037525 -0.01466874
v 0.19298904 0.12173427 -0.01112069
v 0.19710232 0.11688626 -0.04283442
v 0.20758820 0.12536430 -0.04342585
v 0.15468355 0.20068315 0.07007500
v 0.15523684 0.21844280 0.06157069
v 0.14237642 0.22105885 0.06287184
v 0.14173980 0.20369023 0.07281157
v 0.12857860 0.20415033 0.07612232
v 0.12925138 0.22225605 0.06481729
v 0.11451602 0.22208050 0.06829361
v 0.11329725 0.20394941 0.08023303
v 0.08498574 0.27193260 0.02987847
v 0.06963392 0.26360336 0.04736435
v 0.05102663 0.25653505 0.05859875
v 0.03329245 0.25246087 0.06629401
v 0.01564785 0.27970374 -0.08279938
v 0.03681599 0.28425914 -0.08253016
v 0.03105838 0.27177382 -0.08971912
v 0.01420343 0.26794106 -0.08811100
v -0.00162645 0.26563767 -0.08591747
v -0.00188467 0.27758899 -0.08118689
v 0.05651413 0.29106268 0.03693323
v 0.04233846 0.28624961 0.05062481
v 0.02966058 0.27159166 0.05926301
v 0.36168072 0.25997362 -0.00460713
v 0.33584613 0.25945106 -0.00517465
v 0.06376228 0.31967658 -0.02972813
v 0.06794421 0.31505489 -0.01171806
v 0.36342055 0.26577005 -0.02243644
v 0.33720243 0.26543939 -0.02308589
v 0.13073389 0.26183519 0.03485658
v 0.14274517 0.26531973 0.03615522
v 0.12812324 0.28227493 0.01442761
v 0.05373681 0.30182981 0.04075187
v 0.04068270 0.29716590 0.05407084
v 0.18252976 -0.33174300 0.02585209
v 0.17411488 -0.34159681 0.06209190
v 0.15804952 -0.07210842 0.03455435
v 0.15234712 -0.07596100 0.06122544
v -0.00223642 -0.03934306 0.16675980
v -0.00342996 -0.06275661 0.17069162
v 0.02012573 -0.06310182 0.17067106
v 0.02271993 -0.03843275 0.16655184
v 0.00160225 0.02845199 0.14551054
v 0.00034524 0.00667538 0.15356170
v 0.01406362 0.30241883 0.06947525
v 0.04103440 -0.11320158 0.17052454
v 0.04164118 -0.08721847 0.16831672
v 0.01814692 -0.08924674 0.17280291
v 0.01756340 -0.11760058 0.17398219
v 0.00867415 -0.14583230 0.17289823
v 0.00700540 -0.15966989 0.17183317
v 0.01566626 -0.33119106 0.15080546
v 0.00629317 -0.33189330 0.15262049
v 0.26766762 0.23372109 0.02517140
v 0.26703432 0.25305501 0.01710532
v 0.24918500 0.25521913 0.02218819
v 0.25069806 0.23474318 0.02913331
v 0.08243588 -0.10893202 0.14518575
v 0.06201594 -0.11033169 0.16087076
v 0.17643857 0.14187910 0.04396453
v 0.17580524 0.13167985 0.02656560
v 0.02755006 0.05419406 0.13786499
v 0.07141870 0.12188144 0.13133091
v 0.07121839 0.13785508 0.12457290
v 0.08700032 0.12471111 0.12771524
v 0.08771643 0.13956410 0.12151535
v -0.00350884 -0.37213355 0.01921660
v -0.00465777 -0.38511357 0.03221918
v 0.25060934 0.24133830 -0.07352386
v 0.25294343 0.23211001 -0.07645244
v 0.23984435 0.22752090 -0.07871170
v 0.23779653 0.23836012 -0.07593668
v -0.00496924 -0.44220743 0.03492564
v -0.00530119 -0.42617264 0.04663670
v 0.01110545 -0.37508628 -0.04847376
v -0.00136048 -0.37534499 -0.03158469
v -0.00257736 -0.37232909 -0.03352679
v -0.00285002 -0.36173484 -0.05042600
v 0.06127738 -0.49339384 0.11605589
v 0.06372352 -0.46182573 0.12356311
v 0.05812714 -0.52476180 0.10822197
v 0.05515904 -0.55563921 0.10021465
v 0.05885432 -0.74837881 0.03573447
v 0.07008780 -0.77760780 0.03481643
v 0.07506462 -0.87310386 0.01827745
v 0.07567186 -0.90913886 0.01415446
v 0.07756616 -0.94753337 0.00868546
v 0.08231612 -1.02500796 0.00214987
v 0.08007418 -0.98736614 0.00418883
v 0.36562368 0.26336008 -0.03963869
v 0.36867827 0.25559193 -0.05448801
v 0.34140071 0.25411755 -0.05686123
v 0.33769628 0.26311278 -0.04175355
v 0.31937751 0.17115906 -0.02411276
v 0.34243768 0.17398398 -0.02556015
v 0.34022272 0.18060020 -0.01115465
v 0.31611791 0.17874886 -0.00942642
v 0.36708733 0.17614149 -0.02684767
v 0.34479445 0.17116182 -0.03994469
v 0.36977276 0.17535807 -0.04087377
v 0.37338373 0.20127948 -0.07123893
v 0.34852612 0.19546117 -0.07328231
v 0.34544998 0.21078618 -0.07653062
v 0.37246329 0.21581645 -0.07454489
v 0.37056568 0.24402703 -0.06572545
v 0.37199423 0.23029998 -0.07272539
v 0.34542817 0.22747064 -0.07446764
v 0.34468466 0.24194185 -0.06761669
v 0.36204547 0.20150831 0.01280041
v 0.33589286 0.20097746 0.01427576
v 0.33762732 0.18972707 0.00265935
v 0.36317617 0.19011471 0.00157237
v 0.26698345 0.26780650 0.00199977
v 0.24854368 0.27176288 0.00632574
v 0.20249525 0.17244703 0.02897245
v 0.21510889 0.17883462 0.02143782
v 0.21782948 0.19302392 0.03510050
v 0.20507543 0.18980648 0.04106312
v 0.30839428 0.24815051 0.01139285
v 0.31040055 0.26047099 -0.00447105
v 0.28702742 0.26364610 -0.00172653
v 0.28621411 0.24992463 0.01377903
v 0.31063461 0.19976735 0.01612860
v 0.28676400 0.19800150 0.01939224
v 0.28879660 0.18684269 0.00729669
v 0.31271771 0.18850641 0.00435018
v 0.29935110 0.17013195 -0.06120286
v 0.32335934 0.17589113 -0.06473051
v 0.25113979 0.21375313 0.03106646
v 0.26785439 0.21380602 0.02760028
v 0.17082600 0.13116030 0.04729846
v 0.18607131 0.11428277 -0.00856894
v 0.18135169 0.10534721 -0.00623511
v 0.13466130 0.07846717 0.10537464
v 0.13634706 0.09293816 0.10784130
v 0.17205714 0.08570886 0.02380516
v 0.17021921 0.06883047 0.03280231
v 0.14138879 0.09333986 0.10156401
v 0.14247811 0.08364841 0.09745675
v 0.09748839 0.00636896 0.12897570
v 0.03073474 0.26159665 0.06053684
v 0.28610799 0.21378970 0.02456507
v 0.28625926 0.23241633 0.02261034
v 0.27344203 0.18254843 -0.07290611
v 0.27648240 0.17378116 -0.06655796
v 0.25812933 0.16889082 -0.06150330
v 0.25651780 0.17635287 -0.06873659
v 0.13694590 0.11730087 -0.10534696
v 0.14673889 0.10533900 -0.09508194
v 0.13122360 0.09155423 -0.09962381
v 0.11876281 0.10493140 -0.11084300
v 0.25226933 0.25797099 -0.06274238
v 0.23794448 0.25828892 -0.06361180
v 0.23955585 0.26765251 -0.05197745
v 0.25589359 0.26581663 -0.05227158
v 0.24264818 0.27529815 -0.03586634
v 0.24695830 0.27922982 -0.01538590
v 0.26571977 0.27477196 -0.01796526
v 0.26117265 0.27217224 -0.03721255
v 0.17763828 -0.29286015 0.00396913
v 0.16940971 -0.28852871 -0.02531630
v 0.11648093 -0.16946897 0.11194176
v 0.13448931 -0.16194774 0.09297582
v 0.09196310 -0.26126516 0.12085053
v 0.00348196 -0.40223119 0.09336499
v 0.01914896 -0.39346319 0.11853087
v -0.00308857 -0.46651453 0.02347744
v 0.17905515 -0.29813853 0.03334671
v 0.00962451 -0.52818120 0.00561466
v 0.00247785 -0.49655303 0.01399777
v 0.05837130 -0.52208793 -0.05592595
v 0.05218112 -0.48855931 -0.05667318
v 0.08305367 -0.49195823 -0.06142181
v 0.08619113 -0.52368796 -0.06026587
v 0.11314406 -0.49606022 -0.05570655
v 0.11369341 -0.52671075 -0.05429526
v 0.10384410 -0.62036663 0.09191038
v 0.10168954 -0.85592932 -0.08656936
v 0.12340534 -0.89433718 -0.07967999
v 0.10246716 -0.89430225 -0.08429885
v 0.12443216 -0.85481012 -0.08243486
v 0.14342883 -0.81957591 -0.06637918
v 0.14387617 -0.85584110 -0.06880180
v 0.14580962 -0.90469229 0.00864099
v 0.10321253 -0.93363750 -0.07861535
v 0.12181576 -0.93506420 -0.07396414
v 0.14154416 -0.89495134 -0.06682949
v 0.13755225 -0.93576330 -0.06343540
v -0.00537284 -0.41617480 0.05792054
v -0.00224196 -0.35690239 -0.06646069
v 0.15510131 -0.35516232 0.09886833
v 0.15740779 -0.38752797 0.09686492
v 0.06873479 -0.35955441 0.13480818
v 0.09704391 -0.34315202 0.12875256
v 0.12417988 -0.08407634 0.10555276
v 0.10500748 -0.08574992 0.12375257
v 0.12828767 -0.03910287 0.09986155
v 0.12669364 -0.06233129 0.10281778
v 0.14214988 -0.05908013 0.08214167
v 0.14344496 -0.03698510 0.07919694
v 0.16033436 -0.03325757 0.02842926
v 0.15822479 -0.05297513 0.03152547
v 0.15714480 -0.05050716 0.00361218
v 0.15955682 -0.03124055 -0.00016542
v 0.15007256 -0.06554148 -0.01930439
v 0.15736625 -0.06886628 0.00695286
v 0.08403555 -0.02906778 -0.08956317
v 0.08546536 -0.00504153 -0.09503812
v 0.10491766 -0.01151754 -0.08441006
v 0.10313129 -0.03372013 -0.07848565
v 0.02533072 -0.33473283 0.14513491
v -0.00405689 -0.40242356 0.07150219
v 0.06596295 -0.43279114 0.12897222
v 0.09893192 -0.40174535 0.13525502
v 0.13081482 -0.39673609 0.12402566
v 0.25719690 0.16982353 -0.01540961
v 0.17705986 0.13291952 -0.08200487
v 0.17370461 0.14552754 -0.08709010
v 0.28610840 0.27081203 -0.02121095
v 0.28131947 0.26899701 -0.04028708
v 0.26677376 0.19695850 0.02325447
v 0.23412797 0.25770381 0.02664984
v 0.22068773 0.23832753 0.03948246
v 0.23555242 0.23581235 0.03432660
v 0.12091315 -0.27282125 0.10814191
v 0.12314761 -0.30010766 0.11166099
v 0.14899993 -0.28892985 0.09355100
v -0.00396738 -0.37841853 -0.01304896
v -0.00227152 -0.37190771 -0.02155374
v 0.04290677 -0.37754896 0.13312182
v 0.01958825 -0.58862001 -0.00659682
v 0.01529677 -0.55909216 -0.00038390
v 0.02288110 -0.61667365 -0.01293564
v 0.02657476 -0.64483583 -0.01906702
v 0.03100370 -0.67319697 -0.02475223
v 0.03832811 -0.70168561 -0.02965206
v 0.04826733 -0.73150867 -0.03005555
v 0.05246876 -0.76291871 -0.03629830
v 0.04111849 -0.83137470 -0.03493644
v 0.05045370 -0.79501039 -0.04593059
v 0.04805373 -0.82865471 -0.05327869
v 0.04739630 -0.86342400 -0.05795594
v 0.05722778 -0.93667686 -0.05635794
v 0.04992374 -0.89913237 -0.05928276
v 0.06323741 -0.97528517 -0.05325764
v 0.06599168 -1.01383889 -0.05174053
v -0.00491583 -0.37833497 0.01570964
v -0.00438383 -0.37864447 0.00207630
v 0.11728191 0.25842983 0.03427587
v 0.18710424 0.13072039 0.00612972
v 0.19686505 0.13829030 0.00193841
v 0.24958023 0.19648440 0.02690841
v -0.00144811 -0.34948692 -0.08105515
v -0.00121708 -0.34082422 -0.09424911
v 0.31989956 0.23789939 -0.06956246
v 0.31536061 0.25147402 -0.06054751
v 0.26687065 0.18591034 0.01017857
v 0.20351608 0.15978234 0.01363458
v 0.21582663 0.16869560 0.00845565
v 0.57885748 0.26542524 -0.02456208
v 0.60010070 0.26111442 -0.02504804
v 0.59909433 0.26634583 -0.03730510
v 0.57725173 0.26997262 -0.03801025
v 0.57929188 0.25526956 -0.01436469
v 0.60007834 0.25093162 -0.01615702
v 0.57616925 0.19119132 -0.03214212
v 0.59752184 0.19302718 -0.03751181
v 0.59752882 0.20120262 -0.02494955
v 0.57597131 0.20064677 -0.01969680
v 0.61972755 0.23526005 -0.01356631
v 0.59943497 0.23834588 -0.01119108
v 0.59836179 0.22485243 -0.01128827
v 0.61885726 0.22292228 -0.01483332
v 0.57442111 0.19193795 -0.06420166
v 0.55344594 0.18809789 -0.05925804
v 0.55143517 0.19763479 -0.07209194
v 0.57259512 0.20217155 -0.07538801
v 0.48708555 0.19617240 -0.00745624
v 0.46882954 0.19865875 -0.00191890
v 0.47104207 0.18663903 -0.01170569
v 0.48929235 0.18498443 -0.01851036
v 0.53457958 0.27381736 -0.02321542
v 0.55691397 0.26962671 -0.02381887
v 0.55482608 0.27295458 -0.03834651
v 0.53182662 0.27502450 -0.03869246
v 0.53319514 0.23372783 -0.00058861
v 0.50921971 0.23785548 0.00107999
v 0.50788140 0.22097486 -0.00141162
v 0.53147012 0.21693408 -0.00341249
v 0.50872225 0.27515092 -0.03932108
v 0.51143134 0.27767593 -0.02386729
v 0.57725412 0.22715265 -0.00707641
v 0.55573010 0.23014075 -0.00322325
v 0.55398303 0.21450467 -0.00686072
v 0.57591057 0.21306299 -0.01163656
v 0.61629814 0.20053066 -0.06883408
v 0.59544075 0.19627473 -0.06736527
v 0.59375185 0.20656461 -0.07689565
v 0.61495274 0.21065313 -0.07705060
v 0.61831361 0.21178967 -0.02054555
v 0.59746784 0.21235043 -0.01648942
v 0.61825943 0.20214055 -0.02961905
v 0.61776471 0.25824267 -0.06087882
v 0.59516698 0.25914830 -0.06389184
v 0.59716743 0.26555043 -0.05093848
v 0.61923248 0.26331711 -0.04885092
v 0.53180969 0.19057421 -0.01956641
v 0.55411887 0.19009987 -0.02582172
v 0.55373853 0.20075777 -0.01425636
v 0.53115171 0.20223801 -0.00944296
v 0.53541148 0.26454461 -0.01025021
v 0.55768824 0.25974113 -0.01223835
v 0.57232219 0.25909042 -0.06627619
v 0.54926902 0.25799608 -0.06774931
v 0.55190480 0.26793623 -0.05321664
v 0.57471877 0.26716045 -0.05229707
v 0.52545834 0.24007034 -0.07708856
v 0.54776692 0.24375780 -0.07736970
v 0.54773164 0.22724715 -0.08037957
v 0.52579921 0.22290091 -0.07895420
v 0.51051456 0.18394738 -0.02689333
v 0.50908732 0.19326918 -0.01364344
v 0.53226769 0.18475726 -0.05283238
v 0.51108414 0.18185084 -0.04495744
v 0.50943863 0.18884753 -0.06121598
v 0.53036380 0.19343920 -0.06742021
v 0.46832049 0.26095963 -0.00083067
v 0.48758370 0.25900501 0.00018994
v 0.48875168 0.27245170 -0.01006848
v 0.46870390 0.27360013 -0.01208682
v 0.48803404 0.27873093 -0.02545164
v 0.46762943 0.27804720 -0.02855472
v 0.43698329 0.26500785 -0.04792236
v 0.44964582 0.26745385 -0.04626863
v 0.44681242 0.25346085 -0.05563407
v 0.43514222 0.25197792 -0.05760244
v 0.48331970 0.22860104 -0.07744630
v 0.50377375 0.23493865 -0.07751531
v 0.50448948 0.21715261 -0.07704440
v 0.48394954 0.21072687 -0.07427283
v 0.46941546 0.19016665 -0.06128670
v 0.48637849 0.19582422 -0.06643245
v 0.48974428 0.18462467 -0.05384595
v 0.47307301 0.18095723 -0.04655221
v 0.41290712 0.18228526 -0.04348430
v 0.42924908 0.18299197 -0.04512374
v 0.42869750 0.17964037 -0.03086179
v 0.41181841 0.18002234 -0.02988104
v 0.42486113 0.19099440 -0.00229787
v 0.42435527 0.20285623 0.00760557
v 0.40740031 0.20237437 0.00962360
v 0.40814340 0.19105501 -0.00105078
v 0.41127720 0.26234150 -0.00473178
v 0.42609355 0.26269266 -0.00431007
v 0.42577714 0.27176291 -0.01979765
v 0.41116893 0.26935434 -0.02191402
v 0.46639130 0.22251226 -0.07700112
v 0.46445686 0.20372888 -0.07183266
v 0.44006291 0.19012810 -0.00432787
v 0.45481405 0.18832272 -0.00753271
v 0.45293680 0.20054182 0.00197645
v 0.43885747 0.20204784 0.00512248
v 0.43697053 0.23190990 0.00751433
v 0.45123479 0.22987282 0.00437677
v 0.45141450 0.24597716 0.00277435
v 0.43845305 0.24705012 0.00391443
v 0.43851471 0.26235238 -0.00368152
v 0.45206624 0.26190865 -0.00253696
v 0.45216191 0.27350420 -0.01487770
v 0.43835983 0.27283534 -0.01726171
v 0.45537153 0.21981105 -0.07616056
v 0.44647881 0.21638170 -0.07489720
v 0.44463062 0.22961837 -0.07205861
v 0.45370591 0.23367909 -0.07220285
v 0.45822334 0.17887034 -0.03961042
v 0.45594323 0.18638307 -0.05428258
v 0.46659073 0.22822624 0.00129853
v 0.45193017 0.21509109 0.00542816
v 0.46740499 0.21285991 0.00176648
v 0.45145267 0.27610976 -0.03132112
v 0.41396782 0.18841580 -0.05462348
v 0.39676127 0.18491800 -0.05365261
v 0.39720601 0.19353367 -0.06306648
v 0.41411015 0.19641766 -0.06411023
v 0.39541057 0.17925900 -0.04187464
v 0.39314055 0.17850685 -0.02840796
v 0.38743848 0.20200911 0.01143182
v 0.38862792 0.19079646 0.00039942
v 0.38701069 0.21691003 0.01707822
v 0.40744376 0.21738870 0.01487710
v 0.40721381 0.23299007 0.01394205
v 0.38629290 0.23275073 0.01670474
v 0.38762149 0.26092449 -0.00466438
v 0.38890550 0.26680291 -0.02209791
v 0.41152599 0.26656222 -0.03738008
v 0.39137730 0.26377088 -0.03846376
v 0.42701498 0.18311106 -0.01578087
v 0.44215849 0.18159008 -0.01830102
v 0.57048517 0.24636650 -0.07678755
v 0.59334832 0.24802312 -0.07448965
v 0.59220779 0.23380108 -0.07955863
v 0.56987923 0.23097788 -0.08063652
v 0.59243274 0.21974428 -0.08074573
v 0.61409867 0.22307308 -0.07941699
v 0.55732095 0.24606675 -0.00504530
v 0.57872385 0.24204481 -0.00816126
v 0.62051022 0.24725354 -0.01687282
v 0.46698058 0.24432772 0.00225142
v 0.48571610 0.24181063 0.00173560
v 0.43475318 0.23961109 -0.06616991
v 0.42456734 0.23763776 -0.06779520
v 0.42417935 0.24991490 -0.05933198
v 0.46513098 0.23986477 -0.07118989
v 0.46151847 0.25340381 -0.05662620
v 0.48355183 0.26046559 -0.05420267
v 0.48289400 0.24685356 -0.06976910
v 0.43756536 0.21307795 -0.07302890
v 0.42695132 0.21040690 -0.07173090
v 0.42570335 0.22417557 -0.07222248
v 0.43593088 0.22669709 -0.07196022
v 0.40897334 0.24855798 0.00712773
v 0.42492616 0.24789339 0.00513565
v 0.39491108 0.24569181 -0.06379779
v 0.39422107 0.25577879 -0.05258694
v 0.41193813 0.25830609 -0.05025841
v 0.41168773 0.24782120 -0.06102574
v 0.42499161 0.26174620 -0.04910835
v 0.39529175 0.23291072 -0.07110130
v 0.41200277 0.23557864 -0.06919743
v 0.38643864 0.24871834 0.00973648
v 0.41335821 0.20806466 -0.07114155
v 0.39653865 0.20528576 -0.07079758
v 0.39592984 0.21914731 -0.07353041
v 0.41275039 0.22178736 -0.07260640
v 0.57069808 0.21593307 -0.08046179
v 0.54918402 0.21164413 -0.07869793
v 0.47340006 0.17894918 -0.02815611
v 0.49092028 0.17924637 -0.03606633
v 0.45720011 0.17983831 -0.02233567
v 0.57574511 0.18748902 -0.04840669
v 0.59680438 0.19089583 -0.05313499
v 0.53253752 0.18345229 -0.03488666
v 0.55438000 0.18509918 -0.04208674
v 0.52641922 0.25591370 -0.06829187
v 0.44151810 0.19182999 -0.05978280
v 0.45222551 0.19515422 -0.06519410
v 0.44318247 0.18375535 -0.04906158
v 0.39015922 0.18281807 -0.01331528
v 0.40991896 0.18331221 -0.01488855
v 0.45515391 0.20858590 -0.07475597
v 0.36488220 0.18180387 -0.01231542
v 0.46514004 0.26998943 -0.04414001
v 0.42559469 0.27052060 -0.03569604
v 0.43805099 0.27355739 -0.03354029
v 0.62041306 0.26306087 -0.03591102
v 0.53475291 0.25019717 -0.00240937
v 0.48488533 0.22534685 -0.00016935
v 0.48561931 0.20985307 -0.00199435
v 0.42902207 0.19010465 -0.05640639
v 0.42820334 0.19826999 -0.06583080
v 0.43923193 0.20069939 -0.06832030
v 0.42389336 0.21773072 0.01234544
v 0.42307982 0.23310040 0.01081857
v 0.61740565 0.19497345 -0.05616765
v 0.43834969 0.21663472 0.00928384
v 0.48577538 0.27309924 -0.04067718
v 0.01515786 0.21857938 -0.10437632
v -0.00098119 0.20288353 -0.10416830
v -0.00091931 0.21650535 -0.10127405
v 0.16628842 0.05294203 0.04227409
v 0.12973267 0.02622603 0.09874027
v 0.14436418 0.02912945 0.08030977
v 0.18047436 0.12273305 0.00916344
v 0.17590082 0.11278024 0.01272258
v 0.22083317 0.16038227 -0.00580502
v 0.20854458 0.14948234 -0.00221896
v 0.16676520 0.09419393 0.04334977
v 0.08253824 0.46539602 -0.00492150
v 0.08049117 0.45826870 -0.00808104
v 0.08438290 0.47876036 -0.00399219
v 0.00670145 -0.13113561 0.17254385
v -0.00593447 -0.16111952 0.16900657
v -0.00576784 -0.17653607 0.16848998
v 0.08308464 0.44848707 0.00978876
v 0.08090361 0.44189450 0.00521683
v 0.08527073 0.44500294 0.00847082
v 0.08307217 0.45054859 0.01192996
v 0.08271236 0.44952846 0.01154453
v 0.08533790 0.48144576 0.00680134
v 0.07824095 0.44954887 -0.00853136
v 0.07615189 0.43989006 -0.00725659
v 0.08372535 0.46773437 0.01148056
v 0.05050527 -0.14192776 -0.08360437
v 0.05439948 -0.16079314 -0.08715156
v 0.02826628 -0.16238123 -0.08848257
v 0.02547973 -0.14400850 -0.08334991
v 0.00043565 -0.17795944 -0.09635150
v -0.00017680 -0.16197117 -0.08842865
v 0.03144374 -0.17999642 -0.09666257
v 0.14547795 -0.21190304 -0.06247833
v 0.14174490 -0.19021389 -0.05884364
v 0.15621698 -0.18854764 -0.03567626
v 0.16074428 -0.20947710 -0.03769223
v 0.16166350 -0.17112751 -0.00919217
v 0.16568612 -0.18895032 -0.00864093
v 0.15192866 -0.16983995 -0.03477714
v 0.16465659 -0.17482464 0.01944362
v 0.16858572 -0.19336900 0.02037211
v 0.16057789 -0.18205945 0.04688194
v 0.16533028 -0.20173794 0.04783748
v 0.15595242 -0.21135394 0.07231230
v 0.13956846 -0.22048095 0.09349236
v 0.11915962 -0.24976957 0.10807072
v 0.11740880 -0.22929774 0.11010562
v 0.09327578 -0.23752196 0.12292212
v 0.06878434 -0.24557890 0.13308226
v 0.04686899 -0.25169668 0.14110869
v 0.02796986 -0.25698844 0.14708269
v 0.01103649 -0.26023293 0.15061221
v -0.00431146 -0.26237842 0.15090331
v -0.00355990 -0.28882760 0.15077332
v 0.11512445 0.23990159 0.05362698
v 0.08524574 0.29876164 -0.06072788
v 0.10351094 0.30150759 -0.03809643
v 0.09431218 0.29487440 -0.06095676
v 0.11820312 0.24091803 -0.10168676
v 0.09668364 0.23275886 -0.10943788
v 0.09762973 0.25008744 -0.10106955
v 0.11893229 0.25966662 -0.09010645
v 0.07507428 0.28831342 -0.07548431
v 0.07041170 0.29135978 -0.07424605
v 0.08081479 0.28339013 -0.07813901
v 0.06572110 0.27304494 -0.08976839
v 0.04697874 0.26600936 -0.09402744
v 0.14793111 0.29396400 -0.03396841
v 0.16164720 0.29310620 -0.02933003
v 0.15932757 0.28081977 -0.05191299
v 0.14843699 0.28147358 -0.05791891
v 0.15156937 0.23313124 -0.09531872
v 0.16368037 0.23597710 -0.09009196
v 0.16444300 0.22027101 -0.09444089
v 0.15109827 0.21614732 -0.09965996
v 0.20225500 0.28791457 -0.01544595
v 0.21644461 0.28534478 -0.01427260
v 0.21193677 0.28052327 -0.03638842
v 0.19807100 0.28189731 -0.03847969
v 0.16157950 0.25122604 -0.08144449
v 0.08809214 0.11222089 -0.12228867
v 0.10894574 0.12097995 -0.11865181
v 0.12744142 0.13011771 -0.11353572
v 0.17036363 0.15905884 -0.09088898
v 0.16265610 0.13611178 -0.09273611
v 0.15852383 0.15025297 -0.09688620
v 0.18225022 0.16781779 -0.08598921
v 0.19222660 0.17257716 -0.08101846
v 0.20593876 0.24271312 0.04300525
v 0.20678571 0.21467671 0.04820525
v 0.22054878 0.21340778 0.04213347
v 0.21772943 0.17915525 -0.07297896
v 0.22038272 0.17289804 -0.07005703
v 0.20716776 0.16528098 -0.07033272
v 0.20463318 0.17262764 -0.07345845
v 0.13429596 0.29468143 -0.03777614
v 0.21029854 0.26975238 -0.05401482
v 0.20935439 0.25826901 -0.06645671
v 0.19568004 0.25668135 -0.06801604
v 0.19644074 0.26971376 -0.05579504
v 0.20964970 0.24562120 -0.07536315
v 0.21036968 0.23245078 -0.08033618
v 0.19786812 0.22958535 -0.08257919
v 0.19711605 0.24326037 -0.07760091
v 0.21715651 0.18692467 -0.07626080
v 0.20191598 0.18097693 -0.07674789
v 0.23310895 0.27539626 0.00882562
v 0.17693998 0.29334894 0.00339293
v 0.16321224 0.29600978 -0.00153315
v 0.16373804 0.28417480 0.02435802
v 0.17638974 0.27953261 0.02812702
v 0.23823039 0.16615829 -0.01121585
v 0.24232936 0.16126953 -0.02480707
v 0.24417678 0.15833227 -0.03765704
v 0.21256039 0.14915627 -0.06131838
v 0.24452022 0.15870276 -0.04848202
v 0.23302357 0.19410811 0.03034323
v 0.23524402 0.21335886 0.03548826
v 0.16449283 0.26132736 0.04167306
v 0.17684951 0.25536576 0.04401490
v 0.23072001 0.28252798 -0.01463843
v 0.22640231 0.27802062 -0.03624776
v 0.24949414 0.18698822 -0.07474246
v 0.23620991 0.17966852 -0.07167760
v 0.23336269 0.18492132 -0.07419375
v 0.19988239 0.14126620 -0.06843331
v 0.20921871 0.15785460 -0.06644462
v 0.17494203 0.29174736 -0.02410244
v 0.22350495 0.25760257 -0.06587646
v 0.22404020 0.26859036 -0.05327431
v 0.18536912 0.24062262 -0.08037670
v 0.17437489 0.23820789 -0.08466279
v 0.17216255 0.25284079 -0.07581329
v 0.18335296 0.25458047 -0.07130200
v 0.22646603 0.22272150 -0.08081377
v 0.22449376 0.23532049 -0.07847302
v 0.17569852 0.22323114 -0.08955636
v 0.18663551 0.22625296 -0.08566546
v 0.23138231 0.19203338 -0.07669195
v 0.15376700 0.26554427 0.03847654
v 0.14302787 0.24200240 0.05044577
v 0.15507045 0.24175811 0.05104708
v 0.16647989 0.23684077 0.05286941
v 0.17950754 0.22922233 0.05366338
v 0.19364800 0.22009511 0.05225023
v 0.13059106 0.24084663 0.05121700
v 0.44856200 0.20451289 -0.07186814
v 0.25386560 0.18278293 -0.07294668
v 0.26222429 0.19364683 -0.07717531
v 0.26790929 0.18887344 -0.07573951
v 0.31942660 0.22301343 -0.07626094
v 0.00591098 0.39277318 0.13170764
v 0.00630192 0.38669884 0.12918849
v 0.00468959 0.41849938 0.13153581
v 0.00487500 0.41453257 0.13254134
v 0.44445711 0.24164620 -0.06466605
v 0.45256013 0.24328263 -0.06432507
v 0.50406736 0.25220919 -0.06875709
v 0.50594407 0.26541641 -0.05394317
v 0.52877569 0.26737878 -0.05374715
v 0.51207799 0.26937625 -0.00922746
v 0.51098412 0.25496030 -0.00044014
v 0.50798029 0.20561741 -0.00569649
v 0.50661969 0.20168248 -0.07140484
v 0.66204101 0.25123414 -0.02107760
v 0.68289196 0.24783562 -0.01975876
v 0.68359232 0.25541702 -0.02883912
v 0.66227198 0.25755334 -0.03155334
v 0.70325142 0.24494109 -0.01739372
v 0.68187368 0.23739251 -0.01596618
v 0.70149195 0.23387221 -0.01544255
v 0.68030912 0.22679181 -0.01745412
v 0.69952297 0.22411048 -0.01828470
v 0.69785279 0.21612188 -0.02481201
v 0.67908084 0.21757722 -0.02282117
v 0.67895335 0.21070249 -0.03057710
v 0.69768441 0.21067205 -0.03317402
v 0.65897274 0.20463395 -0.03697249
v 0.65885741 0.20113043 -0.04820042
v 0.67897409 0.20434970 -0.05038095
v 0.67907512 0.20619604 -0.04008320
v 0.69807929 0.21575676 -0.06857111
v 0.67848152 0.21214963 -0.06962472
v 0.67832059 0.22152805 -0.07353691
v 0.69811028 0.22417364 -0.07165492
v 0.65855932 0.24072529 -0.07196897
v 0.67996037 0.24321564 -0.07001933
v 0.67883527 0.23233736 -0.07299592
v 0.65738696 0.22921829 -0.07526824
v 0.69967932 0.24572401 -0.06969639
v 0.68144047 0.25131106 -0.06277901
v 0.70110601 0.25365776 -0.06155629
v 0.64091319 0.24408843 -0.01644287
v 0.64132780 0.25429133 -0.02326118
v 0.62068325 0.25710610 -0.02473056
v 0.65929717 0.21895051 -0.02010243
v 0.66015166 0.22929032 -0.01590315
v 0.63995183 0.23225240 -0.01491981
v 0.63905531 0.22080457 -0.01766153
v 0.61802286 0.19535697 -0.04213209
v 0.63858098 0.19844605 -0.04546212
v 0.63852441 0.20319884 -0.03364201
v 0.65892804 0.21079583 -0.02742535
v 0.63859433 0.21108326 -0.02424082
v 0.65840411 0.20239297 -0.05998535
v 0.67868900 0.20624897 -0.06109950
v 0.66219461 0.25897220 -0.04355628
v 0.68346947 0.25750637 -0.04073620
v 0.68289071 0.25579679 -0.05228879
v 0.66150296 0.25632304 -0.05482218
v 0.63795489 0.19900651 -0.05825057
v 0.64082736 0.26100042 -0.04623307
v 0.63990521 0.25729761 -0.05775788
v 0.66012543 0.25034761 -0.06502984
v 0.63834363 0.24955548 -0.06803814
v 0.70346832 0.25736752 -0.03820901
v 0.70398962 0.25356087 -0.02602557
v 0.64137548 0.26052672 -0.03392516
v 0.65776342 0.20836632 -0.06993520
v 0.63702554 0.20460859 -0.06952037
v 0.63609064 0.21444015 -0.07635850
v 0.65722746 0.21809225 -0.07527957
v 0.61458337 0.23603462 -0.07730371
v 0.63677472 0.23816754 -0.07449441
v 0.63586307 0.22611319 -0.07736435
v 0.69862062 0.23453356 -0.07205199
v 0.61608064 0.24878848 -0.07134728
v 0.78850311 0.20956752 -0.03133410
v 0.79377753 0.20838335 -0.02157252
v 0.78396243 0.20455118 -0.01926252
v 0.77839738 0.20632719 -0.02972318
v 0.76193053 0.19586349 -0.01108001
v 0.77070069 0.19754796 -0.00105574
v 0.76309270 0.20165497 0.00587232
v 0.75286573 0.20004700 -0.00296686
v 0.79751420 0.21046421 -0.01238495
v 0.78824699 0.20535067 -0.01028669
v 0.79637259 0.21616302 -0.00570803
v 0.80560750 0.21560162 -0.01379564
v 0.80503696 0.22336325 -0.00984491
v 0.81317675 0.22679292 -0.01246598
v 0.81140333 0.23618688 -0.01626650
v 0.79916227 0.23499976 -0.01184116
v 0.79221177 0.24666317 -0.03736990
v 0.80732852 0.24444555 -0.03764698
v 0.80440354 0.24481282 -0.04896127
v 0.78904802 0.24665071 -0.04836973
v 0.79451019 0.23928913 -0.06832924
v 0.78033584 0.24148487 -0.06610945
v 0.78506142 0.24420999 -0.05724721
v 0.80060709 0.24189682 -0.05855387
v 0.78163594 0.21243328 -0.04668016
v 0.78383076 0.21161816 -0.04032259
v 0.77370268 0.20925178 -0.03983613
v 0.77091169 0.21055795 -0.04673591
v 0.79323435 0.22115441 0.00562499
v 0.79476541 0.21687007 0.00368551
v 0.79538262 0.22431567 -0.00384961
v 0.78910810 0.22846670 -0.00215144
v 0.74343151 0.20288795 -0.05915916
v 0.74314195 0.20340748 -0.05087782
v 0.73198277 0.20552459 -0.04757673
v 0.73116189 0.20516637 -0.05673013
v 0.73707235 0.20197563 -0.01903426
v 0.73322761 0.21472032 -0.01088545
v 0.72626233 0.21622148 -0.01616524
v 0.73153293 0.20592721 -0.02686845
v 0.74410003 0.20022327 -0.01145344
v 0.74995548 0.21170510 0.00152060
v 0.74044335 0.21282253 -0.00500565
v 0.76096559 0.21135873 0.00956097
v 0.72941613 0.20813960 -0.06726475
v 0.73808777 0.20586105 -0.07158872
v 0.86416531 0.21615058 -0.01720412
v 0.85813361 0.21678603 -0.01699105
v 0.85878575 0.21501060 -0.02249858
v 0.86501366 0.21478623 -0.02254741
v 0.73617804 0.22523975 -0.07991844
v 0.72923291 0.22426419 -0.07697763
v 0.73055458 0.23421240 -0.07578768
v 0.73816216 0.23499618 -0.07656623
v 0.74539649 0.22614652 -0.08354401
v 0.74794579 0.23584299 -0.07785802
v 0.86706489 0.22982909 -0.01539631
v 0.86075956 0.23127453 -0.01611093
v 0.85944110 0.22655949 -0.01367192
v 0.86550272 0.22503018 -0.01335739
v 0.79820973 0.21149006 -0.03130091
v 0.80294973 0.21093751 -0.02198125
v 0.82166922 0.21289591 -0.02589934
v 0.82038552 0.21495220 -0.01942311
v 0.81183839 0.21301088 -0.02073904
v 0.80963606 0.21244280 -0.03070698
v 0.80147642 0.21399611 -0.05126837
v 0.80624187 0.21356064 -0.04385091
v 0.79502577 0.21350875 -0.04337515
v 0.79060751 0.21380767 -0.05119514
v 0.78656924 0.21134248 -0.06369568
v 0.78610736 0.20939077 -0.07007123
v 0.79517126 0.21046518 -0.07136711
v 0.79700208 0.21225518 -0.06433790
v 0.81874263 0.21427618 -0.05909500
v 0.81712067 0.21417533 -0.06491480
v 0.82673025 0.21704549 -0.06522301
v 0.82875961 0.21666235 -0.05984429
v 0.72215170 0.22433732 -0.07491624
v 0.72299445 0.23463988 -0.07482374
v 0.78422785 0.23158503 -0.08614288
v 0.79402053 0.23059514 -0.08982895
v 0.78939414 0.22279069 -0.09637990
v 0.77940071 0.22366056 -0.09248652
v 0.74161112 0.24301203 -0.06938016
v 0.73357868 0.24346584 -0.06940132
v 0.86857635 0.23242806 -0.02043279
v 0.86225921 0.23409893 -0.02109603
v 0.76348436 0.22200257 0.00801508
v 0.75204545 0.22406168 -0.00060961
v 0.74233156 0.22599651 -0.00736538
v 0.73475730 0.22771195 -0.01189547
v 0.72756022 0.22954021 -0.01360862
v 0.81495231 0.21287943 -0.03608818
v 0.79204059 0.21245897 -0.03880316
v 0.77958941 0.21245387 -0.05145446
v 0.77324277 0.20492560 -0.08181480
v 0.77629328 0.20593815 -0.07419863
v 0.76881278 0.20456336 -0.07122445
v 0.76458675 0.20443800 -0.08133756
v 0.77807242 0.21436411 -0.09381933
v 0.78805041 0.21418887 -0.09626943
v 0.78955203 0.20881216 -0.09128571
v 0.78036624 0.20812687 -0.08942220
v 0.79052937 0.22424410 0.00988843
v 0.78244877 0.22929910 0.00213599
v 0.73599839 0.21470353 -0.07853574
v 0.72866440 0.21506234 -0.07426009
v 0.72177285 0.21635056 -0.07082513
v 0.75677502 0.20651163 -0.04952344
v 0.75869638 0.20602585 -0.04477226
v 0.74471051 0.20146930 -0.03909361
v 0.74326390 0.20316815 -0.04555464
v 0.76724315 0.20025067 -0.02732856
v 0.77381521 0.19891600 -0.01644461
v 0.75415319 0.19652042 -0.02183299
v 0.73178637 0.20538913 -0.03908984
v 0.72276378 0.20878610 -0.03629426
v 0.72285360 0.20838133 -0.04581346
v 0.72249460 0.20864008 -0.05551810
v 0.72191232 0.21095087 -0.06466427
v 0.71249247 0.21028574 -0.03507143
v 0.71268958 0.20904291 -0.04445742
v 0.71274555 0.20969275 -0.05442196
v 0.71281654 0.21250398 -0.06309515
v 0.71409190 0.24632877 -0.06951289
v 0.72471577 0.24469469 -0.06947500
v 0.71308988 0.23524702 -0.07360598
v 0.71520531 0.22080728 -0.01757325
v 0.71328437 0.21444474 -0.02610317
v 0.72341651 0.21152662 -0.02627846
v 0.71770716 0.23147583 -0.01464579
v 0.77712780 0.20009051 0.00629512
v 0.78399634 0.20271309 0.00063383
v 0.78883326 0.20355451 0.00679966
v 0.78344887 0.20150575 0.01223022
v 0.81297016 0.21889743 -0.01451197
v 0.82071537 0.22059660 -0.01501564
v 0.82139295 0.22812767 -0.01410446
v 0.74712890 0.20492794 -0.07646140
v 0.75196880 0.20303530 -0.06539941
v 0.82417923 0.21326549 -0.03184440
v 0.85316449 0.23234889 -0.01683829
v 0.84044313 0.23358516 -0.01737194
v 0.83883309 0.22775058 -0.01473758
v 0.85197812 0.22735755 -0.01411440
v 0.83384359 0.21766910 -0.03538458
v 0.84188575 0.21952152 -0.03344930
v 0.83940607 0.21561204 -0.02906422
v 0.83111829 0.21490613 -0.03000324
v 0.81462997 0.21302225 -0.07179493
v 0.82260156 0.21524963 -0.07191836
v 0.82212198 0.23864268 -0.03806225
v 0.80917901 0.24330764 -0.02593097
v 0.82123882 0.24109477 -0.02651484
v 0.79880935 0.21341586 -0.05812197
v 0.80728579 0.21289794 -0.06474701
v 0.80893630 0.21350439 -0.05873265
v 0.81857151 0.21334775 -0.03880254
v 0.81457990 0.21361640 -0.04394585
v 0.82276070 0.21459666 -0.04290567
v 0.82534015 0.21426824 -0.03684030
v 0.76610321 0.21274881 -0.09097779
v 0.76762295 0.22525088 -0.08941906
v 0.85837072 0.22122484 -0.01397613
v 0.86443788 0.22020988 -0.01409287
v 0.71278679 0.22484830 -0.07263583
v 0.71277624 0.21737245 -0.06907218
v 0.78806680 0.21305071 -0.05734376
v 0.79510659 0.24360429 -0.02505216
v 0.77746236 0.21141313 -0.05650925
v 0.81256175 0.23048978 -0.07877623
v 0.82113612 0.23055354 -0.07948813
v 0.82020628 0.22387849 -0.08127316
v 0.81211966 0.22374140 -0.08292131
v 0.85422707 0.22116168 -0.03191067
v 0.86187869 0.22189718 -0.03118663
v 0.86042976 0.21721935 -0.02774467
v 0.85244906 0.21648556 -0.02800508
v 0.82883799 0.21453921 -0.02468779
v 0.83758837 0.21452342 -0.02367515
v 0.83673602 0.21667805 -0.01839345
v 0.82763857 0.21641967 -0.01904305
v 0.82807511 0.22158933 -0.01564580
v 0.83745492 0.22187389 -0.01541311
v 0.85574257 0.22802460 -0.03258269
v 0.84402800 0.22712092 -0.03383422
v 0.84291840 0.23444127 -0.03022816
v 0.85559869 0.23382191 -0.02839508
v 0.76646417 0.24377938 -0.06385204
v 0.77617812 0.23801710 -0.07526557
v 0.76292044 0.24023059 -0.07242764
v 0.80762887 0.23745081 -0.07033563
v 0.80167478 0.23135649 -0.07990067
v 0.78938693 0.23566973 -0.07793073
v 0.77216178 0.23354045 -0.08271085
v 0.83246571 0.22771308 -0.04112074
v 0.83121252 0.23399353 -0.04262285
v 0.83229434 0.23365344 -0.03388946
v 0.77527642 0.20883998 -0.06367250
v 0.85081750 0.22174481 -0.01444658
v 0.74021143 0.24771823 -0.02407951
v 0.74921536 0.24544121 -0.02350874
v 0.75079679 0.25192633 -0.03754842
v 0.74048531 0.25330198 -0.03618581
v 0.85101855 0.21485454 -0.02258022
v 0.85048532 0.21655151 -0.01723125
v 0.81370878 0.21331318 -0.07896730
v 0.81487966 0.21599367 -0.08438350
v 0.82089132 0.21785429 -0.08203495
v 0.82078207 0.21571657 -0.07770346
v 0.75951189 0.23552649 -0.07990128
v 0.80079442 0.22981103 -0.09335418
v 0.79762077 0.22183794 -0.09935953
v 0.75089228 0.24215196 -0.07045206
v 0.74452424 0.24830531 -0.05988791
v 0.75398803 0.24623080 -0.06172014
v 0.81674999 0.23747450 -0.05916873
v 0.77033401 0.24640414 -0.05583087
v 0.75745606 0.24891798 -0.05368369
v 0.74700165 0.25127691 -0.05044077
v 0.73844635 0.25319633 -0.04877065
v 0.73637164 0.24980834 -0.05908513
v 0.85457301 0.23531957 -0.02206816
v 0.86325383 0.23301311 -0.02734409
v 0.71567130 0.25322840 -0.05971876
v 0.72688413 0.25138971 -0.05885790
v 0.71734327 0.25623924 -0.04855966
v 0.72899318 0.25491449 -0.04822545
v 0.76326448 0.24983570 -0.03515501
v 0.76085162 0.25048348 -0.04469895
v 0.77748036 0.24819663 -0.03678438
v 0.77411711 0.24847871 -0.04722602
v 0.81850469 0.24232881 -0.04914664
v 0.87837851 0.22673023 -0.02872104
v 0.87756592 0.22203717 -0.03001189
v 0.86868179 0.22202313 -0.03082686
v 0.86987257 0.22743101 -0.02978419
v 0.86312836 0.22795276 -0.03109918
v 0.86970592 0.23181233 -0.02627689
v 0.78044885 0.24410959 -0.02400852
v 0.83089811 0.21718657 -0.04211274
v 0.76403636 0.24220805 -0.02016943
v 0.77447873 0.23627545 -0.00700802
v 0.78570354 0.23828888 -0.01092905
v 0.75643468 0.23454300 -0.00673670
v 0.74580896 0.23734762 -0.01231912
v 0.72999811 0.24051531 -0.01619796
v 0.73731184 0.23905981 -0.01547992
v 0.71952319 0.24238516 -0.01641907
v 0.76747024 0.23085870 0.00172629
v 0.87296438 0.21430670 -0.02329456
v 0.87216187 0.21492231 -0.01767810
v 0.73166662 0.24923271 -0.02396866
v 0.72028542 0.25130990 -0.02442006
v 0.77991885 0.20020640 -0.00690829
v 0.76705801 0.20934041 -0.05518549
v 0.76489317 0.20675553 -0.06054268
v 0.76096600 0.20356780 -0.06857035
v 0.75620073 0.20438233 -0.07964666
v 0.71924680 0.25670338 -0.03633789
v 0.69804019 0.20786782 -0.04251629
v 0.69799447 0.20796588 -0.05257933
v 0.70239210 0.25668401 -0.05010213
v 0.87267226 0.21856976 -0.01439558
v 0.83065480 0.22381951 -0.06396374
v 0.83231395 0.22290352 -0.06173452
v 0.77104133 0.20300041 0.01220271
v 0.77943528 0.20428622 0.01724187
v 0.78273243 0.21816428 0.01997468
v 0.77294046 0.22008345 0.01509915
v 0.76987493 0.21090448 0.01585858
v 0.77962023 0.21051827 0.02005221
v 0.75575554 0.20594980 -0.05336353
v 0.75473905 0.20472986 -0.05854889
v 0.75609744 0.22632539 -0.08658309
v 0.75474483 0.21408227 -0.08792138
v 0.82919329 0.22821821 -0.01492684
v 0.83016169 0.23443589 -0.01827435
v 0.82152766 0.23594724 -0.01789664
v 0.84150714 0.23679274 -0.02364211
v 0.83595699 0.22536258 -0.03606085
v 0.83399582 0.22278121 -0.04041641
v 0.76219147 0.20368272 -0.03736063
v 0.74856281 0.19885474 -0.03127782
v 0.79316270 0.21006100 0.00264432
v 0.78991312 0.20791571 -0.00317311
v 0.81099689 0.21372226 -0.05136641
v 0.82983774 0.23641945 -0.05665031
v 0.82967973 0.23985745 -0.04911337
v 0.81988734 0.21446541 -0.05116218
v 0.87413073 0.22308783 -0.01339676
v 0.87562412 0.22780870 -0.01522206
v 0.83091182 0.23837188 -0.02543256
v 0.80506587 0.21151835 -0.07199719
v 0.83174562 0.23006536 -0.06016116
v 0.82455796 0.23282661 -0.06369103
v 0.79538548 0.21438369 -0.09791240
v 0.73119324 0.25482768 -0.03568554
v 0.86664796 0.21694903 -0.02804428
v 0.87485659 0.21672933 -0.02832964
v 0.87783039 0.22990592 -0.02547703
v 0.87660623 0.23057130 -0.02019490
v 0.74488860 0.21458526 -0.08367141
v 0.76893103 0.21052460 -0.05104768
v 0.69799519 0.21049875 -0.06177488
v 0.77709466 0.22746590 0.00966123
v 0.78673172 0.22386640 0.01596285
v 0.82816392 0.21590103 -0.05120998
v 0.80629152 0.22839844 -0.08646894
v 0.82882291 0.23381568 -0.06672964
v 0.82438636 0.23584846 -0.07337548
v 0.81694347 0.23633209 -0.07201747
v 0.83192706 0.22870603 -0.06515199
v 0.88390291 0.22952871 -0.01995209
v 0.88486803 0.22896540 -0.02515100
v 0.88322234 0.22677264 -0.01491692
v 0.88096964 0.22203286 -0.01361267
v 0.87892610 0.21789931 -0.01470055
v 0.88517088 0.22589700 -0.02832121
v 0.88398880 0.22162811 -0.02950351
v 0.88097990 0.21674687 -0.02796057
v 0.89097834 0.22494999 -0.02831402
v 0.89197582 0.22779368 -0.02500799
v 0.89670044 0.22327881 -0.01418719
v 0.89846557 0.22549671 -0.01623270
v 0.89469445 0.22642034 -0.01662617
v 0.89112663 0.22585650 -0.01485283
v 0.90179020 0.22184286 -0.01497132
v 0.90319258 0.22457880 -0.01663135
v 0.89890271 0.22725025 -0.01998360
v 0.89423370 0.22779337 -0.01966533
v 0.90403837 0.22659798 -0.02042640
v 0.90368748 0.22596306 -0.02448301
v 0.89871436 0.22650349 -0.02396978
v 0.89484394 0.22735323 -0.02298222
v 0.89030242 0.22859764 -0.01971314
v 0.90617919 0.22133210 -0.01704419
v 0.90881354 0.22214858 -0.02140947
v 0.90813583 0.22532254 -0.02079050
v 0.90648800 0.22401388 -0.01743275
v 0.88759232 0.22124799 -0.01375591
v 0.89441723 0.21976081 -0.01438756
v 0.90024370 0.21840180 -0.01564223
v 0.90490174 0.21813123 -0.01805850
v 0.89342213 0.21613461 -0.01594934
v 0.89946276 0.21569189 -0.01755232
v 0.90334946 0.21585186 -0.01976129
v 0.89323866 0.21370815 -0.01913371
v 0.89936078 0.21426003 -0.02031264
v 0.88519132 0.21723132 -0.01507090
v 0.88415730 0.21431780 -0.01827213
v 0.90219510 0.21497717 -0.02125505
v 0.90748256 0.21919428 -0.02240618
v 0.89781338 0.22558270 -0.02682059
v 0.90310401 0.22424085 -0.02710861
v 0.89699328 0.22329108 -0.02862231
v 0.90235287 0.22195002 -0.02845829
v 0.90725362 0.22546722 -0.02446727
v 0.90740401 0.22328642 -0.02595103
v 0.87800801 0.21464548 -0.01801865
v 0.87884724 0.21441695 -0.02361383
v 0.88484395 0.21403533 -0.02350930
v 0.89360887 0.21343011 -0.02417041
v 0.88678223 0.21659181 -0.02772501
v 0.88980418 0.22093062 -0.02930736
v 0.89618731 0.22020082 -0.02910583
v 0.89459485 0.21629047 -0.02806837
v 0.90128529 0.21906468 -0.02849587
v 0.90026164 0.21628256 -0.02733636
v 0.89974624 0.21435900 -0.02417523
v 0.90452677 0.21808515 -0.02678459
v 0.90620303 0.22057888 -0.02678441
v 0.90515852 0.21695603 -0.02328877
v 0.90286839 0.21547142 -0.02385164
v 0.90294141 0.21645011 -0.02621500
v 0.87192148 0.21866529 -0.05118275
v 0.86407822 0.21935856 -0.04980678
v 0.86372209 0.21841781 -0.05498840
v 0.87178528 0.21794698 -0.05650249
v 0.87281078 0.23229162 -0.04711836
v 0.86552471 0.23369458 -0.04655649
v 0.86514980 0.22779544 -0.04517207
v 0.87250990 0.22627649 -0.04613571
v 0.87250853 0.23539822 -0.05302314
v 0.86526185 0.23706099 -0.05254543
v 0.85683328 0.23464902 -0.04560581
v 0.84224451 0.23422715 -0.04437875
v 0.84211737 0.22776364 -0.04356251
v 0.85653353 0.22854742 -0.04445358
v 0.84100407 0.22301090 -0.06140741
v 0.83922350 0.21891956 -0.05807893
v 0.86461788 0.22282344 -0.04685013
v 0.87228245 0.22154531 -0.04780709
v 0.85557795 0.22360860 -0.06245255
v 0.86487532 0.22389898 -0.06343142
v 0.86415726 0.21997444 -0.06006662
v 0.85475636 0.21957202 -0.05902294
v 0.83888441 0.21743791 -0.05185405
v 0.83993542 0.21837050 -0.04567169
v 0.84141254 0.22248688 -0.04354036
v 0.85642040 0.22968026 -0.06268883
v 0.84232438 0.22987068 -0.06120163
v 0.84210467 0.23625229 -0.05718433
v 0.85680205 0.23535787 -0.05876395
v 0.85581088 0.22312157 -0.04553364
v 0.85428774 0.21817786 -0.05343051
v 0.85497195 0.21909359 -0.04813183
v 0.85652673 0.23801608 -0.05181764
v 0.86542416 0.23438632 -0.05951866
v 0.88305891 0.22811119 -0.06377215
v 0.88306648 0.22346720 -0.06518789
v 0.87281585 0.22363228 -0.06449768
v 0.87319559 0.22869852 -0.06362829
v 0.86551040 0.22911713 -0.06320528
v 0.87279487 0.23336220 -0.05961826
v 0.88286990 0.21725878 -0.05853634
v 0.88272661 0.21760251 -0.05297297
v 0.88296777 0.22013441 -0.04942582
v 0.84198558 0.23931232 -0.05019319
v 0.88291413 0.22448055 -0.04795158
v 0.88285917 0.23039128 -0.04844696
v 0.87218916 0.21953097 -0.06155821
v 0.88270551 0.21908848 -0.06316312
v 0.88256460 0.23199351 -0.06002423
v 0.88215911 0.23375960 -0.05391105
v 0.89070141 0.23211563 -0.05512958
v 0.89070672 0.23065548 -0.06076988
v 0.89145625 0.22926784 -0.04981022
v 0.89067560 0.22378571 -0.04915227
v 0.88991529 0.21980779 -0.05061551
v 0.89089608 0.22746013 -0.06405101
v 0.89040214 0.22350432 -0.06542225
v 0.88936025 0.21926227 -0.06373777
v 0.89830506 0.22673427 -0.06493329
v 0.89942092 0.22971670 -0.06201220
v 0.91216624 0.22507848 -0.05351698
v 0.91306293 0.22817937 -0.05488291
v 0.90763545 0.22865032 -0.05411923
v 0.90640408 0.22651529 -0.05188186
v 0.90373534 0.22961468 -0.05406749
v 0.90023947 0.22874354 -0.05154339
v 0.90769130 0.23043554 -0.05801059
v 0.90297693 0.23051900 -0.05725636
v 0.91358078 0.23060094 -0.05899477
v 0.91257113 0.22967650 -0.06297557
v 0.90669960 0.22940551 -0.06155645
v 0.90282947 0.22972915 -0.06048410
v 0.91727829 0.22515188 -0.05615310
v 0.91708428 0.22794387 -0.05611333
v 0.89837521 0.23129867 -0.05651194
v 0.89741576 0.22370115 -0.05055479
v 0.90487558 0.22265512 -0.05184057
v 0.91164398 0.22180821 -0.05397832
v 0.91646427 0.22193520 -0.05704837
v 0.90385646 0.21875782 -0.05337441
v 0.91077316 0.21879493 -0.05553165
v 0.91472745 0.21959001 -0.05849921
v 0.90320170 0.21623810 -0.05691081
v 0.91006500 0.21711417 -0.05865038
v 0.89571214 0.21952403 -0.05185401
v 0.89469856 0.21705109 -0.05521191
v 0.91321486 0.21841526 -0.05992954
v 0.91823024 0.22350430 -0.06128658
v 0.91953999 0.22679065 -0.06053095
v 0.91889638 0.23026754 -0.05969904
v 0.90588188 0.22787456 -0.06370680
v 0.91208839 0.22738735 -0.06464431
v 0.90545011 0.22601289 -0.06594762
v 0.91178489 0.22540307 -0.06629977
v 0.91709703 0.22981982 -0.06352846
v 0.91719997 0.22749624 -0.06438006
v 0.88928974 0.21749049 -0.05416915
v 0.88905966 0.21724886 -0.05923402
v 0.89445627 0.21678086 -0.06017734
v 0.90291405 0.21640395 -0.06195371
v 0.89493328 0.21917810 -0.06451260
v 0.89696819 0.22336549 -0.06616277
v 0.90433264 0.22306444 -0.06682625
v 0.90315914 0.21927615 -0.06578539
v 0.91066188 0.22277996 -0.06664160
v 0.90966159 0.21978305 -0.06580757
v 0.90961301 0.21727730 -0.06286409
v 0.91471732 0.22218506 -0.06532951
v 0.91641873 0.22475001 -0.06516590
v 0.91598535 0.22085406 -0.06211076
v 0.91347104 0.21891391 -0.06267800
v 0.91294104 0.22020014 -0.06501694
v 0.85970104 0.21914808 -0.07567094
v 0.85348517 0.21984451 -0.07415942
v 0.85163361 0.21740152 -0.07862904
v 0.85805273 0.21666555 -0.08030316
v 0.86079597 0.23133501 -0.07574254
v 0.85374558 0.23283513 -0.07354292
v 0.85485530 0.22869137 -0.07169750
v 0.86132908 0.22788675 -0.07379711
v 0.85959309 0.23273315 -0.08065371
v 0.85194302 0.23426168 -0.07911718
v 0.84656286 0.23341511 -0.07152270
v 0.83629876 0.23364690 -0.06905276
v 0.83789927 0.22818065 -0.06734648
v 0.84815234 0.22865346 -0.06956887
v 0.85473436 0.22406742 -0.07207494
v 0.86104953 0.22349611 -0.07385874
v 0.84205186 0.21978620 -0.08503529
v 0.85000014 0.22028480 -0.08673034
v 0.85039693 0.21772942 -0.08343381
v 0.84251344 0.21741244 -0.08155689
v 0.83140844 0.21670583 -0.07375523
v 0.83431035 0.21873118 -0.06921300
v 0.83681917 0.22284037 -0.06758076
v 0.84229928 0.22513543 -0.08654571
v 0.83007634 0.22456910 -0.08332236
v 0.83112508 0.23127224 -0.08144343
v 0.84276485 0.23153228 -0.08377132
v 0.84803939 0.22368357 -0.07017393
v 0.84415835 0.21681711 -0.07671851
v 0.84646654 0.21927209 -0.07219992
v 0.84415489 0.23481980 -0.07741553
v 0.85051912 0.23103519 -0.08500641
v 0.86816949 0.22509925 -0.09071147
v 0.86773843 0.22062819 -0.09094138
v 0.85694867 0.22015828 -0.08865426
v 0.85738212 0.22516164 -0.08910676
v 0.85002100 0.22519116 -0.08800542
v 0.85832179 0.23022518 -0.08610497
v 0.86785746 0.21619843 -0.08299516
v 0.86908734 0.21794702 -0.07833906
v 0.87022728 0.22207658 -0.07646424
v 0.83352244 0.23547433 -0.07512977
v 0.82946932 0.21897255 -0.08210864
v 0.87083346 0.22591595 -0.07641345
v 0.87077206 0.22931200 -0.07807817
v 0.85700744 0.21725251 -0.08528595
v 0.86716217 0.21714909 -0.08799083
v 0.86878592 0.22928452 -0.08766677
v 0.86960167 0.23127669 -0.08263844
v 0.87696868 0.23028581 -0.08412834
v 0.87604105 0.22875896 -0.08925728
v 0.87835616 0.22847030 -0.07953209
v 0.87790829 0.22474796 -0.07819749
v 0.87670827 0.22111736 -0.07833599
v 0.87543553 0.22473517 -0.09199538
v 0.87492239 0.22086182 -0.09207140
v 0.87349993 0.21739538 -0.08925268
v 0.88083822 0.22421193 -0.09339269
v 0.88265747 0.22775690 -0.09056943
v 0.89645737 0.22463629 -0.08333472
v 0.89663291 0.22651292 -0.08499243
v 0.89163035 0.22649483 -0.08393963
v 0.89139026 0.22539631 -0.08181168
v 0.88796854 0.22752726 -0.08341736
v 0.88519430 0.22751635 -0.08122858
v 0.89107794 0.22840749 -0.08743071
v 0.88664418 0.22873253 -0.08628774
v 0.89602035 0.22816107 -0.08881734
v 0.89424849 0.22675408 -0.09252755
v 0.88933951 0.22693211 -0.09096300
v 0.88593078 0.22797853 -0.08949056
v 0.90040684 0.22460403 -0.08590951
v 0.89981103 0.22646825 -0.08648731
v 0.88274872 0.22923043 -0.08541253
v 0.88348669 0.22390775 -0.07955398
v 0.89009482 0.22256443 -0.08093717
v 0.89571035 0.22176594 -0.08288796
v 0.89935249 0.22141781 -0.08590019
v 0.88853109 0.21929999 -0.08165714
v 0.89420831 0.21891527 -0.08376271
v 0.89733964 0.21874090 -0.08645257
v 0.88696021 0.21658836 -0.08354927
v 0.89284307 0.21681429 -0.08562983
v 0.88183683 0.22028281 -0.07998536
v 0.87991261 0.21737066 -0.08185358
v 0.89556974 0.21752863 -0.08722916
v 0.89995772 0.22164932 -0.09077296
v 0.90110761 0.22511522 -0.09053414
v 0.90019494 0.22783493 -0.09001537
v 0.88774621 0.22561631 -0.09327436
v 0.89305586 0.22483185 -0.09442002
v 0.88660496 0.22313543 -0.09445035
v 0.89237684 0.22255211 -0.09514041
v 0.89794809 0.22691976 -0.09294500
v 0.89786160 0.22505252 -0.09394345
v 0.87506241 0.21796627 -0.08018084
v 0.87364852 0.21648386 -0.08436152
v 0.87867928 0.21625169 -0.08553243
v 0.88605046 0.21574064 -0.08752444
v 0.87834734 0.21742143 -0.09016843
v 0.87971401 0.22062530 -0.09286075
v 0.88591033 0.22008848 -0.09398336
v 0.88521367 0.21731406 -0.09162892
v 0.89158106 0.21987613 -0.09456094
v 0.89120799 0.21751475 -0.09261410
v 0.89181995 0.21623357 -0.08912219
v 0.89560002 0.21970029 -0.09365573
v 0.89687711 0.22237827 -0.09429373
v 0.89785582 0.21910942 -0.09032764
v 0.89546728 0.21748894 -0.08985436
v 0.89435160 0.21800610 -0.09246819
v 0.82961655 0.21710975 -0.07844117
v 0.83331722 0.21534093 -0.10285298
v 0.82878017 0.21592516 -0.09998532
v 0.82670975 0.21400504 -0.10295448
v 0.83113980 0.21335493 -0.10579911
v 0.83421570 0.22614893 -0.10510915
v 0.82905209 0.22729316 -0.10192160
v 0.83051986 0.22387345 -0.09895902
v 0.83553487 0.22305025 -0.10221483
v 0.83144355 0.22635303 -0.10989626
v 0.82601488 0.22755790 -0.10704971
v 0.82288134 0.22753155 -0.09814183
v 0.81324303 0.22802304 -0.09177820
v 0.81619191 0.22345369 -0.08960430
v 0.82467985 0.22381970 -0.09523255
v 0.80131739 0.21482015 -0.09910898
v 0.80805546 0.21473682 -0.10209226
v 0.81032044 0.21286081 -0.09864124
v 0.80275655 0.21198389 -0.09516132
v 0.83031124 0.21956593 -0.09844931
v 0.83499497 0.21897653 -0.10172673
v 0.81733209 0.21509959 -0.10691765
v 0.82292843 0.21531522 -0.11010009
v 0.82472771 0.21379064 -0.10660343
v 0.81948572 0.21332897 -0.10351899
v 0.80612051 0.21143919 -0.09089029
v 0.81290507 0.21296339 -0.09498250
v 0.81497645 0.21490061 -0.09150148
v 0.80992764 0.21260922 -0.08678468
v 0.81649196 0.21817000 -0.08993249
v 0.81615818 0.21904574 -0.10878721
v 0.80667424 0.21862191 -0.10375703
v 0.80616796 0.22410505 -0.10296782
v 0.81693220 0.22421831 -0.10786650
v 0.82481033 0.21938550 -0.09509430
v 0.82165593 0.21366291 -0.09996611
v 0.82354200 0.21579610 -0.09672965
v 0.81949329 0.22810560 -0.10314348
v 0.82338732 0.22388886 -0.11106355
v 0.83369619 0.21750890 -0.11858375
v 0.83376014 0.21426225 -0.11699513
v 0.82759231 0.21478537 -0.11320044
v 0.82714987 0.21851201 -0.11513862
v 0.82213491 0.21910200 -0.11216796
v 0.82868546 0.22301997 -0.11395030
v 0.83681953 0.21251610 -0.10954962
v 0.83943594 0.21447267 -0.10667221
v 0.84098196 0.21787338 -0.10552981
v 0.80892104 0.22936980 -0.09734254
v 0.84176248 0.22147852 -0.10614263
v 0.84078145 0.22441711 -0.10873061
v 0.82915336 0.21318130 -0.10956741
v 0.83499169 0.21255539 -0.11342900
v 0.83526063 0.22163434 -0.11735129
v 0.83793241 0.22471681 -0.11322229
v 0.84334385 0.22397350 -0.11608419
v 0.84076226 0.22097914 -0.12026719
v 0.84591234 0.22338039 -0.11151807
v 0.84638292 0.22059065 -0.10886674
v 0.84504682 0.21708326 -0.10840187
v 0.83885771 0.21672231 -0.12116224
v 0.83866149 0.21405445 -0.11930010
v 0.83934724 0.21269533 -0.11583152
v 0.84382617 0.21633492 -0.12343078
v 0.84637737 0.22026929 -0.12273742
v 0.85952008 0.21917960 -0.11711141
v 0.85888755 0.22067849 -0.11871786
v 0.85559464 0.22100422 -0.11736251
v 0.85570735 0.22021754 -0.11504105
v 0.85235804 0.22207697 -0.11657251
v 0.85078102 0.22211961 -0.11405684
v 0.85393524 0.22199816 -0.12061461
v 0.85049349 0.22235785 -0.11920089
v 0.85774565 0.22169317 -0.12251370
v 0.85579807 0.21920311 -0.12582734
v 0.85208172 0.21999836 -0.12424276
v 0.84950352 0.22109373 -0.12235730
v 0.86232513 0.21865915 -0.12002365
v 0.86144906 0.22045906 -0.12049422
v 0.84761971 0.22301182 -0.11798923
v 0.85049123 0.21973674 -0.11130475
v 0.85541463 0.21838126 -0.11348491
v 0.86005437 0.21700169 -0.11635666
v 0.86225003 0.21599622 -0.11999981
v 0.85393560 0.21583444 -0.11325939
v 0.85844463 0.21465698 -0.11637169
v 0.86054152 0.21394584 -0.11963484
v 0.85171700 0.21346888 -0.11392904
v 0.85642642 0.21286093 -0.11695796
v 0.84889632 0.21689686 -0.11050177
v 0.84657437 0.21420753 -0.11125080
v 0.85867661 0.21284260 -0.11922808
v 0.86148357 0.21545064 -0.12361289
v 0.86198086 0.21813452 -0.12427357
v 0.86100465 0.22097957 -0.12420259
v 0.85052806 0.21807021 -0.12565668
v 0.85507762 0.21694162 -0.12709944
v 0.84885538 0.21540518 -0.12533247
v 0.85454327 0.21448880 -0.12655258
v 0.85879868 0.21927010 -0.12654731
v 0.85906011 0.21713032 -0.12684600
v 0.84330070 0.21421736 -0.10939267
v 0.84112167 0.21254490 -0.11194013
v 0.84445608 0.21230736 -0.11386689
v 0.84967488 0.21173310 -0.11623225
v 0.84309357 0.21232203 -0.11778691
v 0.84280413 0.21369430 -0.12128545
v 0.84829742 0.21309465 -0.12341911
v 0.84843886 0.21158949 -0.12010237
v 0.85399139 0.21261166 -0.12466006
v 0.85406828 0.21153502 -0.12193937
v 0.85494483 0.21161833 -0.11888126
v 0.85805440 0.21301983 -0.12419085
v 0.85879022 0.21466428 -0.12593986
v 0.86008078 0.21351868 -0.12237725
v 0.85825032 0.21238181 -0.12093750
v 0.85720277 0.21215570 -0.12256324
v 0.80098188 0.21813367 -0.10092258
v 0.80016428 0.22193290 0.01621100
v 0.80200970 0.21896039 0.01167914
v 0.79994363 0.20777924 0.00999839
v 0.79605377 0.20286375 0.01345507
v 0.79187042 0.20177868 0.01896962
v 0.79015827 0.20501119 0.02347102
v 0.79054773 0.21017008 0.02598732
v 0.80233639 0.21403827 0.00947518
v 0.79671609 0.22204226 0.02188590
v 0.79288483 0.21710058 0.02584951
v 0.80194300 0.21636994 0.03231861
v 0.80531108 0.22164217 0.02788141
v 0.79933542 0.20940131 0.03269025
v 0.79810089 0.20397019 0.02913811
v 0.79851919 0.20116059 0.02366429
v 0.80789989 0.22170253 0.02110245
v 0.80878049 0.21843767 0.01597210
v 0.80788910 0.21282411 0.01349061
v 0.81507236 0.22149818 0.02664858
v 0.81539667 0.22125420 0.03466860
v 0.81866586 0.20624113 0.04416271
v 0.81902671 0.21053967 0.04614121
v 0.81516093 0.21057220 0.04379943
v 0.81370646 0.20632607 0.04195536
v 0.81281734 0.21157816 0.04191385
v 0.80881768 0.20872201 0.03912717
v 0.81745887 0.21659112 0.04391272
v 0.81489497 0.21633232 0.04156540
v 0.82048851 0.22105616 0.04093871
v 0.81726915 0.22029759 0.03989428
v 0.82116854 0.21658041 0.04679633
v 0.82261914 0.21100582 0.04785870
v 0.82480109 0.21533279 0.04791397
v 0.82365280 0.20813291 0.04616806
v 0.81096154 0.21599957 0.03835859
v 0.80576980 0.20324427 0.03408113
v 0.81278068 0.20261674 0.03802634
v 0.81933951 0.20326595 0.04074019
v 0.82492357 0.20601280 0.04218401
v 0.81381899 0.20066597 0.03246907
v 0.82083690 0.20258348 0.03571423
v 0.82526648 0.20566233 0.03766288
v 0.81565231 0.20198800 0.02697692
v 0.82205945 0.20418175 0.03178504
v 0.80493313 0.20030114 0.02760073
v 0.80661726 0.20145619 0.02142194
v 0.82524025 0.20615248 0.03455501
v 0.82863539 0.21106954 0.04173819
v 0.82791543 0.21296680 0.04616396
v 0.82184660 0.22188802 0.03654475
v 0.82379687 0.22064057 0.04364348
v 0.82596970 0.22084166 0.03952444
v 0.82201183 0.22076441 0.03109827
v 0.82693267 0.21894200 0.03523772
v 0.82623607 0.21907483 0.04577055
v 0.82842743 0.21820031 0.04295794
v 0.80112928 0.20209990 0.01773491
v 0.80494547 0.20645376 0.01413120
v 0.81027943 0.20627983 0.01772670
v 0.81836057 0.20673138 0.02351316
v 0.81360179 0.21280071 0.01728339
v 0.81514513 0.21866407 0.02070768
v 0.82208312 0.21772274 0.02660984
v 0.82087797 0.21264398 0.02349032
v 0.82671118 0.21585903 0.03172626
v 0.82560098 0.21212985 0.02963400
v 0.82398754 0.20777768 0.02978905
v 0.82844973 0.21336065 0.03546344
v 0.82925361 0.21583030 0.03904048
v 0.82779121 0.20965014 0.03761860
v 0.82653368 0.20879583 0.03409053
v 0.82724136 0.21154357 0.03320545
v 0.79670823 0.20976692 -0.09299459
v 0.79981333 0.20924234 -0.08735164
v 0.79195684 0.20809586 -0.08531590
v 0.78265232 0.20623332 -0.08350291
v 0.77263433 0.20726709 -0.08790361
v 0.78490293 0.20746244 -0.07662036
v 0.79416293 0.20921661 -0.07881988
v 0.80458719 0.21072824 -0.08083912
v 0.77932101 0.20798668 -0.06914267
v 0.04150308 0.47437781 0.10291969
v 0.04485643 0.47332788 0.10084207
v 0.04639792 0.46726212 0.09819801
v 0.04379223 0.46705541 0.10013353
v 0.04045831 0.46710220 0.10185391
v 0.03652018 0.46741343 0.10289541
v 0.03114159 0.47507504 0.10387231
v 0.03664070 0.47535878 0.10409317
v 0.02136228 0.46975812 0.10107403
v 0.02329061 0.47116932 0.10096800
v 0.02215450 0.46879312 0.10153764
v 0.02833281 0.46823490 0.10276352
v 0.02457733 0.46872985 0.10172554
v 0.04884254 0.47068432 0.09678321
v 0.04968239 0.46945071 0.09553558
v 0.04717326 0.47199640 0.09877189
v 0.03236139 0.46779498 0.10319316
v 0.04946131 0.46832550 0.09532607
v 0.04828892 0.46760485 0.09631398
v 0.02653858 0.47365737 0.10236955
v 0.04080712 0.46941760 0.10177992
v 0.03673299 0.46980324 0.10297252
v 0.03200949 0.47272915 0.10369573
v 0.03690171 0.47262225 0.10353201
v 0.02867116 0.47010267 0.10287040
v 0.02619980 0.46994403 0.10210444
v 0.04388026 0.46907288 0.10013688
v 0.03247288 0.47011659 0.10333831
v 0.04124495 0.47205192 0.10202405
v 0.02568880 0.47097966 0.10204723
v 0.02791088 0.47206813 0.10290078
v 0.04881714 0.46938843 0.09604793
v 0.04867698 0.46896598 0.09599462
v 0.01917621 0.22314370 0.08254676
v 0.01900405 0.20737690 0.09104681
v 0.04428337 0.47130871 0.10018387
v 0.04767179 0.46884468 0.09688268
v 0.04603199 0.46899247 0.09830421
v 0.04638987 0.47055632 0.09841631
v 0.04794609 0.46989924 0.09695363
v 0.30819640 0.23179512 0.02080091
v 0.30911708 0.21466362 0.02200501
v 0.31035915 0.26731256 -0.02360596
v 0.30620056 0.26404089 -0.04598349
v 0.06389979 -0.08592436 0.15801431
v 0.12049069 -0.03863145 -0.06442036
v 0.12309546 -0.01819324 -0.07023550
v 0.04227505 -0.02012225 -0.09841816
v 0.06346223 -0.02445073 -0.09654982
v 0.15471683 -0.03483085 0.05540329
v 0.15306629 -0.05575080 0.05812486
v 0.11124423 -0.03997621 0.11821184
v 0.10840371 -0.06359545 0.12105493
v 0.14068180 -0.08020534 0.08496362
v 0.08652201 -0.07381937 -0.08109833
v 0.08437915 -0.05197874 -0.08478893
v 0.10371470 -0.05508615 -0.07428674
v 0.10655274 -0.07575810 -0.07195415
v 0.02134221 -0.04227780 -0.08890036
v 0.02138978 -0.01673807 -0.09431229
v 0.16312450 -0.01248576 0.02551544
v 0.16223407 -0.01134993 -0.00339944
v 0.14358200 -0.00457943 -0.05503725
v 0.12736164 0.00176953 -0.07448959
v 0.08807617 0.01886293 -0.09930176
v 0.10866386 0.01033958 -0.08859646
v 0.09573189 -0.01592259 0.13236997
v 0.07712611 0.00779589 0.14066708
v 0.15634321 -0.01301704 0.05342673
v 0.02526908 -0.01436882 0.16088416
v 0.04369310 0.05717612 -0.11392494
v 0.06837749 0.05195731 -0.11142659
v 0.15558359 -0.00870744 -0.03078098
v 0.03555626 0.16390710 0.11158862
v 0.03539094 0.14740850 0.11828528
v 0.05402028 0.15140247 0.11833655
v 0.05483531 0.16736159 0.11053044
v 0.07202046 0.15342540 0.11674055
v 0.08911514 0.15456057 0.11359405
v 0.10501618 0.15491036 0.10939340
v 0.14371426 0.15043260 0.09296139
v 0.13238207 0.15290409 0.09915292
v 0.16101071 0.14174475 0.07748147
v 0.15334137 0.14715587 0.08610465
v 0.16509068 0.13154738 0.06612656
v 0.16618195 0.11943004 0.05172792
v 0.16856396 0.10706529 0.03585709
v 0.17135927 0.12054101 0.03009658
v 0.16246498 0.10596758 0.05871994
v 0.16008294 0.11815649 0.07215980
v 0.15578029 0.12769312 0.08365791
v 0.02010234 0.10367446 0.12737985
v 0.02305005 0.07937066 0.13198029
v 0.01817849 0.23798870 0.07468067
v 0.52773291 0.20699543 -0.07569715
v 0.66129023 0.24085923 -0.01567393
v 0.02994022 0.26042897 -0.09508761
v 0.01337312 0.25631595 -0.09241700
v -0.00106659 0.24233115 -0.09402250
v -0.00129527 0.25389913 -0.09018900
v 0.10377799 0.28963915 -0.06404618
v 0.08920279 0.27639672 -0.08345132
v 0.06817670 0.26444116 -0.09451574
v 0.04854225 0.25560144 -0.09967067
v 0.14511894 0.00759370 0.07728098
v 0.03262867 0.22337668 -0.10887539
v 0.05043058 0.24397597 -0.10555995
v 0.07250525 0.25346747 -0.10122945
v 0.09507314 0.26581588 -0.09063035
v 0.11750994 0.28106898 -0.07094002
v 0.13562468 0.28207812 -0.06355983
v 0.16002719 0.26632607 -0.06908121
v 0.17064640 0.26697642 -0.06317423
v 0.17181319 0.28086376 -0.04682995
v 0.18469097 0.28153583 -0.04225996
v 0.18283477 0.26858473 -0.05918527
v 0.27262190 0.26301077 -0.05470140
v 0.28691486 0.25722027 -0.05921200
v 0.29535326 0.24725591 -0.06614936
v 0.29956517 0.23473357 -0.07242120
v 0.29879275 0.22102492 -0.07707711
v 0.29270190 0.20758981 -0.07884789
v 0.28109008 0.19691253 -0.07792591
v 0.23938601 0.17691834 -0.06932399
v 0.22369558 0.16964340 -0.06696045
v 0.18974994 0.13168488 -0.07199331
v 0.18082352 0.12324752 -0.07512438
v 0.14438802 0.08136297 -0.08632105
v 0.15636422 0.09541830 -0.08341563
v 0.13305174 0.06527299 -0.09039886
v 0.10067638 -0.17504434 -0.08309016
v 0.09699072 -0.15667738 -0.07844014
v 0.11713602 -0.15485200 -0.06877557
v 0.11981924 -0.17303622 -0.07177419
v 0.02354626 -0.12014802 -0.08130231
v 0.04734978 -0.11913120 -0.08354038
v 0.16287562 -0.15754549 0.01823747
v 0.16029622 -0.15459120 -0.01045030
v 0.15037541 -0.15359321 -0.03491704
v 0.13539028 -0.15372875 -0.05407985
v 0.15785085 -0.16356903 0.04607743
v 0.07466905 -0.20350885 0.14023525
v 0.09521565 -0.19677877 0.12660122
v 0.01332292 -0.21473597 0.15969004
v 0.03289571 -0.21213153 0.15666716
v 0.14739218 -0.17172585 0.07059199
v 0.05350839 -0.20856777 0.15037163
v 0.11482464 -0.18921310 0.11053712
v 0.13301037 -0.18071465 0.09188469
v 0.09415329 -0.13801216 -0.07747432
v 0.07294943 -0.13980468 -0.08216823
v 0.06993213 -0.11811342 -0.08241593
v 0.03711947 0.12476115 -0.12150655
v 0.05858694 0.12720455 -0.12541205
v 0.08028646 0.13138814 -0.12652120
v 0.09695618 0.15595867 -0.12521866
v 0.11639338 0.16399488 -0.11903015
v 0.12030639 0.14583501 -0.11793067
v 0.10088570 0.13773152 -0.12361541
v 0.15138669 0.18129048 -0.10149900
v 0.16579559 0.18873036 -0.09597678
v 0.16747735 0.17342381 -0.09398170
v 0.15407151 0.16494311 -0.09998738
v 0.17982711 0.18072684 -0.08935472
v 0.18998571 0.18570566 -0.08412771
v 0.20169048 0.19064520 -0.07986336
v 0.21603604 0.19598627 -0.07920724
v 0.21213947 0.21988834 -0.08261715
v 0.19917794 0.21585853 -0.08416966
v 0.15067102 0.19874981 -0.10152155
v 0.13305473 0.19133735 -0.10908079
v 0.03402973 0.16151743 -0.12063213
v 0.01548913 0.15917113 -0.11435702
v 0.17324866 0.09948784 0.01744938
v 0.17798388 0.09322071 -0.00259312
v 0.18032010 0.09015977 -0.02204497
v 0.17931826 0.09025911 -0.03966943
v 0.17632912 0.09354539 -0.05513679
v 0.17118804 0.09847312 -0.06881807
v 0.16486916 0.10584120 -0.08061463
v 0.17251529 0.11498875 -0.07811091
v 0.15816224 0.11503161 -0.09061252
v 0.16754286 0.12412360 -0.08659648
v 0.15090908 0.12635002 -0.09887772
v 0.14338583 0.13971172 -0.10534537
v 0.13778120 0.15524077 -0.10901020
v 0.13409479 0.17270422 -0.11009468
v 0.09476323 0.17542149 -0.12407099
v 0.11423938 0.18338233 -0.11765326
v 0.07329983 0.18833536 -0.12391813
v 0.07321641 0.20644984 -0.11940990
v 0.07609559 0.15039335 -0.12793238
v 0.07447983 0.16941208 -0.12694581
v 0.07300033 0.30092779 -0.06329858
v 0.05579093 0.29294389 -0.07450446
v 0.26798880 0.20819649 -0.07902472
v 0.27912101 0.20909651 -0.07891705
v 0.27237621 0.20044212 -0.07860036
v 0.26603085 0.20190448 -0.07865841
v 0.28259736 0.21961813 -0.07774611
v 0.26844594 0.22693738 -0.07675004
v 0.28260681 0.23136334 -0.07491200
v 0.26904777 0.21756694 -0.07860674
v 0.27942932 0.24196059 -0.07084272
v 0.26609850 0.23715957 -0.07422267
v 0.27346766 0.25061801 -0.06662552
v 0.26254180 0.24524383 -0.07100864
v 0.25915855 0.25045109 -0.06813084
v 0.26430339 0.25601971 -0.06355114
v 0.22369397 0.24649537 -0.07364096
v 0.23718652 0.24849395 -0.07103801
v 0.25021490 0.24961275 -0.06919355
v 0.23022591 0.20076431 -0.07914159
v 0.24398118 0.20767416 -0.07946646
v 0.25667399 0.21317834 -0.07921375
v 0.25555167 0.22271374 -0.07843093
v 0.24246316 0.21717626 -0.07981094
v 0.22855884 0.21095206 -0.08073648
v 0.03426106 0.14429471 -0.12174576
v 0.05467369 0.14677472 -0.12612568
v 0.17824252 0.19439967 -0.09104425
v 0.18888323 0.19824263 -0.08669696
v 0.20020494 0.20173316 -0.08302867
v 0.21372487 0.20670296 -0.08164804
v 0.18805800 0.21213832 -0.08751344
v 0.17711355 0.20880891 -0.09149367
v 0.16486318 0.20444940 -0.09616930
v 0.05424139 0.16526321 -0.12534633
v 0.01568187 0.14237034 -0.11619790
v 0.19130304 0.24848425 0.04480811
v 0.19077630 0.27310160 0.03061738
v 0.19139041 0.28851241 0.00752251
v 0.18855718 0.28997040 -0.01907816
v -0.00215887 0.28892934 -0.07575230
v 0.44365042 0.17879620 -0.03442473
v -0.00090664 0.08356086 -0.10972787
v -0.00120125 0.10396386 -0.11225166
v 0.00131010 0.01120264 -0.09435985
v 0.00044043 0.03669170 -0.10059264
v 0.04500992 -0.09433218 -0.08399165
v 0.02225662 -0.09342511 -0.08100616
v 0.02141923 -0.06746055 -0.08412910
v -0.00070682 -0.14469911 -0.08113118
v -0.00066921 -0.12010390 -0.07757755
v 0.00053871 -0.06533898 -0.07832272
v 0.00108326 -0.03937278 -0.08290716
v 0.02040081 0.05967490 -0.10980253
v 0.01707636 0.12354370 -0.11670424
v -0.00140190 0.14205441 -0.11317278
v -0.00117365 0.15849611 -0.11158858
v -0.00095840 0.17391856 -0.10955814
v 0.11386928 0.12445422 0.11946286
v 0.11619873 0.13925248 0.11258892
v 0.10280099 0.13992497 0.11735281
v 0.10142627 0.12522177 0.12396571
v 0.13496712 0.12233181 0.10687259
v 0.13893798 0.13615368 0.10015687
v 0.12835962 0.13805826 0.10676388
v 0.12500033 0.12362370 0.11351634
v 0.14818314 0.13283956 0.09276858
v 0.14352529 0.11941835 0.09914584
v 0.11233710 0.10927581 0.12521289
v 0.12296735 0.10886838 0.11932034
v 0.10035232 0.11001629 0.12916528
v 0.13945334 0.10622963 0.10494855
v 0.13196535 0.10804475 0.11245411
v 0.01199921 0.34659731 0.10532699
v 0.01159859 0.35280412 0.12022994
v 0.00556455 0.39814967 0.13225479
v 0.00520622 0.40287620 0.12999615
v 0.00449898 0.33251914 0.08582661
v 0.00447639 0.32283443 0.08127206
v 0.00293147 0.37838352 0.13076717
v 0.00315058 0.36334208 0.13138689
v 0.00302644 0.42660788 0.13222013
v 0.00297859 0.42268795 0.13106722
v 0.00316321 0.41068307 0.13297538
v 0.00321366 0.40653247 0.13168809
v 0.00440348 0.31189793 0.07579952
v 0.00438930 0.34011433 0.09331913
v 0.00398136 0.28900033 0.06728121
v 0.00378105 0.27868688 0.06386647
v 0.01578626 0.27013785 0.06206602
v 0.01632732 0.25997570 0.06353637
v 0.01866754 0.12423730 0.12180176
v 0.01769418 0.17534421 0.10520770
v 0.01749608 0.15916228 0.11103599
v 0.01838383 0.19145548 0.09882306
v 0.01724724 0.24968366 0.06819720
v 0.00427694 0.30047792 0.07099963
v 0.00311473 0.39292696 0.13164772
v 0.00293064 0.38692114 0.12925455
v 0.00305762 0.41840842 0.13129751
v 0.00309821 0.41456920 0.13213955
v 0.00204588 0.22151236 0.08251376
v 0.00159829 0.20577009 0.09154407
v 0.01789499 0.14207898 0.11631447
v 0.00255737 0.10016882 0.12409689
v 0.00238991 0.07592858 0.12925480
v 0.00236845 0.23641784 0.07441319
v 0.00243214 0.05118895 0.13717063
v 0.15937901 -0.33985594 -0.05289531
v 0.14176621 -0.35558885 -0.07293773
v 0.13457330 -0.34171876 -0.08269031
v 0.14805487 -0.32948214 -0.06886125
v 0.15783805 -0.28741044 -0.05073738
v 0.15966669 -0.26183990 -0.04420452
v 0.16107385 -0.23474775 -0.03994718
v 0.11504735 -0.34937802 -0.09538705
v 0.08979258 -0.33381349 -0.11196821
v 0.09090054 -0.35225847 -0.10553937
v 0.14672983 -0.23689725 -0.06530458
v 0.14600141 -0.26314351 -0.06859482
v 0.14095044 -0.32447520 -0.07769446
v 0.14366800 -0.31024128 -0.07600253
v 0.15601422 -0.31096703 -0.05943910
v 0.11322332 -0.33240995 -0.10150815
v 0.13043758 -0.32917026 -0.08849726
v 0.05843292 -0.17893618 -0.09436172
v 0.06169145 -0.19808936 -0.10295608
v 0.03411509 -0.19888540 -0.10449886
v 0.13755813 -0.17108950 -0.05523089
v 0.12414744 -0.19201860 -0.07676205
v -0.00084161 -0.33246806 -0.10379490
v 0.13025306 -0.31190053 -0.09166133
v 0.08845415 -0.31255701 -0.11635381
v 0.11225731 -0.31267089 -0.10561366
v 0.08880690 -0.24030098 -0.11196601
v 0.11076386 -0.23975998 -0.10087173
v 0.11058188 -0.26486179 -0.10521364
v 0.08840556 -0.26425114 -0.11665860
v 0.12971427 -0.23910351 -0.08564532
v 0.12786300 -0.21412811 -0.08166641
v 0.08743145 -0.21721311 -0.10569534
v 0.10873913 -0.21569984 -0.09563903
v 0.10494240 -0.19391218 -0.08937010
v 0.12980679 -0.26511908 -0.08920845
v 0.08792608 -0.28906772 -0.11839171
v 0.06008838 -0.28864142 -0.12422401
v 0.03050788 -0.28757927 -0.12315923
v 0.00100956 -0.28869760 -0.12095226
v 0.00120834 -0.26506341 -0.12190585
v 0.08439090 -0.19599773 -0.09783532
v 0.07629716 -0.15854472 -0.08397334
v 0.08054391 -0.17695262 -0.08996338
v 0.06733128 -0.09500821 -0.08263709
v 0.11005207 -0.59155071 0.09810326
v -0.00648987 -0.39040419 0.01147893
v -0.00779408 -0.40177742 0.04187915
v 0.17209662 -0.31066185 0.06754711
v 0.17826064 -0.32313350 -0.00886641
v 0.16678987 -0.31539226 -0.03631095
v 0.00225763 -0.41039181 0.09067090
v 0.01804086 -0.40527692 0.11350177
v 0.15196325 -0.32027349 0.09601484
v 0.09873006 -0.37230903 0.13304420
v -0.00540619 -0.40896055 0.06702153
v 0.14549267 -0.28812769 -0.07225420
v 0.13000165 -0.29022381 -0.09095648
v 0.11129819 -0.28988361 -0.10669003
v 0.06023091 -0.31142494 -0.12179842
v 0.02942376 -0.30928105 -0.12026379
v 0.00038376 -0.30902752 -0.11617685
v 0.01445424 -0.35333580 0.14361839
v 0.00453130 -0.34751350 0.14939770
v 0.01147100 -0.34479806 0.14997850
v -0.00276182 -0.33331048 0.15178370
v -0.00295827 -0.34940916 0.14720091
v 0.00441116 -0.36099157 0.14024150
v -0.00293552 -0.36284670 0.13736181
v -0.00283815 -0.37824303 0.12800585
v 0.07175730 -0.22363909 0.13613823
v 0.09367405 -0.21698007 0.12420397
v 0.01198417 -0.23600718 0.15380797
v 0.03011687 -0.23313142 0.15067092
v 0.15053017 -0.19124508 0.07105551
v 0.05009119 -0.22906601 0.14504702
v 0.11529230 -0.20941415 0.11016395
v 0.13550076 -0.20060875 0.09201484
v 0.00125769 -0.21843372 -0.11298943
v 0.00090880 -0.19759201 -0.10460282
v -0.00498086 -0.23800199 0.15395170
v 0.00344984 0.35240072 0.12057652
v 0.00377695 0.34577945 0.10564315
v 0.00274059 0.54161108 0.09581272
v -0.00135494 0.33906361 -0.04884168
v 0.00300070 0.48920694 0.11668149
v 0.00308877 0.40271834 0.12981719
v 0.00314824 0.42918813 0.13497670
v 0.00348014 0.26872891 0.06094527
v 0.00311987 0.25795874 0.06133201
v -0.00329279 -0.37333801 0.00754154
v 0.00277458 0.24768965 0.06706348
v -0.00271816 -0.37321106 -0.00552696
v 0.00131116 -0.01396203 -0.08831964
v 0.06808820 -1.05229032 -0.02283985
v 0.06628098 -1.05007041 -0.03798606
v 0.06841902 -1.08144748 -0.03368839
v 0.06762011 -1.08293593 -0.01882964
v 0.08357225 -1.04542196 -0.06712717
v 0.07232044 -1.04738688 -0.05880427
v 0.09854700 -1.04522514 -0.06909387
v 0.11222342 -1.04651082 -0.06333547
v 0.10740224 -1.07803977 -0.06054632
v 0.09598538 -1.07719088 -0.06846229
v 0.12160095 -1.04767108 -0.05383404
v 0.12467296 -1.07983887 -0.04072984
v 0.12837015 -1.04890442 -0.04229648
v 0.13077609 -1.05052054 -0.02353169
v 0.12525783 -1.08004880 -0.02252723
v 0.12465637 -1.05477262 -0.00230896
v 0.11946452 -1.08358276 -0.00233600
v 0.10954276 -1.05754316 0.00911606
v 0.07438696 -1.05557692 -0.00802642
v 0.07182391 -1.08518112 -0.00264307
v 0.08214246 -1.07741988 -0.06712383
v 0.07345177 -1.07944083 -0.05730859
v 0.07051914 -1.08042789 -0.04479359
v 0.06801663 -1.04892313 -0.04931467
v 0.06630989 -1.11208463 -0.02979613
v 0.06086996 -1.11216176 -0.01281708
v 0.08034978 -1.10839224 -0.06747108
v 0.07523291 -1.11005652 -0.05290860
v 0.10287777 -1.10849524 -0.05892955
v 0.09383230 -1.10762131 -0.07010638
v 0.12517329 -1.10947835 -0.04063635
v 0.11493100 -1.10901558 -0.05065592
v 0.11689383 -1.07884920 -0.05152832
v 0.12533411 -1.10912752 -0.02227476
v 0.11914024 -1.11053622 0.00179964
v 0.06651384 -1.11271167 0.00554860
v 0.07073533 -1.11167109 -0.04146276
v 0.12379705 -1.20469582 0.16712533
v 0.12245864 -1.19993603 0.16637395
v 0.11774521 -1.19982684 0.16704933
v 0.11639108 -1.20528889 0.16807988
v 0.08029848 -1.20538151 0.17833161
v 0.07811158 -1.19412935 0.18052311
v 0.06943388 -1.19587171 0.17760725
v 0.06842047 -1.20886219 0.17516433
v 0.09976757 -1.20587862 0.17697510
v 0.10119160 -1.20943236 0.17347622
v 0.10637891 -1.20938158 0.17309760
v 0.10836483 -1.20580518 0.17681132
v 0.14828201 -1.20176804 0.13489427
v 0.14858910 -1.20657194 0.13222542
v 0.15315583 -1.20628893 0.13068704
v 0.15425442 -1.20223439 0.13208084
v 0.13283588 -1.20488954 0.15444426
v 0.13340987 -1.20963633 0.15127258
v 0.13776858 -1.20896149 0.14988203
v 0.13932849 -1.20543778 0.15155186
v 0.08305866 -1.19035149 0.15518861
v 0.06842132 -1.18920600 0.15199812
v 0.06820937 -1.19398153 0.16724294
v 0.08116992 -1.19151556 0.17023346
v 0.06200083 -1.20388675 0.16282611
v 0.06228757 -1.20125520 0.14638071
v 0.07009353 -1.20938015 0.14506568
v 0.06985643 -1.20906472 0.16013820
v 0.08321619 -1.20925021 0.14897190
v 0.08184494 -1.20902097 0.16259597
v 0.08998523 -1.20166719 0.15391925
v 0.09014859 -1.20114136 0.16915852
v 0.11080411 -1.20029938 0.15573587
v 0.10594646 -1.19230878 0.15647347
v 0.10695400 -1.19673514 0.16957885
v 0.11317378 -1.20341516 0.16838633
v 0.09422585 -1.19325638 0.15779482
v 0.09843939 -1.19702590 0.17037298
v 0.09048921 -1.20404816 0.15645926
v 0.09630240 -1.20948923 0.15282808
v 0.09847230 -1.20949924 0.16636211
v 0.09253021 -1.20425880 0.17029385
v 0.10606085 -1.20850635 0.15255888
v 0.10797957 -1.20955598 0.16541366
v 0.12472416 -1.19263124 0.14919038
v 0.11341076 -1.19359720 0.15142950
v 0.11597293 -1.19801772 0.16116013
v 0.12389407 -1.19771218 0.16022511
v 0.11129995 -1.20628464 0.16123268
v 0.11000088 -1.20419872 0.15103890
v 0.11576673 -1.20894718 0.14820558
v 0.11703023 -1.20958352 0.15934813
v 0.12559460 -1.20796800 0.14706516
v 0.12493094 -1.20956969 0.15876165
v 0.12976266 -1.19955254 0.14921688
v 0.12899749 -1.20349371 0.16027674
v 0.14613390 -1.19946527 0.13481711
v 0.14255428 -1.19228840 0.13554230
v 0.14072095 -1.19754958 0.14556707
v 0.14390798 -1.20377302 0.14442220
v 0.13401270 -1.19284964 0.13944654
v 0.13424294 -1.19724572 0.14784904
v 0.12937738 -1.20201373 0.14862101
v 0.13049653 -1.19908953 0.14145188
v 0.13338146 -1.20797217 0.13714917
v 0.13196011 -1.20977569 0.14585318
v 0.14208399 -1.20780981 0.13361856
v 0.13995886 -1.20986748 0.14363965
v 0.15826061 -1.19206369 0.11822431
v 0.15632984 -1.19528568 0.12720843
v 0.15829045 -1.20131612 0.12548847
v 0.15979160 -1.19949639 0.11479855
v 0.15098919 -1.19143915 0.12333984
v 0.15015659 -1.19454229 0.12980440
v 0.14596118 -1.19971418 0.12985650
v 0.14793807 -1.19764745 0.12471164
v 0.14824380 -1.20647037 0.12077396
v 0.14704666 -1.20741749 0.12719920
v 0.15538913 -1.20588779 0.11635298
v 0.15474746 -1.20733047 0.12477058
v 0.08858545 -1.18979371 0.14029187
v 0.07013390 -1.18540394 0.13665342
v 0.07126726 -1.20890486 0.17047913
v 0.06426501 -1.19912338 0.13110454
v 0.07805419 -1.20881331 0.17175263
v 0.08920369 -1.20931900 0.13632916
v 0.07280849 -1.20877612 0.12985609
v 0.08969042 -1.20164287 0.14733733
v 0.10645933 -1.19998384 0.17625539
v 0.11035807 -1.20877814 0.13528891
v 0.10967999 -1.20184660 0.14529839
v 0.10127400 -1.20011079 0.17659180
v 0.10846581 -1.18989229 0.13914606
v 0.12796351 -1.19082427 0.13040750
v 0.11860317 -1.20941567 0.16531581
v 0.12289421 -1.20946610 0.16488162
v 0.13011655 -1.20831370 0.12862067
v 0.13106021 -1.19796181 0.13938354
v 0.13871101 -1.20065236 0.15148686
v 0.14623180 -1.20735860 0.11721981
v 0.14835578 -1.19728529 0.12500103
v 0.13495842 -1.20030284 0.15264714
v 0.14620182 -1.18925166 0.11868404
v 0.15332586 -1.19841754 0.13172744
v 0.15716675 -1.20628285 0.10507277
v 0.16239396 -1.19799733 0.10169962
v 0.15011589 -1.19775283 0.13353267
v 0.15896051 -1.18926156 0.10654357
v 0.08132416 -1.08701503 0.00943933
v 0.08313110 -1.05810118 0.00395585
v 0.09464666 -1.05938911 0.01011547
v 0.09289262 -1.08784282 0.01494789
v 0.10654879 -1.08611512 0.01150395
v 0.07893101 -1.11286271 0.01861479
v 0.09213887 -1.11246383 0.02321484
v 0.10574964 -1.11243999 0.01717751
v 0.12919857 -1.13319659 -0.02401473
v 0.12713741 -1.13216293 -0.04352364
v 0.11353091 -1.13195610 -0.05251366
v 0.10313146 -1.13188350 -0.06321625
v 0.09399471 -1.13123643 -0.07485206
v 0.06669288 -1.13637292 0.01093468
v 0.07776532 -1.13312542 0.02934226
v 0.09235111 -1.13056850 0.03616681
v 0.10885789 -1.13142550 0.02778694
v 0.06729250 -1.17992866 0.11917534
v 0.08658992 -1.17745304 0.12100526
v 0.08350791 -1.16813827 0.10089790
v 0.06830589 -1.17912734 0.09733748
v 0.10584863 -1.18089819 0.11780421
v 0.10367987 -1.16850746 0.09743883
v 0.12475683 -1.18273199 0.11004264
v 0.12197810 -1.17227471 0.08961936
v 0.14263034 -1.18378806 0.09991671
v 0.13843545 -1.17660439 0.07981753
v 0.15794879 -1.18609500 0.09043533
v 0.15337874 -1.18228781 0.07002147
v 0.16528986 -1.19582009 0.08535722
v 0.16250907 -1.19259822 0.06429569
v 0.06198822 -1.19795108 0.11342047
v 0.06462418 -1.19564044 0.09177071
v 0.07280826 -1.20979643 0.11049609
v 0.07475197 -1.20983076 0.08901554
v 0.09077070 -1.20987773 0.10993678
v 0.09180209 -1.20976996 0.08739853
v 0.15728256 -1.20560932 0.06661854
v 0.15868515 -1.20748901 0.08818127
v 0.11080327 -1.20932841 0.10623343
v 0.11124232 -1.20832527 0.08322559
v 0.12948975 -1.20987618 0.10047930
v 0.12916946 -1.20887041 0.07745977
v 0.14543515 -1.20978498 0.09392677
v 0.14464775 -1.20887733 0.07151547
v 0.07962570 -1.16120267 0.07631699
v 0.09971773 -1.15470946 0.07585777
v 0.11722478 -1.15941572 0.06698377
v 0.13327229 -1.16646242 0.05580668
v 0.14708582 -1.17712355 0.04521181
v 0.15732998 -1.18855107 0.03977357
v 0.13181339 -1.15379846 0.02598145
v 0.14092164 -1.17458403 0.01779106
v 0.14867982 -1.18758547 0.01503071
v 0.14176731 -1.18694949 -0.00983573
v 0.13716917 -1.17302072 -0.00942218
v 0.12733296 -1.17290103 -0.05285123
v 0.13213211 -1.17217290 -0.03381080
v 0.13770366 -1.18633330 -0.03461998
v 0.13315025 -1.18843782 -0.05482884
v 0.13260263 -1.15428174 -0.00438206
v 0.12879439 -1.15310419 -0.02895968
v 0.12156273 -1.15244102 -0.04639164
v 0.11503676 -1.18960166 -0.07899386
v 0.11310831 -1.17213929 -0.07871576
v 0.12171027 -1.17295396 -0.06651616
v 0.12652127 -1.18929482 -0.06872167
v 0.09744145 -1.19167840 -0.08349579
v 0.09596759 -1.17366934 -0.08571072
v 0.07872823 -1.17629588 -0.07405344
v 0.07975940 -1.19356334 -0.07372604
v 0.10808583 -1.15131414 -0.07081154
v 0.11447930 -1.15250266 -0.05891226
v 0.09537961 -1.15147388 -0.07913879
v 0.07964204 -1.15410721 -0.07010370
v 0.07160008 -1.17760217 -0.05420067
v 0.07388698 -1.15561986 -0.05223805
v 0.07099883 -1.19424129 -0.05479337
v 0.06917251 -1.17772257 0.07164967
v 0.06899889 -1.19162095 0.06687540
v 0.11385536 -1.14433098 0.04608273
v 0.09501462 -1.14208221 0.05446436
v 0.07540463 -1.15131497 0.04638143
v 0.06656285 -1.17501116 0.04358654
v 0.07098616 -1.19019473 0.03952785
v 0.06451243 -1.17628264 0.01703393
v 0.07141174 -1.19010711 0.01466691
v 0.07797390 -1.20263219 0.06386815
v 0.08101492 -1.19736314 0.03705567
v 0.08050605 -1.19698584 0.01254941
v 0.06472306 -1.17704773 -0.00562820
v 0.06982329 -1.19125044 -0.00704146
v 0.06787613 -1.17708123 -0.02403969
v 0.06926107 -1.19217968 -0.02455438
v 0.06914888 -1.19328892 -0.03904119
v 0.06983088 -1.17755413 -0.03859079
v 0.06753092 -1.15687609 -0.02533757
v 0.07036610 -1.15577042 -0.03832929
v 0.06478813 -1.15808260 -0.00686444
v 0.06556111 -1.15634859 0.01684213
v 0.15367389 -1.20237970 0.04147980
v 0.14725021 -1.19959819 0.01620320
v 0.13991667 -1.19741261 -0.00829121
v 0.13489145 -1.19882834 -0.03253580
v 0.12844642 -1.20067155 -0.05134761
v 0.12163075 -1.20140052 -0.06335961
v 0.11199722 -1.20128787 -0.07223529
v 0.09749860 -1.20130968 -0.07458135
v 0.08457237 -1.20266306 -0.06824551
v 0.07825011 -1.20430446 -0.05344193
v 0.07628383 -1.20499480 -0.03957788
v 0.07809098 -1.20006013 -0.00899397
v 0.07610883 -1.20360100 -0.02568581
v 0.06120859 -1.13710666 -0.00932870
v 0.06423664 -1.13593984 -0.02745115
v 0.06883835 -1.13484764 -0.03932585
v 0.08013023 -1.13259816 -0.06725174
v 0.07510787 -1.13357627 -0.05068451
v 0.09309699 -1.20633245 0.06123479
v 0.11119609 -1.20558226 0.05691192
v 0.12813799 -1.20601285 0.05122567
v 0.14228699 -1.20599008 0.04582605
v 0.13791266 -1.20366752 0.01972294
v 0.12505160 -1.20381010 0.02404095
v 0.10904846 -1.20369780 0.02908433
v 0.09339753 -1.20129168 0.03405688
v 0.13130471 -1.20286322 -0.00473566
v 0.11982374 -1.20385385 -0.00051093
v 0.10516164 -1.20389307 0.00361670
v 0.09156868 -1.20196760 0.00910046
v 0.08798265 -1.20542610 -0.01261948
v 0.09994254 -1.20611823 -0.01852165
v 0.11326755 -1.20541370 -0.02243943
v 0.12432302 -1.20378458 -0.02755257
v 0.11836123 -1.20463729 -0.04517031
v 0.10797840 -1.20584226 -0.03941912
v 0.09604354 -1.20688188 -0.03511360
v 0.08601197 -1.20700812 -0.02973571
v 0.11343254 -1.20477867 -0.05559485
v 0.09827930 -1.20489836 -0.06622409
v 0.10718533 -1.20472312 -0.06285832
v 0.08967483 -1.20619774 -0.06285035
v 0.08636849 -1.20699537 -0.05248848
v 0.08554415 -1.20737183 -0.04153349
v 0.09376508 -1.20643687 -0.05303841
v 0.09452494 -1.20673084 -0.04509640
v 0.10483238 -1.20565319 -0.04941136
v 0.10171694 -1.20540118 -0.05638561
v 0.09396510 -1.20594418 -0.05906538
v 0.09803957 -1.20544016 -0.06064500
v 0.12128191 -1.13536525 0.00563957
v -0.00250192 0.30115035 -0.06860121
v -0.00099351 0.22982445 -0.09794582
v 0.08033622 -0.76312262 0.04682320
v 0.09507316 -0.76616663 0.05238638
v 0.11168735 -0.76502705 0.05389588
v 0.12573136 -0.33065763 0.11765643
v 0.08521578 -0.08560982 0.14199208
v 0.09274460 -0.03956740 0.13562427
v 0.08903456 -0.06293911 0.13910645
v 0.12883508 -0.36423296 0.12250857
v 0.14414752 -0.01461478 0.07742064
v -0.00010957 -0.32433438 -0.10873939
v -0.00106657 0.18887763 -0.10723486
v 0.11950498 0.15443794 0.10439506
v 0.00121929 -0.24125217 -0.11887208
v 0.08484696 0.45088446 0.01767350
v 0.08236091 0.44897503 0.01611849
v 0.08174120 0.44546688 0.01496990
v 0.08092273 0.44353607 0.01116460
v 0.08041792 0.44164678 0.00792172
v 0.07991411 0.44084322 0.00546542
v 0.08335070 0.44619653 0.01253836
v 0.08138302 0.44911113 0.00937121
v 0.08255603 0.44920549 0.01254757
v 0.08383650 0.44808114 0.01412075
v 0.00136664 0.18907309 0.09863108
v 0.00126753 0.17227721 0.10417768
v 0.00163440 0.15599523 0.10967380
v 0.00196913 0.13871087 0.11428007
v 0.00309614 0.39806384 0.13235612
v -0.00611871 -0.14577018 0.16825992
v -0.00586614 -0.12894282 0.16850169
v -0.00008458 -0.09251361 -0.07583857
v -0.00567100 -0.19633588 0.16479062
v -0.00581757 -0.11143382 0.17201176
v -0.00025283 0.06103899 -0.10578053
v 0.00247922 0.12075537 0.11899490
v -0.00555162 -0.21662964 0.15936995
v -0.00141262 0.12367782 -0.11345839
v -0.00463425 -0.08720515 0.17252824
v -0.00273354 -0.31285381 0.15209354
v -0.00132585 -0.01591258 0.16071339
v -0.04069583 0.51323676 0.09111393
v -0.05223770 0.50393391 0.08259730
v -0.04692472 0.49586847 0.09335795
v -0.03546342 0.50140917 0.10140481
v -0.04345435 0.48859444 0.10140721
v -0.03299963 0.49146393 0.10750557
v -0.05911582 0.49258697 0.07356291
v -0.05443325 0.48811686 0.08508569
v -0.06091345 0.45134470 0.08110684
v -0.05889143 0.46065584 0.08003660
v -0.06475974 0.45714459 0.07191419
v -0.06553752 0.44461519 0.07267712
v -0.06046404 0.42447910 0.08338670
v -0.06257413 0.41379178 0.07422358
v -0.05736564 0.40688393 0.08564685
v -0.05420874 0.41765174 0.09296131
v -0.02126854 0.43670705 0.11381770
v -0.02445026 0.44246140 0.11114206
v -0.03042498 0.43637192 0.11107761
v -0.02662938 0.42976442 0.11387244
v -0.01225309 0.44849086 0.11868185
v -0.00791329 0.45307302 0.12476759
v -0.00844558 0.45794046 0.11882546
v -0.01348114 0.45299262 0.11402202
v -0.01606566 0.43136781 0.11628708
v -0.02171321 0.42404315 0.11597111
v -0.01502695 0.43911487 0.11865027
v -0.01673239 0.44299310 0.11468980
v -0.01130009 0.43542925 0.13115269
v -0.00806819 0.43676564 0.13597795
v -0.00922296 0.44255307 0.13524577
v -0.01282990 0.44010389 0.12865917
v -0.01493171 0.43234432 0.12154116
v -0.01109123 0.42970327 0.12446182
v -0.01250182 0.43285048 0.12704435
v -0.01492377 0.43630689 0.12387146
v -0.01176692 0.44442925 0.12353354
v -0.00822449 0.44821507 0.13028729
v -0.00385819 0.45084780 0.13730283
v -0.00429306 0.44336641 0.14242347
v -0.03746421 0.41487744 0.11061668
v -0.03252190 0.41148505 0.11433410
v -0.02754608 0.41767442 0.11564286
v -0.03237407 0.42246455 0.11290883
v -0.01214762 0.42565358 0.12147234
v -0.01534499 0.40895551 0.12615065
v -0.00953048 0.41077870 0.12967962
v -0.00950427 0.41502458 0.12903245
v -0.01595701 0.41326985 0.12519176
v -0.04348624 0.39840990 0.10449038
v -0.04362395 0.38931540 0.10223891
v -0.03728827 0.39035174 0.10907726
v -0.03746222 0.39778349 0.11040879
v -0.03485203 0.38369548 0.10943280
v -0.04121272 0.38013163 0.10157797
v -0.03094844 0.36421686 0.10705931
v -0.02529096 0.37247822 0.11632276
v -0.03057276 0.37775445 0.11162993
v -0.03677096 0.37174317 0.10340831
v -0.01298957 0.37932754 0.12434594
v -0.01888828 0.36795726 0.12268611
v -0.01189013 0.36499959 0.12842131
v -0.00713233 0.37836349 0.12786339
v -0.01447674 0.40194410 0.12304189
v -0.01472827 0.40526795 0.12517135
v -0.01906077 0.40370327 0.12200580
v -0.01860162 0.40137860 0.12037361
v -0.02295633 0.40064934 0.11778205
v -0.02287160 0.40146816 0.11847100
v -0.02465521 0.40211156 0.11823928
v -0.02487194 0.40032050 0.11700272
v -0.02092240 0.40096474 0.11893588
v -0.02181840 0.39966998 0.11825649
v -0.01951541 0.39891770 0.11982086
v -0.01599667 0.39852858 0.12300522
v -0.00250666 0.39793682 0.13131741
v -0.00147146 0.40281507 0.12930274
v -0.00486684 0.40267220 0.12800506
v -0.00657648 0.39806291 0.12992060
v -0.02296263 0.40418592 0.11998474
v -0.02013381 0.40644914 0.12246229
v -0.02160762 0.40981907 0.12197854
v -0.02543796 0.40623540 0.11940219
v -0.02852992 0.40857983 0.11772975
v -0.03099720 0.40378836 0.11580716
v -0.02737616 0.40298548 0.11751699
v -0.02375647 0.39832467 0.11698032
v -0.02784849 0.39958590 0.11603326
v -0.02676447 0.39633018 0.11521631
v -0.02441601 0.39316106 0.11659927
v -0.02135104 0.39650920 0.11873291
v -0.01785348 0.39507711 0.12210453
v -0.02072882 0.39053026 0.11976867
v -0.01546796 0.38858625 0.12342640
v -0.01309597 0.39376724 0.12616804
v -0.02382851 0.41370443 0.11972022
v -0.03208175 0.39864102 0.11399717
v -0.03561546 0.40506738 0.11239152
v -0.03143477 0.39331320 0.11295505
v -0.02898897 0.38866666 0.11382377
v -0.01940874 0.38149711 0.12027419
v -0.02500769 0.38459659 0.11651809
v -0.02310920 0.35796237 0.11318234
v -0.01384781 0.35397410 0.11798415
v -0.03930210 0.48242754 0.10282491
v -0.03059834 0.48430386 0.10582646
v -0.03966570 0.47437578 0.09954741
v -0.03592443 0.47579622 0.10164691
v -0.03652785 0.47855803 0.10181305
v -0.04128069 0.47647485 0.09879346
v -0.05277881 0.46391770 0.08522998
v -0.05474963 0.45717067 0.08596179
v -0.04875416 0.46257648 0.08929674
v -0.04790412 0.46670169 0.08968279
v -0.04153126 0.45606035 0.09784732
v -0.03907116 0.46341646 0.09875286
v -0.04216865 0.46386641 0.09610640
v -0.04580756 0.45678619 0.09447170
v -0.03527641 0.46341044 0.10079200
v -0.03659755 0.45668972 0.10057560
v -0.03160624 0.45824790 0.10240287
v -0.03108059 0.46400309 0.10202985
v -0.02975472 0.47987524 0.10334927
v -0.03039492 0.47672355 0.10305349
v -0.02419335 0.47649431 0.10253986
v -0.02249636 0.47980928 0.10324758
v -0.01436383 0.46946487 0.09991122
v -0.01141401 0.46939671 0.10201054
v -0.01173940 0.47368786 0.10171633
v -0.01517018 0.47195789 0.10003706
v -0.01583219 0.46755600 0.10084608
v -0.01394694 0.46605495 0.10256919
v -0.03232576 0.53467005 0.08627781
v -0.04674713 0.52501428 0.07746054
v -0.02692783 0.51922089 0.09865083
v -0.05821135 0.51212972 0.06897990
v -0.06469136 0.49732929 0.06086242
v -0.05888484 0.39641190 0.07897813
v -0.05156345 0.39140975 0.09179734
v -0.05036561 0.40158343 0.09593252
v -0.05710987 0.38505644 0.07516179
v -0.04907550 0.38030115 0.08997518
v -0.03488424 0.35956591 0.09172176
v -0.04369552 0.36904314 0.08981825
v -0.06374478 0.39245585 0.05852053
v -0.06108688 0.38292852 0.05239103
v -0.05185996 0.37323138 0.07121006
v -0.06624862 0.39540076 0.03654711
v -0.06391504 0.39149278 0.02770427
v -0.05631053 0.37261540 0.04298075
v -0.03910613 0.33495566 0.05383091
v -0.05230068 0.34020662 0.03937079
v -0.05408146 0.32710755 0.03596750
v -0.04144023 0.32203665 0.05099920
v -0.06442155 0.40296769 0.06498665
v -0.06720506 0.46677041 0.06255955
v -0.06939033 0.45268995 0.06086699
v -0.06196489 0.46880493 0.07364548
v -0.06856000 0.52451366 0.03297006
v -0.07390863 0.50739795 0.03056915
v -0.06964891 0.50281340 0.04641188
v -0.06309901 0.51957649 0.05187567
v -0.04020699 0.55937588 0.03991299
v -0.05651314 0.54411596 0.03663888
v -0.05161720 0.53601658 0.05905115
v -0.03673577 0.54897374 0.06533050
v -0.07774385 0.50792021 0.01483159
v -0.07214387 0.52582037 0.01231673
v -0.07438902 0.52142680 -0.00952327
v -0.07925396 0.50507271 -0.00217788
v -0.06006203 0.54584682 0.00901973
v -0.06297275 0.54005522 -0.01876717
v -0.06396118 0.39403778 0.01436439
v -0.06165773 0.37543261 0.02041429
v -0.05988699 0.35936427 0.02326632
v -0.05133759 0.35544869 0.04216753
v -0.04541853 0.55605656 -0.02581533
v -0.04216265 0.56157750 0.00772147
v -0.06781121 0.47518504 -0.04653655
v -0.07346434 0.46736273 -0.03132171
v -0.07696947 0.48331526 -0.02354195
v -0.07163636 0.49423790 -0.04025574
v -0.05829198 0.48257163 -0.06202698
v -0.06164145 0.50544471 -0.05581225
v -0.05547025 0.41911548 -0.04053020
v -0.04554249 0.42015544 -0.05404208
v -0.04072288 0.40327090 -0.04452619
v -0.04933884 0.40315372 -0.03143958
v -0.05045776 0.48358312 0.09427821
v -0.05419233 0.47720829 0.08749472
v -0.04875861 0.47522327 0.09287571
v -0.04532191 0.47926387 0.09812538
v -0.06365635 0.48033693 0.06703964
v -0.05891566 0.47880182 0.07823466
v -0.07272737 0.48741251 0.04145124
v -0.07646810 0.49213767 0.02811609
v -0.08060795 0.49161515 0.00164074
v -0.07944506 0.49321422 0.01542763
v -0.07649320 0.46096593 -0.02008312
v -0.07852127 0.47144011 -0.01496860
v -0.06487019 0.40195832 -0.00291526
v -0.05750881 0.40215254 -0.01880898
v -0.05497103 0.38289064 -0.01338391
v -0.06217576 0.37995127 0.00158926
v -0.03860699 0.38575307 -0.03618499
v -0.04644309 0.38468254 -0.02556857
v -0.05976891 0.34737098 0.00383672
v -0.05352819 0.35005558 -0.01161847
v -0.05529675 0.33645487 -0.01448816
v -0.05950849 0.33371574 0.00127866
v -0.04822504 0.33703390 -0.02811585
v -0.04539080 0.35162804 -0.02442205
v -0.03708735 0.35125977 -0.03475465
v -0.03830513 0.33634558 -0.03755753
v -0.01547077 0.31521517 0.06940344
v -0.02743802 0.31841868 0.06153063
v -0.03017690 0.30687603 0.05831177
v -0.01679462 0.30446884 0.06541678
v -0.06122575 0.32166699 -0.00352549
v -0.05915873 0.32619184 -0.01997404
v -0.06208676 0.41900447 -0.02613357
v -0.06845298 0.42024633 -0.01418466
v -0.05229220 0.32650501 -0.03402648
v -0.05354569 0.36470363 -0.01099323
v -0.04566348 0.36666164 -0.02315566
v -0.02763582 0.38627371 -0.04515398
v -0.02996160 0.40336803 -0.05401996
v -0.01878389 0.44781557 0.11142950
v -0.02172599 0.46201152 0.10326649
v -0.01749754 0.46381167 0.10301505
v -0.01850315 0.46672317 0.10177007
v -0.02225626 0.46575457 0.10241574
v -0.00959892 0.50357848 0.11291392
v -0.02287633 0.50394565 0.10840913
v -0.02104972 0.49126402 0.11236171
v -0.00820915 0.48780572 0.11449606
v -0.04891512 0.43132222 0.10042989
v -0.04307983 0.42116079 0.10618476
v -0.03684797 0.42939538 0.10981230
v -0.03962338 0.43827349 0.10603270
v -0.04493164 0.46843457 0.09256446
v -0.04382609 0.47058243 0.09465794
v -0.04623490 0.47058395 0.09210822
v -0.04110465 0.40714958 0.10768768
v -0.04741845 0.41142917 0.10112767
v -0.06903098 0.43771049 0.06112553
v -0.05634711 0.46975538 0.08205543
v -0.01959737 0.57010072 0.04304883
v -0.01832846 0.55782527 0.07181840
v -0.02060463 0.57286322 0.00744013
v -0.02281995 0.56717813 -0.02934115
v -0.04645893 0.51545751 -0.06902339
v -0.02499345 0.52377695 -0.07784066
v -0.02227651 0.49391142 -0.08507933
v -0.04353665 0.48921859 -0.07599520
v -0.03260036 0.42149186 -0.06443468
v -0.02660007 0.35284427 -0.04214264
v -0.02754664 0.33628857 -0.04333469
v -0.01632203 0.54008579 0.09215534
v -0.01231980 0.52104211 0.10308603
v -0.06804104 0.48266912 0.05361114
v -0.06037533 0.44289815 0.08491230
v -0.05684925 0.43610439 0.09091060
v -0.05233453 0.44729808 0.09417406
v -0.05501369 0.45130214 0.08929791
v -0.06396107 0.43326342 0.07644455
v -0.06655354 0.42364895 0.06465486
v -0.06912343 0.41430205 0.05026899
v -0.06843985 0.40229309 0.04328601
v -0.07400122 0.51095527 -0.02819889
v -0.07840782 0.49773332 -0.01655350
v -0.04769218 0.53961080 -0.05270423
v -0.06389872 0.52607560 -0.04187255
v -0.07993735 0.48739177 -0.01077199
v -0.02531288 0.55099726 -0.05995040
v -0.00913671 0.41975006 0.12740788
v -0.00738289 0.42434475 0.12638293
v -0.01656650 0.41915026 0.12198525
v -0.00811117 0.39300996 0.12897044
v -0.00980309 0.38725910 0.12610902
v -0.00455641 0.38678885 0.12779181
v -0.00337661 0.39276963 0.13055207
v -0.01338398 0.34784532 0.10263141
v -0.02395102 0.35245267 0.09735375
v -0.01447667 0.32592097 0.07471740
v -0.02583276 0.32945070 0.06587423
v -0.00691905 0.43391725 0.12990764
v -0.00730193 0.43302980 0.12781233
v -0.00517749 0.43339083 0.12830485
v -0.00522179 0.43426093 0.13037042
v -0.02156424 0.40262827 0.11979070
v -0.00441033 0.41108039 0.13182925
v -0.00456780 0.40704662 0.13038146
v -0.00118358 0.40684718 0.13119747
v -0.00103996 0.41076198 0.13257086
v -0.04172199 0.35860056 0.06922783
v -0.03870683 0.34751311 0.05879559
v -0.05976989 0.33023664 0.01906051
v -0.05959827 0.34405693 0.02213067
v -0.06044171 0.36256057 0.00417319
v -0.03891517 0.36736444 -0.03476885
v -0.02720424 0.36907429 -0.04264510
v -0.01478763 0.37045678 -0.04798979
v -0.01522726 0.38701394 -0.05160278
v -0.02565011 0.34756544 0.08220488
v -0.02560597 0.33973265 0.07176955
v -0.01425060 0.33590415 0.08014286
v -0.01372709 0.34296373 0.08920554
v -0.00100184 0.43112573 0.13195181
v -0.00204250 0.42975271 0.12981474
v -0.00008067 0.42739031 0.13091029
v 0.00049434 0.43001229 0.13372292
v -0.00827439 0.43082395 0.12618142
v -0.00624938 0.42764807 0.12629448
v -0.00578886 0.42990562 0.12629165
v -0.00917093 0.43224606 0.12780078
v -0.00855221 0.43381885 0.13054764
v -0.00346356 0.43484116 0.13554588
v -0.00302836 0.43567595 0.14079332
v -0.00658221 0.43475720 0.13365857
v -0.00290946 0.43248355 0.13021877
v -0.00331043 0.43105334 0.12841418
v -0.00528996 0.43185619 0.12668271
v -0.00709507 0.43201089 0.12656230
v -0.00382542 0.43474326 0.13326982
v -0.00571369 0.43454021 0.13187005
v -0.00333225 0.45675245 0.13101698
v -0.00439771 0.32364568 0.07945381
v -0.00427298 0.33360475 0.08444329
v -0.02220954 0.40102819 0.11817790
v -0.02128527 0.48410386 0.10694791
v -0.04633504 0.44591057 0.09957783
v -0.02601629 0.44836381 0.10783193
v -0.02644715 0.45427811 0.10511807
v -0.03236724 0.45103544 0.10419147
v -0.03220417 0.44358012 0.10735977
v -0.01254362 0.48114678 0.10735884
v -0.00779957 0.47561327 0.10668006
v -0.00398345 0.47761869 0.11353838
v -0.00779023 0.46913728 0.10723637
v -0.01112395 0.46390721 0.10613575
v -0.00947334 0.46175399 0.11250401
v -0.00459486 0.46879867 0.11647741
v -0.04420032 0.47379524 0.09536523
v -0.04217449 0.47253624 0.09707425
v -0.01458144 0.45679295 0.10946042
v -0.01574539 0.46022570 0.10538696
v -0.02083118 0.45728689 0.10519005
v -0.02005789 0.45248705 0.10810438
v -0.03894702 0.44793308 0.10261438
v -0.05073027 0.47021818 0.08804110
v -0.04814982 0.45897940 0.09124897
v -0.06810962 0.41535243 0.00204532
v -0.07164122 0.42636472 -0.00576090
v -0.07132328 0.40741631 0.02377621
v -0.07018935 0.40995109 0.01929308
v -0.06536096 0.40458387 0.02163342
v -0.06872939 0.40363675 0.02672652
v -0.07935064 0.46132329 0.00119790
v -0.07863340 0.46202558 0.00541558
v -0.07904150 0.46898568 0.00613724
v -0.07915226 0.46786937 -0.00176257
v -0.07879433 0.46466812 0.01235978
v -0.07857520 0.46083915 0.01260185
v -0.07808105 0.46046066 0.01620855
v -0.07830216 0.46802253 0.01466542
v -0.07669583 0.46545401 0.02255067
v -0.07694726 0.47750753 0.02584248
v -0.07916281 0.47966015 0.01513270
v -0.07145868 0.46398661 0.04676318
v -0.07366274 0.47237432 0.03579806
v -0.07434540 0.45988092 0.02883532
v -0.07287482 0.45154861 0.03407064
v -0.07084025 0.41596842 0.03495338
v -0.07087239 0.40761214 0.03166989
v -0.06551241 0.40818435 0.01244099
v -0.05471434 0.46032661 -0.06334298
v -0.06369839 0.45570889 -0.04784189
v -0.06984562 0.45142800 -0.03372014
v -0.07406477 0.44814757 -0.02146467
v -0.04092951 0.46411064 -0.07692374
v -0.02110188 0.46631825 -0.08580369
v -0.07202056 0.44651407 0.04790116
v -0.07221814 0.43950260 0.03590211
v -0.05932233 0.43716300 -0.04584700
v -0.04989249 0.43977389 -0.06017711
v -0.06587564 0.43495655 -0.03183431
v -0.07131245 0.43471289 -0.01960700
v -0.03669676 0.44217336 -0.07221407
v -0.01894702 0.44137126 -0.07969432
v -0.01742717 0.42111865 -0.06995213
v -0.07536972 0.41640249 0.02353527
v -0.07638685 0.41070780 0.02497787
v -0.07346772 0.40960902 0.02659364
v -0.07302815 0.41560292 0.02790857
v -0.07155950 0.42748666 0.03551043
v -0.07108644 0.43103498 0.04799940
v -0.00390239 0.46268210 0.12461963
v -0.00422840 0.36392137 0.13090768
v -0.00191258 0.37835529 0.13000834
v -0.00381711 0.41970283 0.13030313
v -0.00428789 0.41530463 0.13136511
v -0.00084676 0.41465744 0.13212490
v -0.00047942 0.41890833 0.13116653
v -0.01590075 0.47772500 0.10219861
v -0.01619736 0.40401745 -0.06077249
v -0.01424060 0.35441309 -0.04623092
v -0.01504256 0.33751017 -0.04699140
v -0.04166756 0.32439798 -0.04360913
v -0.02942004 0.32268751 -0.04919260
v -0.00008265 0.42327440 0.13052063
v -0.00306985 0.42384070 0.12927960
v -0.00314407 0.43406391 0.13203743
v -0.00939353 0.40657142 0.12842573
v -0.00348212 0.42951196 0.12809740
v -0.00281127 0.42711967 0.12866101
v 0.00197898 0.42676640 0.13197201
v 0.00164384 0.42286202 0.13099425
v -0.02657136 0.46025735 0.10328862
v -0.02661493 0.46488720 0.10249323
v -0.00155140 0.43306616 0.13439327
v -0.00038224 0.43222731 0.13725775
v -0.04441057 0.31024745 0.04732848
v -0.05635952 0.31424615 0.03167387
v 0.00120160 0.40671819 0.13150811
v 0.00121494 0.41058186 0.13283995
v -0.07325761 0.44371697 0.02579721
v -0.07491121 0.45128146 0.02348840
v -0.07642917 0.44572273 0.01813804
v -0.07479069 0.43911803 0.02015911
v -0.00510448 0.31340897 0.07415972
v -0.06070292 0.31761819 0.01377252
v -0.01632369 0.32317877 -0.05215010
v -0.04422731 0.46490425 0.09382440
v -0.04512816 0.46646836 0.09242754
v -0.01879317 0.47494856 0.10096186
v -0.01128893 0.39824364 0.12702481
v -0.00948269 0.40249884 0.12607946
v -0.00422606 0.34073657 0.09261544
v 0.00209111 0.42942509 0.13484196
v -0.07762659 0.45338655 0.00868279
v -0.07719813 0.44946241 0.00979036
v -0.07960955 0.44849271 0.01203904
v -0.07978179 0.45206907 0.01241806
v -0.08088388 0.45596832 0.01743341
v -0.08239459 0.45952499 0.01550779
v -0.08346134 0.45559552 0.01389901
v -0.08193894 0.45249736 0.01490314
v -0.07722411 0.45722750 0.02024956
v -0.07871716 0.45166916 0.01826426
v -0.08481547 0.46086538 0.01351983
v -0.08440217 0.45788658 0.01217051
v -0.07852688 0.46174008 0.00974392
v -0.08183802 0.46243671 0.01238637
v -0.08322240 0.46382791 0.00758352
v -0.08757766 0.46174240 0.00948211
v -0.08547337 0.46321666 0.00120286
v -0.09054444 0.46090055 0.00401745
v -0.08620194 0.45887777 -0.00420602
v -0.09193136 0.45735475 -0.00181578
v -0.07269754 0.42398188 0.02761436
v -0.07259521 0.42373681 0.02045462
v -0.08636300 0.45240885 -0.00695689
v -0.09237734 0.45171046 -0.00531057
v -0.08590886 0.44454980 -0.00856508
v -0.09182730 0.44424498 -0.00666832
v -0.08519836 0.43612847 -0.00764848
v -0.09053452 0.43651554 -0.00568727
v -0.08404545 0.42764643 -0.00448671
v -0.08919496 0.42908287 -0.00251872
v -0.08222829 0.41838333 0.00066471
v -0.08733423 0.42216963 0.00273235
v -0.08785652 0.45531902 -0.00089701
v -0.08648467 0.45860252 0.00297845
v -0.07845172 0.45719662 -0.00079645
v -0.08524532 0.45943809 0.00809759
v -0.07651480 0.44319430 0.00266602
v -0.07546613 0.44099000 0.00337452
v -0.07791018 0.44209221 0.00661149
v -0.07586791 0.44426358 0.00476717
v -0.07588956 0.43653619 0.01638592
v -0.07589114 0.43095049 0.01671210
v -0.07462022 0.43134791 0.02111939
v -0.07420315 0.42675850 0.01647903
v -0.07302158 0.43140852 0.01487019
v -0.07327946 0.42807531 0.01480214
v -0.07229885 0.43532676 0.01424537
v -0.07384993 0.42641172 0.01325920
v -0.07509368 0.42467624 0.01465831
v -0.07269061 0.42747217 0.01254362
v -0.07216797 0.42851928 0.01339029
v -0.07140367 0.43040794 0.01234567
v -0.07153077 0.43327883 0.00986590
v -0.07322503 0.43404076 0.02694118
v -0.07231002 0.42191455 0.00524386
v -0.07548136 0.42989868 0.00041823
v -0.08428454 0.41684267 0.00888304
v -0.08069961 0.41112706 0.00877833
v -0.07852797 0.40749979 0.02271930
v -0.07999711 0.40719974 0.01667740
v -0.07790835 0.45168492 -0.00229700
v -0.07798488 0.44488138 -0.00380657
v -0.07059328 0.41585830 0.01327172
v -0.07711058 0.43767408 -0.00271744
v -0.08526848 0.42604971 0.00380248
v -0.08245835 0.42238274 0.00831194
v -0.08784259 0.43106353 -0.00004918
v -0.07641339 0.42129201 0.01713057
v -0.07964658 0.42078972 0.01291255
v -0.08182035 0.41504613 0.01516981
v -0.07899450 0.41526037 0.02030870
v -0.07988065 0.42600542 0.00827939
v -0.08334663 0.42895913 0.00550006
v -0.07619638 0.42817554 0.00698008
v -0.07937311 0.43109930 0.00463300
v -0.07473841 0.42662886 0.01050479
v -0.07693744 0.42441303 0.01145755
v -0.07218377 0.43006781 0.00635588
v -0.07496916 0.43419778 0.00326009
v -0.07235251 0.42817867 0.01028791
v -0.08235035 0.43468750 0.00394804
v -0.07883336 0.43773916 0.00306206
v -0.08232113 0.44137388 0.00461370
v -0.08495402 0.43880433 0.00375529
v -0.08601368 0.43287960 0.00282563
v -0.08792827 0.43753004 0.00084958
v -0.08827637 0.43719274 -0.00280080
v -0.08831748 0.44316179 -0.00041296
v -0.08854517 0.44400707 -0.00380538
v -0.08611543 0.44288161 0.00239132
v -0.08435697 0.44394934 0.00467499
v -0.08862890 0.45045796 -0.00325096
v -0.08785720 0.44862732 -0.00015364
v -0.08691572 0.45288882 0.00134767
v -0.08646471 0.44706181 0.00249646
v -0.08538348 0.45036376 0.00362437
v -0.08510514 0.44635859 0.00412755
v -0.08405168 0.44816509 0.00528670
v -0.08198135 0.45690134 0.01050318
v -0.08078981 0.45500800 0.01213323
v -0.08353300 0.45696157 0.00750945
v -0.08208040 0.45433873 0.00761209
v -0.08107241 0.45597416 0.00889884
v -0.07971815 0.45480803 0.00923916
v -0.08113136 0.45193297 0.00827440
v -0.07909726 0.44972953 0.00708632
v -0.02098710 0.28118590 0.06072773
v -0.00757259 0.27960128 0.06348746
v -0.00642036 0.29027089 0.06633557
v -0.01887311 0.29240212 0.06241105
v -0.08370440 0.45268321 0.00552587
v -0.08272560 0.44992834 0.00718673
v -0.08515390 0.45566443 0.00404948
v -0.08062626 0.44561774 0.00492013
v -0.08137702 0.44753456 0.00638689
v -0.08299043 0.44585732 0.00586662
v -0.08211114 0.44427055 0.00521899
v -0.07551941 0.44079769 0.01504090
v -0.07365066 0.43880355 0.01148888
v -0.07374629 0.43616873 0.00739837
v -0.05925445 0.26941875 0.03974882
v -0.05501582 0.27855450 0.03757150
v -0.07000022 0.28553218 0.02289120
v -0.07553792 0.27797937 0.02528846
v -0.07134577 0.24886245 0.05722596
v -0.09460229 0.25670537 0.04021211
v -0.09475448 0.23555773 0.05996251
v -0.07396369 0.23095703 0.06724998
v -0.09338824 0.21660860 0.07290819
v -0.07409344 0.21384467 0.07714205
v -0.08680536 0.16697864 0.10298476
v -0.06923638 0.16631530 0.10624103
v -0.07114858 0.18184592 0.09661117
v -0.08933110 0.18289669 0.09351330
v -0.10421921 0.08965322 0.12584151
v -0.09816142 0.07216874 0.12435985
v -0.08500541 0.07612312 0.12972017
v -0.09231284 0.09192975 0.12945588
v -0.16509648 0.18983854 0.06998405
v -0.16806509 0.21014015 0.06309678
v -0.18167081 0.20049664 0.06136696
v -0.17637901 0.17912060 0.06612326
v -0.10467763 0.29189533 -0.00968462
v -0.10119441 0.27644235 0.01374871
v -0.09202638 0.28051379 0.00891163
v -0.09684355 0.29555190 -0.01172541
v -0.14965574 0.10161001 0.07995391
v -0.14414072 0.08973494 0.08806805
v -0.13987525 0.09919808 0.09600513
v -0.14479442 0.11084133 0.08954300
v -0.12544477 0.00660614 0.09347985
v -0.12657139 -0.01399455 0.09304420
v -0.11103135 -0.01478347 0.11124732
v -0.11033861 0.00601628 0.11043122
v -0.16491561 0.02888885 0.02051859
v -0.16765133 0.02672607 -0.00841794
v -0.16442959 0.00998359 -0.00772924
v -0.16258591 0.00999570 0.02107363
v -0.11833310 0.16604546 0.09491058
v -0.10327215 0.16700712 0.09915733
v -0.10650009 0.18301839 0.09004227
v -0.12234067 0.18240447 0.08623529
v -0.36002105 0.23256703 0.01961545
v -0.36032775 0.21565023 0.02040592
v -0.33419418 0.21539780 0.02217336
v -0.33365104 0.23231611 0.02071786
v -0.16357565 -0.08668903 0.02857888
v -0.16273931 -0.08213669 0.00116938
v -0.16735269 -0.10074779 0.00258527
v -0.16690451 -0.10604709 0.03146205
v -0.21830301 0.26317981 0.02995856
v -0.20383868 0.26763937 0.03168559
v -0.20190190 0.28388813 0.00988121
v -0.21594873 0.28051820 0.01009628
v -0.16221817 0.15019308 0.07309435
v -0.15428299 0.15765740 0.08030353
v -0.16053060 0.17277688 0.07541217
v -0.16894962 0.16301921 0.06965040
v -0.17435499 0.05843112 -0.01286993
v -0.17159709 0.06119792 0.01010088
v -0.17449544 0.07835822 0.00409519
v -0.17807426 0.07592877 -0.01616574
v -0.16837466 0.04472816 0.01558549
v -0.17090748 0.04222301 -0.01036479
v -0.14404804 0.16215099 0.08559061
v -0.13202916 0.16436833 0.09042419
v -0.13656256 0.18130365 0.08263533
v -0.14873624 0.17930984 0.07938060
v -0.09341806 0.05677381 0.12214059
v -0.07715234 0.06163944 0.12910005
v -0.15985318 -0.11210958 0.05892590
v -0.14685538 -0.11858296 0.08258985
v -0.14600471 -0.09681884 0.07945377
v -0.15771636 -0.09156403 0.05567048
v -0.09283206 0.02546887 0.12237581
v -0.09173671 0.04256007 0.12175890
v -0.10716230 0.04134574 0.11131402
v -0.10892500 0.02464043 0.10972052
v -0.12983306 -0.12439901 0.10315605
v -0.11201069 -0.12951955 0.12316690
v -0.11171149 -0.10530148 0.12022747
v -0.12964630 -0.10158907 0.10040759
v -0.09172490 0.19926649 0.08354168
v -0.07288454 0.19757389 0.08682502
v -0.12375068 0.08899314 0.11321432
v -0.12069213 0.07197406 0.11078038
v -0.11020562 0.07120309 0.11796048
v -0.11493417 0.08900107 0.12019299
v -0.18176016 0.14874870 0.04270147
v -0.18337603 0.16427326 0.05741224
v -0.19538628 0.18562759 0.05417599
v -0.19286622 0.16049708 0.03870324
v -0.17009296 -0.11974566 0.00497024
v -0.16841553 -0.12559023 0.03415048
v -0.12912993 -0.14812320 0.10416523
v -0.11122326 -0.15416877 0.12379846
v -0.23245449 0.14926340 -0.03173552
v -0.22057930 0.13629784 -0.02876020
v -0.21701518 0.13926275 -0.01337304
v -0.22948219 0.15259185 -0.01677384
v -0.05288276 0.09408298 0.13427094
v -0.06824151 0.10299596 0.13281444
v -0.07413265 0.08637224 0.13304541
v -0.06182227 0.07357907 0.13354391
v -0.11898086 0.05636336 0.10540210
v -0.12024397 0.04246061 0.10002674
v -0.10730100 0.05556911 0.11411002
v -0.03657387 0.08412889 0.13322267
v -0.04798945 0.05728675 0.13431841
v -0.05361699 0.19571227 0.09071396
v -0.05230146 0.18043059 0.09960311
v -0.05418202 0.21124524 0.08239282
v -0.03444040 0.20908159 0.08726687
v -0.03321774 0.22456712 0.07938579
v -0.05299762 0.22699766 0.07397758
v -0.03045413 0.23965269 0.07227803
v -0.04992615 0.24292985 0.06656943
v -0.04059318 0.26346281 0.05116242
v -0.03749199 0.27363408 0.04960614
v -0.17388645 0.15102494 0.05997149
v -0.16625769 0.13983147 0.06268720
v -0.14648855 -0.14088790 0.08431312
v -0.11510132 0.22144835 -0.10431831
v -0.11399979 0.20255241 -0.10991938
v -0.13285387 0.20883046 -0.10291690
v -0.13417426 0.22714841 -0.09833340
v -0.11431435 0.29186639 -0.00888255
v -0.11450627 0.27750370 0.01559038
v -0.19831917 0.16103813 -0.07683212
v -0.18562424 0.15385711 -0.08047450
v -0.18922310 0.14094318 -0.07596058
v -0.19968998 0.15018134 -0.07223283
v -0.23099554 0.15307157 -0.05361871
v -0.24522708 0.16195202 -0.05652014
v -0.24321029 0.16941763 -0.06386799
v -0.22785521 0.16053230 -0.06032803
v -0.16048117 -0.09710598 -0.02375257
v -0.15494795 -0.07876644 -0.02478013
v -0.14294565 0.04045012 -0.07763796
v -0.15614469 0.03274490 -0.05737062
v -0.16220701 0.04962587 -0.05568527
v -0.15141357 0.05792495 -0.07375644
v -0.01813315 0.19084294 -0.10998307
v -0.01803847 0.17564665 -0.11251666
v -0.03701442 0.17921126 -0.11716036
v -0.03704392 0.19484292 -0.11418811
v -0.07492241 0.22429299 -0.10932609
v -0.07486654 0.24041550 -0.10331868
v -0.05360533 0.23156822 -0.10665935
v -0.05455431 0.21649486 -0.11191566
v -0.09503374 0.21441180 -0.11059089
v -0.09444949 0.19575122 -0.11611985
v -0.17786123 0.07715908 -0.03574787
v -0.17347640 0.06053493 -0.03450676
v -0.18660820 0.09976824 -0.03900762
v -0.18581134 0.10003906 -0.02222090
v -0.19066669 0.10778250 -0.02377816
v -0.19161150 0.10749867 -0.03970689
v -0.08963845 0.30059266 -0.01359331
v -0.08768532 0.30656070 -0.03677099
v -0.09588528 0.30281931 -0.03470438
v -0.05227456 0.28245035 -0.08114717
v -0.05149120 0.27592307 -0.08568308
v -0.06477164 0.28142750 -0.08030317
v -0.06349325 0.28696218 -0.07637996
v -0.04262779 0.10534942 -0.12033010
v -0.02068587 0.10424512 -0.11686449
v -0.02102197 0.08334253 -0.11491111
v -0.04508714 0.08274777 -0.11827145
v -0.19795679 0.11702444 -0.05302034
v -0.20854297 0.12510842 -0.05174085
v -0.20618300 0.13135187 -0.06045510
v -0.19550847 0.12236782 -0.06296916
v -0.18734875 0.11508605 -0.06426465
v -0.18049526 0.10732345 -0.06545319
v -0.18440846 0.10252578 -0.05301001
v -0.19045803 0.11035212 -0.05310282
v -0.16003279 0.07360975 -0.07035740
v -0.16837296 0.06628341 -0.05376431
v -0.17455243 0.08164781 -0.05322468
v -0.16817720 0.08791416 -0.06859004
v -0.01835474 0.00913887 -0.10203471
v -0.04024771 0.00644110 -0.10703001
v -0.04203497 0.03273551 -0.11149199
v -0.01924473 0.03522479 -0.10712513
v -0.23795779 0.17292283 0.00627474
v -0.23646927 0.18102767 0.02078805
v -0.25130013 0.18483555 0.01625884
v -0.25470164 0.17645656 0.00030302
v -0.24945816 0.19376674 -0.07678149
v -0.26048630 0.19954966 -0.07810013
v -0.25935975 0.20658211 -0.07918450
v -0.24762636 0.20122761 -0.07848060
v -0.27716115 0.17073135 -0.01842785
v -0.27257168 0.17837468 -0.00402302
v -0.29299274 0.17883730 -0.00678779
v -0.29719338 0.17107575 -0.02194187
v -0.12255335 0.29303074 -0.03683127
v -0.12446687 0.29325604 -0.00829739
v -0.11314183 0.29593322 -0.03505572
v -0.26333827 0.16138580 -0.04029899
v -0.27996588 0.16438623 -0.04508247
v -0.27884838 0.16710767 -0.05679394
v -0.26212358 0.16336785 -0.05190093
v -0.35959971 0.24838179 0.01036203
v -0.33338064 0.24768548 0.01107308
v -0.32124096 0.16883668 -0.03860805
v -0.32308930 0.17082506 -0.05240736
v -0.30034563 0.16694719 -0.04933811
v -0.29984248 0.16729182 -0.03630832
v -0.13589430 0.02241729 -0.07998639
v -0.15038688 0.01605214 -0.05882790
v -0.13014005 -0.09365115 -0.06445321
v -0.14751308 -0.09481902 -0.04643058
v -0.14149764 -0.07592426 -0.04711590
v -0.12487631 -0.07387823 -0.06523208
v -0.16417070 -0.11596004 -0.02217469
v -0.13412333 -0.11424016 -0.06303614
v -0.15178216 -0.11438952 -0.04541332
v -0.07188395 0.31353840 -0.03214045
v -0.06282575 0.31319156 -0.04774936
v -0.06892511 0.30713186 -0.05327712
v -0.07984240 0.31021342 -0.03576680
v -0.17710327 -0.23165135 -0.01817836
v -0.17606902 -0.25906637 -0.02259727
v -0.18439451 -0.26059797 0.00633731
v -0.18341404 -0.23539136 0.01198592
v -0.03721430 0.29511613 -0.07142273
v -0.05469845 0.30093014 -0.06416208
v -0.04946713 0.30819318 -0.05786402
v -0.03492977 0.30327162 -0.06389888
v -0.18008928 -0.21111949 0.01274973
v -0.17471451 -0.20620400 -0.01679879
v -0.07543923 0.30672666 -0.01247368
v -0.08303883 0.30365795 -0.01389190
v -0.07978118 0.29353747 0.00489203
v -0.07176565 0.29896727 0.00580778
v -0.06385034 0.29332441 0.02350462
v -0.18726322 -0.27022484 0.03683533
v -0.18333593 -0.24386975 0.03975390
v -0.05756793 0.31827989 -0.04115611
v -0.04556909 0.31505418 -0.05102345
v -0.03203484 0.31260380 -0.05650415
v -0.01756569 0.31154796 -0.05997343
v -0.16487724 -0.13478385 -0.01956777
v -0.16972196 -0.13865182 0.00753714
v -0.12082634 -0.36424789 -0.09182218
v -0.09419266 -0.36854953 -0.09955163
v -0.09187073 -0.38034296 -0.09168700
v -0.12305389 -0.38128829 -0.08198373
v -0.02735785 -0.35204956 -0.10230635
v -0.02531868 -0.36118457 -0.08945049
v -0.05843174 -0.37379286 -0.09314450
v -0.06243768 -0.36362493 -0.10410437
v -0.03149467 -0.24078596 -0.11965695
v -0.06090276 -0.24023989 -0.11925892
v -0.06090901 -0.21801761 -0.11252795
v -0.03224856 -0.21849421 -0.11352833
v -0.13602671 -0.13344505 -0.06061382
v -0.15299959 -0.13342270 -0.04289038
v -0.16650325 -0.14493401 0.03566662
v -0.18320145 -0.41533330 0.05215104
v -0.18781929 -0.40461949 0.01151384
v -0.18406384 -0.44303679 0.01171344
v -0.18121618 -0.45345044 0.05012245
v -0.14967676 -0.43327212 -0.04932249
v -0.15239567 -0.40156868 -0.05499050
v -0.12184438 -0.40354234 -0.07307601
v -0.11977999 -0.43089783 -0.06639121
v -0.09273623 -0.15945663 0.14258842
v -0.10907602 -0.17698506 0.12137861
v -0.08995849 -0.18320073 0.13847557
v -0.02997239 -0.17057325 0.17037104
v -0.05319934 -0.16758460 0.16659313
v -0.04859312 -0.19154923 0.16037698
v -0.02728785 -0.19414441 0.16442175
v -0.02825379 -0.31083494 0.14603175
v -0.01456606 -0.31197429 0.15018740
v -0.01712557 -0.28718776 0.14853011
v -0.03309771 -0.28472278 0.14365122
v -0.17461199 -0.25337020 0.06556369
v -0.15503712 -0.26244149 0.08707368
v -0.15244102 -0.24126336 0.08617051
v -0.17044222 -0.23133478 0.06608485
v -0.02307828 -0.36894149 -0.07336050
v -0.05316079 -0.38550997 -0.07996398
v -0.16563079 -0.46287322 0.08699599
v -0.16645329 -0.42455429 0.08983655
v -0.13696000 -0.46924591 0.11472783
v -0.10212704 -0.46739575 0.12321781
v -0.10476177 -0.43493837 0.12749040
v -0.13887464 -0.43360886 0.11728084
v -0.01198042 -0.38572249 0.09442344
v -0.02289982 -0.36959770 0.12246198
v -0.02877591 -0.38120493 0.11474480
v -0.01330422 -0.39279804 0.08909132
v -0.02911475 -0.32677653 -0.11629043
v -0.02894577 -0.34202468 -0.10954304
v -0.06210460 -0.34839863 -0.11366348
v -0.06111172 -0.33141509 -0.11926317
v -0.11356035 -0.11470985 -0.07493769
v -0.11576199 -0.13508675 -0.07313002
v -0.09225573 -0.11570676 -0.08228785
v -0.11038960 -0.09364203 -0.07706200
v -0.08917233 -0.09366387 -0.08377556
v -0.09372339 0.04251685 -0.10577101
v -0.11651715 0.03162449 -0.09542078
v -0.12457914 0.04971450 -0.09461954
v -0.10255469 0.06229400 -0.10669621
v -0.05622648 0.18417393 -0.12035700
v -0.05542569 0.20063795 -0.11663004
v -0.08348868 -0.42181572 -0.07447807
v -0.04201233 -0.40607876 -0.06732022
v -0.05319737 -0.45005170 -0.06212475
v -0.08773398 -0.45730826 -0.06742679
v -0.14676940 -0.46667579 -0.04601642
v -0.16753264 -0.47071406 -0.02198593
v -0.17283456 -0.43550357 -0.02336019
v -0.17885594 -0.47957721 0.01136990
v -0.17722368 -0.49003285 0.04885265
v -0.13252097 -0.50354975 0.11043146
v -0.09807245 -0.50067639 0.11732359
v -0.01879548 -0.45489645 0.08094176
v -0.04031038 -0.46001208 0.09989216
v -0.03857319 -0.48621210 0.09111469
v -0.01856728 -0.47948581 0.06938566
v -0.06638109 -0.30863935 0.12572692
v -0.10122109 -0.28913602 0.11485059
v -0.10374568 -0.31556129 0.11752630
v -0.07429819 -0.33588177 0.12559143
v -0.03597808 -0.14449364 0.17264868
v -0.05537624 -0.14056221 0.16902095
v -0.07292785 -0.16385537 0.15755692
v -0.07448620 -0.13688552 0.15947409
v -0.09374170 -0.13347606 0.14332400
v -0.05105034 -0.03791833 0.15900956
v -0.07382195 -0.03796300 0.14766918
v -0.07288337 -0.06138149 0.15117314
v -0.05054601 -0.06198071 0.16274884
v -0.05145019 -0.01398643 0.15378976
v -0.07450991 -0.01425949 0.14319949
v -0.04942143 0.03167710 0.13964027
v -0.07214599 0.04673102 0.13009024
v -0.07312202 0.02816906 0.13264865
v -0.03421975 0.19352147 0.09473825
v -0.03348581 0.17810020 0.10212308
v -0.17782581 -0.27899167 0.06377195
v -0.01517940 -0.41572031 -0.03754513
v -0.00395881 -0.42933464 -0.00534669
v -0.00902231 -0.45701429 -0.01447576
v -0.02480909 -0.44998679 -0.04293371
v -0.17854318 -0.22053014 0.04078432
v -0.16021882 -0.13288577 0.06119699
v -0.15727453 -0.15315941 0.06122519
v -0.15423432 0.03493715 0.05328580
v -0.15350573 0.01100648 0.04978083
v -0.08203616 0.10800258 0.12992835
v -0.08312945 0.09567501 0.13132186
v -0.17708459 -0.39938360 -0.02643169
v -0.12771259 -0.53577214 0.10431731
v -0.12085567 -0.56544363 0.09772623
v -0.08754069 -0.56286788 0.10270823
v -0.09266802 -0.53261650 0.11060031
v -0.01116020 -0.50170636 0.03282269
v -0.02002045 -0.50771850 0.05755003
v -0.02306502 -0.53687066 0.04646844
v -0.01626825 -0.53203666 0.02196982
v -0.02061865 -0.56262428 0.01439057
v -0.02527490 -0.56858295 0.03877273
v -0.02515409 -0.59896326 0.03057492
v -0.02302287 -0.59242767 0.00667028
v -0.16162558 -0.50053316 0.08544652
v -0.16617212 -0.55630046 0.04696225
v -0.15013918 -0.56393951 0.07763705
v -0.15640679 -0.53345364 0.08193649
v -0.17211248 -0.52499419 0.04868349
v -0.12001598 -0.46374872 -0.06080602
v -0.00723221 -0.47329521 0.04434568
v -0.00563330 -0.44980329 0.05663850
v -0.02469316 -0.52446830 -0.02708399
v -0.04183489 -0.52227646 -0.04827437
v -0.03388353 -0.48794052 -0.04596851
v -0.01652117 -0.49098238 -0.02148234
v -0.14439538 -0.52978975 -0.04225806
v -0.15998825 -0.53580236 -0.01795279
v -0.16384907 -0.50446600 -0.01909311
v -0.14579020 -0.49897864 -0.04338390
v -0.17340809 -0.51393616 0.01311357
v -0.16745766 -0.54569054 0.01319720
v -0.15342191 -0.61584729 0.04296369
v -0.13518094 -0.62153280 0.06906489
v -0.14308557 -0.59322065 0.07320950
v -0.15991221 -0.58643651 0.04506629
v -0.15647347 -0.60539317 0.01173150
v -0.16155970 -0.57556832 0.01268996
v -0.15622449 -0.56584203 -0.01727207
v -0.15287653 -0.59565246 -0.01649005
v -0.13919395 -0.58810955 -0.03787598
v -0.14212117 -0.55869246 -0.04030346
v -0.12118188 -0.55479974 -0.05599319
v -0.12069415 -0.58324301 -0.05298562
v -0.09664265 -0.55234611 -0.06271777
v -0.07130585 -0.55146843 -0.05961074
v -0.07629465 -0.58008069 -0.05713412
v -0.09882569 -0.58098316 -0.05967344
v -0.03800618 -0.58416343 -0.03441757
v -0.05460883 -0.58131284 -0.04919282
v -0.04846790 -0.55276161 -0.04883131
v -0.03192621 -0.55538398 -0.03093260
v -0.05880595 -0.69832522 -0.04523354
v -0.07544488 -0.69556129 -0.05004633
v -0.06998832 -0.66575950 -0.04942901
v -0.05165295 -0.66838700 -0.04425986
v -0.09185565 -0.69398886 -0.05620260
v -0.10950963 -0.69392115 -0.05608664
v -0.10506363 -0.66502148 -0.05329207
v -0.08760076 -0.66468954 -0.05292034
v -0.13581398 -0.67274487 -0.03240860
v -0.12163581 -0.66749829 -0.04672776
v -0.12574999 -0.69614959 -0.04945439
v -0.13930711 -0.70125300 -0.03476780
v -0.15215100 -0.70819676 -0.01611410
v -0.15123698 -0.68029535 -0.01513953
v -0.14958736 -0.71656704 0.00854440
v -0.15221997 -0.68957561 0.00904919
v -0.13859598 -0.69776422 0.03709852
v -0.13936695 -0.72405195 0.03712258
v -0.02811921 -0.68529785 0.00241105
v -0.03311797 -0.71498358 -0.00284738
v -0.03380352 -0.70816123 -0.02249368
v -0.02749725 -0.67889106 -0.01607274
v -0.05475272 -0.69632000 0.04366745
v -0.07032871 -0.70047736 0.06799239
v -0.07108881 -0.72664279 0.05804816
v -0.05663208 -0.72397476 0.03509560
v -0.15286329 -0.63369274 0.01052792
v -0.14701813 -0.64364386 0.04031096
v -0.13634777 -0.61672139 -0.03494626
v -0.15019047 -0.62415874 -0.01557218
v -0.04249487 -0.61207306 -0.03825867
v -0.06004647 -0.60923058 -0.04959727
v -0.02570306 -0.62821132 0.02199552
v -0.02406733 -0.62168920 -0.00053871
v -0.09958068 -0.67737466 0.08078596
v -0.10268753 -0.65000188 0.08234630
v -0.12897775 -0.64901584 0.06680103
v -0.12609415 -0.67650926 0.06642742
v -0.15308230 -0.66191947 0.00980719
v -0.14972886 -0.65219116 -0.01525299
v -0.13500690 -0.64480883 -0.03276545
v -0.12008347 -0.63930219 -0.04718168
v -0.10247332 -0.63680238 -0.05350797
v -0.08411009 -0.63610238 -0.05282628
v -0.06520449 -0.63698930 -0.04937974
v -0.04698991 -0.63982290 -0.04139760
v -0.02516625 -0.65015429 -0.00867800
v -0.02667091 -0.65721405 0.01215123
v -0.09725139 -0.72880578 0.06865919
v -0.09796311 -0.70419908 0.07739071
v -0.12551539 -0.70319921 0.06465796
v -0.12444534 -0.72840792 0.06047951
v -0.09756109 -0.75004452 0.05643766
v -0.07616755 -0.74819988 0.04579695
v -0.09638605 -0.72346574 -0.06061263
v -0.11405884 -0.72358519 -0.05955897
v -0.13040973 -0.72581643 -0.05284679
v -0.15305211 -0.73589712 -0.01804471
v -0.14860567 -0.74411458 0.00950424
v -0.13615339 -0.75044787 0.03585442
v -0.12015717 -0.74993312 0.05305758
v -0.04741002 -0.76607215 -0.02984801
v -0.04230776 -0.73668218 -0.02527251
v -0.04121647 -0.74177307 -0.00767620
v -0.04784284 -0.76972878 -0.01208463
v -0.06688062 -0.75921500 -0.05644957
v -0.08206054 -0.75589263 -0.06651408
v -0.07981081 -0.72553927 -0.05502941
v -0.06528472 -0.72838229 -0.04623265
v -0.10084375 -0.75443965 -0.07069917
v -0.11930551 -0.75455916 -0.06751595
v -0.13675413 -0.75546813 -0.05939263
v -0.15607281 -0.76507890 -0.01936364
v -0.14516880 -0.72964585 -0.03890554
v -0.15092118 -0.75872445 -0.04340328
v -0.15025045 -0.77279389 0.01234153
v -0.12999655 -0.80985951 0.03253777
v -0.12838350 -0.77943832 0.03637265
v -0.15329534 -0.80339593 0.01177659
v -0.10350195 -0.91109765 0.02056247
v -0.13002314 -0.90939546 0.02039825
v -0.12631945 -0.94573784 0.01372932
v -0.10315336 -0.94779354 0.01440341
v -0.04927200 -0.79997128 -0.01665603
v -0.04733706 -0.79736763 -0.03699340
v -0.06521238 -0.79180878 -0.06753056
v -0.08319349 -0.78860480 -0.07717117
v -0.16545799 -0.82806647 -0.02407676
v -0.16191979 -0.79576367 -0.02019355
v -0.15699957 -0.79002750 -0.04654955
v -0.16024491 -0.82302719 -0.05077283
v -0.04762204 -0.90195155 -0.02792241
v -0.04670932 -0.90050882 -0.04805436
v -0.04330552 -0.86498123 -0.04664838
v -0.04442521 -0.86690325 -0.02443065
v -0.08171163 -0.82260245 -0.08436189
v -0.06327372 -0.82587367 -0.07405072
v -0.06328977 -0.86077851 -0.07825875
v -0.08204965 -0.85808504 -0.08773326
v -0.16052896 -0.90026623 -0.02847763
v -0.16500644 -0.86299205 -0.02671364
v -0.16056201 -0.85865164 -0.05340095
v -0.15689862 -0.89698333 -0.05345063
v -0.13175957 -0.84054750 0.02988227
v -0.15627530 -0.83499867 0.00791689
v -0.15577291 -0.86849606 0.00364834
v -0.13276502 -0.87412953 0.02549209
v -0.10307544 -0.84198302 0.02902355
v -0.10399058 -0.87531745 0.02571356
v -0.06172255 -0.97723258 -0.04573726
v -0.05465522 -0.93780464 -0.04656691
v -0.05489909 -0.94057524 -0.02928460
v -0.06237804 -0.98086649 -0.03020421
v -0.08489017 -0.89525330 -0.08572433
v -0.06614380 -0.89720756 -0.07672028
v -0.07212040 -0.93524241 -0.07167558
v -0.08752441 -0.93407822 -0.07971798
v -0.14824282 -0.98104990 -0.03020457
v -0.15460618 -0.93989354 -0.02949303
v -0.15096936 -0.93761700 -0.05203036
v -0.14410411 -0.97865069 -0.05089486
v -0.12284910 -0.98516726 0.00715586
v -0.14718737 -0.94273466 -0.00313251
v -0.14199983 -0.98326170 -0.00763888
v -0.11886142 -1.02433252 0.00342889
v -0.10163846 -1.02592564 0.00464471
v -0.10238604 -0.98667473 0.00820069
v -0.06863442 -1.01899672 -0.03117839
v -0.06677686 -1.01608217 -0.04578369
v -0.07597953 -1.01315737 -0.06560231
v -0.08812638 -1.01120591 -0.07295983
v -0.08861883 -0.97323883 -0.07565197
v -0.07505553 -0.97466820 -0.06817561
v -0.12203515 -0.97614634 -0.07465491
v -0.10536492 -0.97385395 -0.07808205
v -0.10358800 -1.01165926 -0.07489598
v -0.11863616 -1.01392877 -0.07067841
v -0.13696784 -1.01622713 -0.04911731
v -0.13523427 -0.97720838 -0.06577604
v -0.12928134 -1.01506710 -0.06226077
v -0.14133017 -1.01822221 -0.03003351
v -0.13584235 -1.02183139 -0.00855324
v -0.00263835 -0.39005390 -0.01004293
v -0.00050276 -0.40409291 0.02290694
v -0.00148092 -0.41211939 0.00777953
v -0.00687971 -0.39536569 -0.02577608
v -0.03762807 -0.54628170 0.07237286
v -0.03803622 -0.51510721 0.08205266
v -0.03586830 -0.60705316 0.05503222
v -0.03731072 -0.57776564 0.06369708
v -0.03591862 -0.63622200 0.04473491
v -0.03755528 -0.66464287 0.03346928
v -0.03849656 -0.69330722 0.02332610
v -0.04117705 -0.72069204 0.01560138
v -0.04858173 -0.74700654 0.01083633
v -0.05564313 -0.77466255 0.00758092
v -0.05852272 -0.83458054 0.00018973
v -0.04652068 -0.83260888 -0.02135831
v -0.05990100 -0.80342102 0.00311696
v -0.05898453 -0.90496790 -0.00559503
v -0.05705960 -0.86848575 -0.00247711
v -0.06419099 -0.94419861 -0.01001978
v -0.07038565 -0.98450357 -0.01358407
v -0.07626402 -1.02233231 -0.01568530
v -0.07434721 -0.40776831 0.12634347
v -0.04587853 -0.41292769 0.11588427
v -0.04906132 -0.39469686 0.12131111
v -0.07661681 -0.38384745 0.12829819
v -0.00443175 -0.38824591 0.05415282
v -0.00686635 -0.39062804 0.07266942
v -0.00650123 -0.39480171 0.06885743
v -0.00305202 -0.39152935 0.05051165
v -0.14251342 -0.67079133 0.03858211
v -0.12015817 -0.61139762 -0.04944122
v -0.10065029 -0.60883069 -0.05554422
v -0.08035510 -0.60809177 -0.05436428
v -0.05057841 -0.67073739 0.05743513
v -0.05193743 -0.64316314 0.06670254
v -0.07364847 -0.64780360 0.08153445
v -0.07182704 -0.67466569 0.07469467
v -0.10119593 -0.81348729 0.03281149
v -0.07919884 -0.83870238 0.01580488
v -0.07787813 -0.80887949 0.02033373
v -0.10059404 -0.78852230 0.03887277
v -0.12471590 -0.78560722 -0.07631564
v -0.14331438 -0.78639454 -0.06591786
v -0.10476570 -0.81987703 -0.08752640
v -0.12737913 -0.81855881 -0.08398794
v -0.10385034 -0.78628498 -0.07843620
v -0.05655125 -0.58713037 0.08380177
v -0.08285645 -0.59201247 0.09408574
v -0.07821590 -0.62024742 0.08631825
v -0.05347012 -0.61526680 0.07483395
v -0.13665804 -0.05800329 -0.04926497
v -0.12039108 -0.05482924 -0.06692883
v -0.14007625 0.06696673 0.08645771
v -0.14538212 0.05305205 0.07316724
v -0.13307297 0.04594491 0.08727807
v -0.12985675 0.05998860 0.09619237
v -0.15386145 0.06423520 0.06213389
v -0.14790043 0.07708254 0.07719211
v -0.15351847 0.08966880 0.06803648
v -0.15916817 0.07746284 0.05288152
v -0.18278342 0.13823837 0.02567783
v -0.19324866 0.14657097 0.02125595
v -0.05094771 0.00921083 0.14741199
v -0.02569254 0.00838569 0.15245800
v -0.02459402 0.03054805 0.14444874
v -0.06962088 -0.18823746 0.15178066
v -0.07434332 -0.27641517 0.12671863
v -0.04401129 -0.31120062 0.13901401
v -0.05162426 -0.28128371 0.13641834
v -0.00886915 -0.37499076 0.12395997
v -0.06301610 0.00193462 -0.10594992
v -0.06559490 0.02780235 -0.10975816
v -0.03611533 0.20984992 -0.11061175
v -0.01790222 0.20524134 -0.10695094
v -0.03391666 0.23778498 -0.10165147
v -0.03313007 0.25028250 -0.09687114
v -0.01657184 0.24492082 -0.09557746
v -0.01701578 0.23242401 -0.09975711
v -0.01862886 0.30117428 -0.06744295
v -0.01969988 0.29113352 -0.07481615
v -0.00174128 -0.38571557 0.03149935
v -0.00207791 -0.39498392 0.04525330
v -0.00125827 -0.38629308 0.02085841
v -0.02062852 -0.43402699 0.09129221
v -0.00677204 -0.43168524 0.06845867
v -0.00924761 -0.41769701 0.07740086
v -0.02354687 -0.41690832 0.09945315
v -0.18329936 -0.37771112 0.05491465
v -0.19048944 -0.36648172 0.01441953
v -0.08792093 -0.39837959 -0.08145859
v -0.37238449 0.18203783 -0.05380633
v -0.37393957 0.19121258 -0.06410868
v -0.34912989 0.18555674 -0.06551305
v -0.34735116 0.17677337 -0.05391783
v -0.06701484 0.10750025 -0.12088647
v -0.07649721 0.08026509 -0.11559059
v -0.08545351 0.28795359 0.00627585
v -0.14791502 0.29311636 -0.00368734
v -0.14964110 0.28304678 0.02306709
v -0.13797346 0.28253007 0.01943057
v -0.13562043 0.29345205 -0.00681450
v -0.14921959 0.24774042 -0.08478372
v -0.14785224 0.26345029 -0.07234996
v -0.13459896 0.26250604 -0.07832476
v -0.13478598 0.24515234 -0.09074483
v -0.03034459 -0.26366323 -0.12340330
v -0.05998896 -0.26365861 -0.12409781
v -0.04142467 -0.06887750 -0.09045120
v -0.06366625 -0.07055870 -0.09066433
v -0.06132290 -0.04758629 -0.09619994
v -0.03949371 -0.04486851 -0.09612109
v -0.10101564 0.09502297 -0.11333452
v -0.11845727 0.07890759 -0.10292888
v -0.03268701 0.10921184 0.12974469
v -0.03205745 0.12895617 0.12327208
v -0.04971278 0.13305001 0.12374227
v -0.04997751 0.11520269 0.13001245
v -0.31473780 0.20692153 -0.07916233
v -0.29271269 0.19279213 -0.07700752
v -0.29860398 0.18339489 -0.07179122
v -0.32299513 0.19172737 -0.07427691
v -0.17885371 -0.35624921 -0.03195979
v -0.15276343 -0.37293711 -0.06335946
v -0.15292461 -0.02418195 -0.03279563
v -0.13994010 -0.02020065 -0.05696577
v -0.13689956 -0.03951960 -0.05343124
v -0.15058395 -0.04320517 -0.03029618
v -0.16457711 0.02821615 -0.03435482
v -0.15992415 0.01180913 -0.03445272
v -0.16913244 0.04402779 -0.03421892
v -0.21817909 0.14002801 -0.05112520
v -0.22010882 0.13596919 -0.04173322
v -0.23213214 0.14893535 -0.04402278
v -0.04259059 -0.43463930 0.10915167
v -0.04962604 -0.36004278 0.12734887
v -0.04268789 -0.34446302 0.13165106
v -0.00297330 -0.38227442 0.03694080
v -0.06455882 0.30659983 0.00898100
v -0.05937185 0.30285895 0.02678529
v -0.26261455 0.16386867 -0.02736858
v -0.27986160 0.16567504 -0.03224497
v -0.19823374 0.11502613 -0.02525777
v -0.19394463 0.11940882 -0.00846276
v -0.20480469 0.12737240 -0.01073225
v -0.20904368 0.12330357 -0.02679317
v -0.21002668 0.12267379 -0.04054184
v -0.19930586 0.11428315 -0.04059027
v -0.15299702 0.19680072 0.07188880
v -0.13923265 0.19973022 0.07438485
v -0.14096600 0.21754456 0.06522937
v -0.15449719 0.21540968 0.06399268
v -0.12518308 0.20005015 0.07705022
v -0.10930568 0.19993018 0.08021224
v -0.11136511 0.21816896 0.06915499
v -0.12690510 0.21860789 0.06673488
v -0.08210085 0.26999497 0.03108187
v -0.06513517 0.26190332 0.04787976
v -0.04528187 0.25503758 0.05837391
v -0.02713450 0.25121555 0.06564821
v -0.01914438 0.28036195 -0.08138944
v -0.01797146 0.26829398 -0.08678629
v -0.03586103 0.27208138 -0.08701967
v -0.04069878 0.28495353 -0.07969858
v -0.05162609 0.28866735 0.03890640
v -0.03547437 0.28445876 0.05178166
v -0.02254144 0.27033657 0.05971414
v -0.36088592 0.25976008 -0.00450643
v -0.33486593 0.25923279 -0.00466265
v -0.06502290 0.31809056 -0.02603352
v -0.06714821 0.31281242 -0.00833441
v -0.33670521 0.26559600 -0.02332859
v -0.36283910 0.26573673 -0.02291745
v -0.12859644 0.25990987 0.03765851
v -0.12669526 0.28015217 0.01702761
v -0.14054146 0.26277655 0.03912916
v -0.04829147 0.29913953 0.04247876
v -0.03346688 0.29512903 0.05514229
v -0.18958902 -0.32927620 0.02110845
v -0.18125558 -0.34104246 0.05672304
v -0.15555267 -0.07183620 0.05288452
v -0.16051359 -0.06786475 0.02625990
v -0.02690089 -0.03852078 0.16527498
v -0.02689926 -0.06282172 0.16923277
v -0.00571607 0.30186197 0.06972734
v -0.05286806 -0.11299136 0.16808642
v -0.02924507 -0.11747845 0.17272374
v -0.02780168 -0.08895145 0.17174985
v -0.05111903 -0.08673899 0.16550806
v -0.02107237 -0.14592856 0.17196484
v -0.01922010 -0.15972549 0.17090319
v -0.02257025 -0.33176994 0.14585716
v -0.01241059 -0.33213344 0.15023936
v -0.26824123 0.23379371 0.02701135
v -0.25062269 0.23533374 0.03078151
v -0.24774997 0.25561729 0.02341456
v -0.26630619 0.25273842 0.01837963
v -0.07356339 -0.10984772 0.15722837
v -0.09331548 -0.10772119 0.14034121
v -0.17366512 0.13879256 0.04514665
v -0.17448324 0.12943426 0.02800433
v -0.02270850 0.05395150 0.13655110
v -0.06624731 0.12001117 0.12888047
v -0.06661892 0.13558522 0.12257810
v -0.08286587 0.13689716 0.11968523
v -0.08185343 0.12242217 0.12599385
v -0.00255821 -0.38416779 0.03061933
v -0.25040069 0.24461082 -0.07315618
v -0.23758952 0.24124375 -0.07559173
v -0.24072085 0.23058653 -0.07849186
v -0.25375119 0.23555915 -0.07624470
v -0.00089479 -0.42541772 0.04009676
v -0.00195685 -0.44153377 0.02757273
v -0.01646348 -0.37498042 -0.05419911
v -0.00503860 -0.37465048 -0.03495528
v -0.06536374 -0.49453706 0.10920811
v -0.06865201 -0.46355835 0.11655426
v -0.06251395 -0.52650857 0.10076232
v -0.05949506 -0.55743515 0.09230065
v -0.06264728 -0.74949753 0.02754821
v -0.07397572 -0.77841669 0.02758226
v -0.07993701 -0.87244046 0.01238991
v -0.08116494 -0.90826988 0.00768959
v -0.08309598 -0.94697785 0.00358817
v -0.08543563 -0.98698604 -0.00190869
v -0.08724681 -1.02531600 -0.00307401
v -0.36532077 0.26469216 -0.04111233
v -0.33796963 0.26540235 -0.04322777
v -0.34206843 0.25666910 -0.05780511
v -0.36896217 0.25763288 -0.05587637
v -0.31908548 0.17315237 -0.02450329
v -0.31594875 0.18058775 -0.00954094
v -0.33959892 0.18163660 -0.01096253
v -0.34195474 0.17574766 -0.02609986
v -0.36651179 0.17765258 -0.02715678
v -0.36957699 0.17726767 -0.04129723
v -0.34454134 0.17354821 -0.04050858
v -0.37399337 0.20392129 -0.07173029
v -0.37312287 0.21817185 -0.07528972
v -0.34600741 0.21383312 -0.07700586
v -0.34917629 0.19863616 -0.07338252
v -0.37146732 0.24652134 -0.06717625
v -0.34552535 0.24459581 -0.06814240
v -0.34656566 0.23020481 -0.07503209
v -0.37293801 0.23268236 -0.07397797
v -0.36088941 0.20094360 0.01375913
v -0.36218259 0.19007859 0.00191111
v -0.33684647 0.18977228 0.00345392
v -0.33548248 0.20085631 0.01545004
v -0.24640311 0.27291554 0.00711742
v -0.26565024 0.26824024 0.00302954
v -0.20521124 0.17215399 0.03268359
v -0.20758878 0.18940438 0.04486967
v -0.22080475 0.19273230 0.03895519
v -0.21875116 0.17835982 0.02626599
v -0.30826387 0.24731165 0.01262443
v -0.28622654 0.24945940 0.01533258
v -0.28637654 0.26344869 -0.00066610
v -0.30975291 0.26014319 -0.00364195
v -0.31075293 0.20019946 0.01797600
v -0.31281015 0.18971083 0.00540681
v -0.28962135 0.18853159 0.00820430
v -0.28794035 0.19877499 0.02145343
v -0.32413572 0.17942132 -0.06496385
v -0.30007935 0.17281295 -0.06167500
v -0.25287834 0.21415012 0.03373592
v -0.26978028 0.21374933 0.02997518
v -0.16692793 0.12843023 0.04793068
v -0.18146144 0.10391873 -0.00355277
v -0.18651362 0.11240543 -0.00609314
v -0.12967648 0.07486705 0.10339060
v -0.13106771 0.08965860 0.10612952
v -0.16629997 0.06756878 0.03313692
v -0.16891035 0.08398760 0.02496602
v -0.13764085 0.08046501 0.09574597
v -0.13618104 0.09037523 0.10005730
v -0.09361239 0.00663287 0.12513103
v -0.02396442 0.26043802 0.06045306
v -0.28705516 0.23206069 0.02412013
v -0.28704631 0.21374463 0.02677862
v -0.27421764 0.18377587 -0.07321572
v -0.25778931 0.17712615 -0.06886835
v -0.25986663 0.16901447 -0.06170568
v -0.27731001 0.17519675 -0.06687035
v -0.13895176 0.11841568 -0.10301342
v -0.12083024 0.10719701 -0.10866314
v -0.13407481 0.09338581 -0.09815513
v -0.14961308 0.10621512 -0.09335426
v -0.25053236 0.26100457 -0.06240647
v -0.25445440 0.26901326 -0.05252565
v -0.23753153 0.27093369 -0.05262500
v -0.23609014 0.26112935 -0.06363089
v -0.24021032 0.27886233 -0.03690857
v -0.25932351 0.27519998 -0.03761195
v -0.26378718 0.27581102 -0.01804885
v -0.24383666 0.28069136 -0.01562055
v -0.17507093 -0.28702918 -0.02960051
v -0.18509988 -0.29052213 -0.00096569
v -0.14354819 -0.16203359 0.08304701
v -0.12704088 -0.17008194 0.10247865
v -0.10183212 -0.26475054 0.11487959
v -0.02771095 -0.39183104 0.11047085
v -0.01198363 -0.39989313 0.08619044
v -0.00486298 -0.46584615 0.01612264
v -0.18827933 -0.29583159 0.02724986
v -0.01009049 -0.49607974 0.00614359
v -0.01692670 -0.52765393 -0.00241032
v -0.06672183 -0.52198333 -0.06098443
v -0.09415924 -0.52319163 -0.06434660
v -0.09130286 -0.49181184 -0.06545850
v -0.06068533 -0.48832807 -0.06164917
v -0.12133375 -0.52593201 -0.05773918
v -0.12081695 -0.49545178 -0.05892686
v -0.10786026 -0.62207484 0.08473546
v -0.10471786 -0.85615009 -0.09087534
v -0.12625536 -0.89453578 -0.08390506
v -0.12742417 -0.85486537 -0.08711116
v -0.10559477 -0.89458537 -0.08813272
v -0.14701140 -0.85569829 -0.07366669
v -0.14661926 -0.81960237 -0.07120422
v -0.15225956 -0.90441293 0.00092834
v -0.10607955 -0.93397647 -0.08259701
v -0.12454517 -0.93530262 -0.07909503
v -0.14468089 -0.89482677 -0.07232128
v -0.14043215 -0.93602228 -0.06904253
v -0.00247681 -0.41435528 0.05186833
v -0.16566594 -0.38783270 0.09109446
v -0.16350283 -0.35572380 0.09263715
v -0.10595018 -0.34470326 0.12294532
v -0.07700431 -0.36011457 0.12749301
v -0.11114883 -0.08294224 0.11681139
v -0.12907963 -0.08035090 0.09767611
v -0.12748393 -0.03603132 0.09393393
v -0.14240390 -0.03368278 0.07335861
v -0.14341916 -0.05501733 0.07474030
v -0.12819619 -0.05854207 0.09552386
v -0.15959689 -0.02943164 0.02274310
v -0.15968540 -0.02724087 -0.00571949
v -0.15829451 -0.04625770 -0.00357322
v -0.15920796 -0.04882904 0.02431383
v -0.15935449 -0.06447274 -0.00124347
v -0.15098535 -0.06141504 -0.02717705
v -0.08295846 -0.02716589 -0.09571075
v -0.10280704 -0.03112220 -0.08557428
v -0.10495376 -0.00904677 -0.09006141
v -0.08479689 -0.00339801 -0.09990200
v -0.03255611 -0.33479235 0.13856828
v -0.00486505 -0.40021098 0.06525723
v -0.07169889 -0.43434033 0.12236227
v -0.10600726 -0.40351996 0.12909105
v -0.13901974 -0.39873180 0.11790457
v -0.25955245 0.16889040 -0.01385197
v -0.17512606 0.14509740 -0.08495621
v -0.17936799 0.13229875 -0.07996698
v -0.28018907 0.27070445 -0.04024660
v -0.28500938 0.27105224 -0.02089467
v -0.26850590 0.19704573 0.02580125
v -0.23242708 0.25868365 0.02771018
v -0.23516232 0.23638792 0.03585089
v -0.22047478 0.23935734 0.04082588
v -0.12994292 -0.27523908 0.10224191
v -0.15824576 -0.28933981 0.08763939
v -0.13270304 -0.30171981 0.10591483
v -0.00242107 -0.37720177 -0.01523721
v -0.05074424 -0.37712419 0.12492921
v -0.02247898 -0.55850500 -0.00897548
v -0.02684609 -0.58794576 -0.01501495
v -0.02997218 -0.61627948 -0.02138439
v -0.03301693 -0.64441890 -0.02719055
v -0.03665468 -0.67292029 -0.03281520
v -0.04353757 -0.70165133 -0.03737566
v -0.05179986 -0.73171401 -0.03866809
v -0.05542665 -0.76245815 -0.04424667
v -0.04451593 -0.83058804 -0.04236587
v -0.05084524 -0.82817996 -0.06015944
v -0.05333268 -0.79422188 -0.05367897
v -0.05007293 -0.86335754 -0.06453971
v -0.05299052 -0.89893037 -0.06401169
v -0.06132194 -0.93648458 -0.06053177
v -0.06649487 -0.97545427 -0.05803683
v -0.06932608 -1.01407635 -0.05649624
v -0.00234689 -0.37722313 0.01392397
v -0.00238701 -0.37727758 0.00064538
v -0.11524876 0.25652894 0.03655484
v -0.18758228 0.12799382 0.00856401
v -0.19805042 0.13534576 0.00514976
v -0.25194269 0.19600871 0.03002461
v -0.32111534 0.24167430 -0.07061994
v -0.31613684 0.25444579 -0.06158331
v -0.26873919 0.18699393 0.01181208
v -0.20605414 0.15873502 0.01846388
v -0.21894903 0.16846478 0.01402931
v -0.57644057 0.26495293 -0.02538456
v -0.57442272 0.26906100 -0.04003248
v -0.59617257 0.26524758 -0.03876404
v -0.59756345 0.26021200 -0.02533432
v -0.57736677 0.25492144 -0.01425818
v -0.59803408 0.25012738 -0.01591659
v -0.57490462 0.18880685 -0.03165941
v -0.57442564 0.19880335 -0.01922608
v -0.59554553 0.19895001 -0.02441716
v -0.59589446 0.19026285 -0.03720119
v -0.61766791 0.23377311 -0.01324494
v -0.61661518 0.22108051 -0.01426249
v -0.59640920 0.22337160 -0.01056053
v -0.59756362 0.23744649 -0.01092261
v -0.57342130 0.19065735 -0.06551407
v -0.57129908 0.20130283 -0.07717311
v -0.55060828 0.19716917 -0.07401773
v -0.55304545 0.18724523 -0.06071234
v -0.48670611 0.19499607 -0.00723168
v -0.48943740 0.18403798 -0.01888742
v -0.47106043 0.18580070 -0.01212405
v -0.46849495 0.19767861 -0.00203430
v -0.53283697 0.27390409 -0.02486190
v -0.52979696 0.27479041 -0.04137943
v -0.55224979 0.27229238 -0.04073636
v -0.55482703 0.26950285 -0.02485262
v -0.53234011 0.23368056 -0.00056575
v -0.53069407 0.21695302 -0.00380467
v -0.50738043 0.22095399 -0.00135522
v -0.50872934 0.23816830 0.00135874
v -0.51016438 0.27756545 -0.02599173
v -0.50737691 0.27528757 -0.04230177
v -0.57582879 0.22651854 -0.00669358
v -0.57450795 0.21165681 -0.01101014
v -0.55300778 0.21401247 -0.00681495
v -0.55465102 0.23001176 -0.00329910
v -0.61442053 0.19897163 -0.07001166
v -0.61297154 0.20954496 -0.07909513
v -0.59215170 0.20559479 -0.07878937
v -0.59394836 0.19474518 -0.06851634
v -0.61600864 0.20967107 -0.01991010
v -0.61608922 0.19981343 -0.02900612
v -0.59544843 0.21048330 -0.01576004
v -0.61478460 0.25810483 -0.06418984
v -0.61624521 0.26218426 -0.05124468
v -0.59412169 0.26500893 -0.05358479
v -0.59218115 0.25910133 -0.06722306
v -0.53124452 0.18953362 -0.01957055
v -0.53033173 0.20154229 -0.00944372
v -0.55271393 0.19954948 -0.01391372
v -0.55333120 0.18861966 -0.02567689
v -0.53415018 0.26513907 -0.01075986
v -0.55608076 0.25996429 -0.01250034
v -0.56959558 0.25924614 -0.06936795
v -0.57182443 0.26737288 -0.05552079
v -0.54908878 0.26829967 -0.05653279
v -0.54685265 0.25836974 -0.07058407
v -0.52420533 0.24067363 -0.08039098
v -0.52487922 0.22328110 -0.08141445
v -0.54615200 0.22769327 -0.08296460
v -0.54582989 0.24416602 -0.08017045
v -0.50860924 0.19204211 -0.01370533
v -0.51063681 0.18273334 -0.02731731
v -0.53233081 0.18438043 -0.05431858
v -0.53006095 0.19310220 -0.06931402
v -0.50982219 0.18915187 -0.06314914
v -0.51164752 0.18154676 -0.04613317
v -0.46802151 0.26155910 -0.00170844
v -0.46845686 0.27390200 -0.01401536
v -0.48804188 0.27305317 -0.01144996
v -0.48697945 0.25976723 -0.00044074
v -0.48722875 0.27875155 -0.02818424
v -0.46727237 0.27788940 -0.03136289
v -0.43788308 0.26586449 -0.05044334
v -0.43715981 0.25368601 -0.05941541
v -0.44892171 0.25486395 -0.05769003
v -0.45053670 0.26810434 -0.04905989
v -0.48370755 0.23008370 -0.08063563
v -0.48425156 0.21208489 -0.07663916
v -0.50422555 0.21808413 -0.07939821
v -0.50339192 0.23603961 -0.08099463
v -0.47050926 0.19112015 -0.06317774
v -0.47412476 0.18088025 -0.04824194
v -0.49081433 0.18471187 -0.05575341
v -0.48723495 0.19662997 -0.06859185
v -0.41258618 0.18379329 -0.04371846
v -0.41106540 0.18117261 -0.03023850
v -0.42894197 0.18076058 -0.03167035
v -0.42983171 0.18448111 -0.04577132
v -0.42415461 0.19031875 -0.00288993
v -0.40670493 0.19021650 -0.00160827
v -0.40617201 0.20100027 0.00936461
v -0.42335221 0.20141938 0.00733813
v -0.41061491 0.26220056 -0.00623084
v -0.41104832 0.26965305 -0.02376126
v -0.42535096 0.27196854 -0.02201689
v -0.42573538 0.26329365 -0.00583191
v -0.46739915 0.22418067 -0.07969429
v -0.46540520 0.20564438 -0.07404102
v -0.43955541 0.18928866 -0.00474776
v -0.43828622 0.20070091 0.00482592
v -0.45259508 0.19959854 0.00142770
v -0.45468003 0.18768778 -0.00777076
v -0.43620479 0.23092914 0.00664203
v -0.43783277 0.24727106 0.00314043
v -0.45138612 0.24612793 0.00283835
v -0.45088571 0.22935009 0.00385891
v -0.43846238 0.26299465 -0.00451570
v -0.43821388 0.27315164 -0.01983962
v -0.45238435 0.27358156 -0.01673708
v -0.45240524 0.26234910 -0.00297414
v -0.45656744 0.22173879 -0.07823364
v -0.45555210 0.23504572 -0.07430543
v -0.44670349 0.23108010 -0.07361513
v -0.44779542 0.21813183 -0.07627758
v -0.45706949 0.18679091 -0.05623958
v -0.45924717 0.17936024 -0.04099135
v -0.46681735 0.22717911 0.00136217
v -0.46740019 0.21193455 0.00206820
v -0.45182696 0.21368399 0.00596147
v -0.45177275 0.27601305 -0.03426915
v -0.41417870 0.19008815 -0.05474221
v -0.41449943 0.19802082 -0.06456055
v -0.39743516 0.19556049 -0.06356890
v -0.39681795 0.18695568 -0.05416730
v -0.39503703 0.18146448 -0.04274229
v -0.39250141 0.18009415 -0.02891812
v -0.38731918 0.19036530 0.00012105
v -0.38622484 0.20134422 0.01153729
v -0.38562956 0.21561226 0.01784627
v -0.38508421 0.23177116 0.01760726
v -0.40607369 0.23175335 0.01434538
v -0.40633562 0.21546653 0.01513378
v -0.38694486 0.26047975 -0.00494488
v -0.38854167 0.26672980 -0.02313936
v -0.41160953 0.26807126 -0.03978537
v -0.39126110 0.26541609 -0.04038566
v -0.44219252 0.18128622 -0.01879543
v -0.42667985 0.18298124 -0.01649670
v -0.56789678 0.24665546 -0.07981357
v -0.56783295 0.23113848 -0.08353537
v -0.58976650 0.23385641 -0.08273366
v -0.59033370 0.24808703 -0.07772817
v -0.61182648 0.22249982 -0.08235106
v -0.59044772 0.21929190 -0.08321501
v -0.57710057 0.24168865 -0.00769856
v -0.55606592 0.24581155 -0.00506392
v -0.61819369 0.24599841 -0.01708936
v -0.46721733 0.24398091 0.00197457
v -0.48560897 0.24212568 0.00199691
v -0.43697092 0.24126819 -0.06778517
v -0.42579803 0.25186691 -0.06101628
v -0.42632410 0.23957984 -0.06933263
v -0.46672598 0.24122757 -0.07384316
v -0.48351228 0.24791536 -0.07256307
v -0.48355505 0.26090375 -0.05689677
v -0.46310008 0.25454322 -0.05920823
v -0.43898210 0.21485706 -0.07356771
v -0.43774378 0.22822848 -0.07304282
v -0.42698908 0.22593710 -0.07302863
v -0.42793703 0.21233457 -0.07201900
v -0.40860364 0.24817364 0.00703565
v -0.42452216 0.24789029 0.00452998
v -0.39552832 0.24781735 -0.06547159
v -0.41229659 0.24985871 -0.06282609
v -0.41228974 0.26015630 -0.05226424
v -0.39470679 0.25781918 -0.05449650
v -0.42568508 0.26294267 -0.05117461
v -0.39582059 0.23489660 -0.07229889
v -0.41267675 0.23762111 -0.07070173
v -0.38552159 0.24791247 0.00999013
v -0.41366711 0.20996657 -0.07119486
v -0.41325220 0.22381036 -0.07320505
v -0.39617908 0.22099029 -0.07395019
v -0.39667937 0.20704746 -0.07075076
v -0.56911087 0.21572648 -0.08280071
v -0.54789597 0.21171637 -0.08076023
v -0.47402614 0.17851704 -0.02893432
v -0.49167594 0.17901525 -0.03703478
v -0.45761877 0.17955275 -0.02273047
v -0.57493806 0.18545970 -0.04871213
v -0.59544557 0.18890166 -0.05349889
v -0.53246826 0.18229142 -0.03534665
v -0.55393183 0.18333718 -0.04241255
v -0.52509695 0.25622109 -0.07098799
v -0.44240668 0.19297476 -0.06136364
v -0.44422838 0.18493554 -0.04997203
v -0.45339438 0.19645531 -0.06757738
v -0.38897273 0.18292597 -0.01378947
v -0.40882120 0.18353651 -0.01547803
v -0.45645529 0.21050997 -0.07689431
v -0.36364794 0.18167278 -0.01194768
v -0.46524492 0.27059764 -0.04745702
v -0.43800735 0.27378440 -0.03671994
v -0.42559731 0.27117288 -0.03833324
v -0.61754268 0.26150969 -0.03710098
v -0.53387409 0.25049281 -0.00239033
v -0.48453629 0.22517695 0.00009716
v -0.48525634 0.20908791 -0.00197269
v -0.44049838 0.20247610 -0.06992768
v -0.42904976 0.19991748 -0.06671863
v -0.42976621 0.19141078 -0.05714093
v -0.42249799 0.23199758 0.01047972
v -0.42324039 0.21573599 0.01239245
v -0.61567104 0.19284773 -0.05661757
v -0.43740535 0.21499880 0.00924884
v -0.48520961 0.27378151 -0.04397297
v -0.01740479 0.21912806 -0.10356129
v -0.16192868 0.05196106 0.04162808
v -0.12361824 0.02604370 0.09513918
v -0.13869207 0.02925477 0.07763138
v -0.17485163 0.11084002 0.01470211
v -0.18013060 0.12065533 0.01158940
v -0.21153261 0.14724731 0.00283109
v -0.22362916 0.15908523 -0.00118645
v -0.16241057 0.09171012 0.04386444
v -0.07861754 0.46323976 -0.00721793
v -0.07743055 0.45576179 -0.01047960
v -0.08007249 0.47735378 -0.00629714
v -0.01887062 -0.13089420 0.17137384
v -0.07710019 0.44759816 0.00479155
v -0.07509288 0.43920648 0.00189889
v -0.08011129 0.44315365 0.00390242
v -0.07659289 0.44872436 0.00670532
v -0.07674450 0.44995219 0.00717850
v -0.08025978 0.47962204 0.00435228
v -0.07572714 0.44666940 -0.01107115
v -0.07386000 0.43719885 -0.00952774
v -0.07882184 0.46537611 0.00985972
v -0.05110027 -0.14165583 -0.08418920
v -0.02675793 -0.14359878 -0.08300310
v -0.02853955 -0.16202866 -0.08912284
v -0.05412872 -0.16051228 -0.08793074
v -0.03049099 -0.17979993 -0.09725378
v -0.14647631 -0.21036302 -0.06752621
v -0.16309278 -0.20727821 -0.04386213
v -0.15852687 -0.18643941 -0.04152777
v -0.14287338 -0.18879744 -0.06410486
v -0.16543083 -0.16969593 -0.01640266
v -0.15424605 -0.16841115 -0.04018335
v -0.16979736 -0.18651260 -0.01576399
v -0.17477553 -0.19101635 0.01248978
v -0.16994429 -0.17337191 0.01096826
v -0.17279895 -0.19966543 0.03980727
v -0.16705409 -0.18086576 0.03797489
v -0.16477820 -0.20990950 0.06450023
v -0.14954586 -0.22065961 0.08534907
v -0.12880760 -0.25186744 0.10146911
v -0.10362929 -0.24078527 0.11627678
v -0.12788123 -0.23128310 0.10219850
v -0.05680160 -0.25450552 0.13714010
v -0.07919460 -0.24903429 0.12788892
v -0.01975994 -0.26083630 0.14900339
v -0.03732006 -0.25828093 0.14418088
v -0.11317285 0.23705037 0.05571823
v -0.08709645 0.29789275 -0.05598726
v -0.09538294 0.29386252 -0.05616786
v -0.10414111 0.29941556 -0.03376621
v -0.11700808 0.24024962 -0.09749151
v -0.11746170 0.25883070 -0.08566400
v -0.09729125 0.25056353 -0.09639993
v -0.09626472 0.23275587 -0.10411674
v -0.07729233 0.28892270 -0.07059324
v -0.07325309 0.29174936 -0.06968888
v -0.08224203 0.28419864 -0.07295487
v -0.05072135 0.26681465 -0.09019995
v -0.06737488 0.27497885 -0.08464449
v -0.14638677 0.29064676 -0.03150021
v -0.14649728 0.27897254 -0.05525300
v -0.15744978 0.27829680 -0.04986681
v -0.15945312 0.28993496 -0.02721855
v -0.15013495 0.23121829 -0.09272942
v -0.15029998 0.21420068 -0.09722306
v -0.16307566 0.21832280 -0.09286464
v -0.16190597 0.23408188 -0.08808083
v -0.19828984 0.28869119 -0.01558927
v -0.19440740 0.28179657 -0.03867823
v -0.20813301 0.28225085 -0.03720007
v -0.21200652 0.28676850 -0.01456224
v -0.15981127 0.24932437 -0.07917381
v -0.08972301 0.11419502 -0.12046164
v -0.11047877 0.12295274 -0.11649609
v -0.12889922 0.13148384 -0.11038637
v -0.17060456 0.15868852 -0.08879380
v -0.15961261 0.15029997 -0.09372919
v -0.16473427 0.13614173 -0.09004606
v -0.18188855 0.16703786 -0.08509688
v -0.19345561 0.17160437 -0.08060147
v -0.22185907 0.21464324 0.04440358
v -0.20852739 0.21487936 0.05050775
v -0.20602620 0.24293989 0.04471003
v -0.22011900 0.17902963 -0.07294106
v -0.20616849 0.17245086 -0.07407574
v -0.20884953 0.16448398 -0.07016702
v -0.22274934 0.17289084 -0.06952566
v -0.13378288 0.29145950 -0.03498542
v -0.20769840 0.27074164 -0.05453726
v -0.19397114 0.26912129 -0.05556588
v -0.19421121 0.25634363 -0.06760655
v -0.20749609 0.25932530 -0.06596898
v -0.20904237 0.24607417 -0.07466762
v -0.19617750 0.24247727 -0.07702642
v -0.19749768 0.22890550 -0.08243863
v -0.21069036 0.23255758 -0.07985031
v -0.21843171 0.18684104 -0.07613227
v -0.20385021 0.18081181 -0.07780588
v -0.23023228 0.27694988 0.00936920
v -0.17377500 0.29027778 0.00509032
v -0.17453918 0.27741653 0.03023899
v -0.16159211 0.28106347 0.02714803
v -0.16062617 0.29230168 0.00104842
v -0.24542327 0.15906599 -0.02261657
v -0.24129647 0.16452810 -0.00797417
v -0.24721868 0.15541834 -0.03587681
v -0.21564621 0.14771649 -0.05967747
v -0.24701831 0.15690376 -0.04733246
v -0.23608573 0.19419815 0.03399390
v -0.23671237 0.21429054 0.03815503
v -0.17648968 0.25406015 0.04631583
v -0.16339955 0.25915191 0.04465310
v -0.22694150 0.28425235 -0.01494136
v -0.22328733 0.28099617 -0.03716461
v -0.23601606 0.18597782 -0.07411113
v -0.23863590 0.18049571 -0.07161102
v -0.25218120 0.18832469 -0.07497305
v -0.20291124 0.14014232 -0.06699672
v -0.21173449 0.15701313 -0.06571317
v -0.17186201 0.28959820 -0.02270029
v -0.22175336 0.27097932 -0.05415738
v -0.22177505 0.25974950 -0.06556399
v -0.18438314 0.23919459 -0.08013070
v -0.18207322 0.25323606 -0.07085658
v -0.17100398 0.25111094 -0.07499276
v -0.17317106 0.23642504 -0.08392278
v -0.22428614 0.23694406 -0.07830105
v -0.22691345 0.22502634 -0.08045708
v -0.17453261 0.22138014 -0.08832234
v -0.18565637 0.22473989 -0.08486068
v -0.23400281 0.19344157 -0.07695179
v -0.15168020 0.26282769 0.04170934
v -0.15401486 0.23927192 0.05403516
v -0.14130203 0.23952295 0.05327658
v -0.17996790 0.22752841 0.05599977
v -0.16619703 0.23451917 0.05559055
v -0.19479623 0.21913078 0.05451111
v -0.12861086 0.23810694 0.05380519
v -0.44997799 0.20618230 -0.07390201
v -0.25561056 0.18380335 -0.07299720
v -0.26921046 0.19051263 -0.07594965
v -0.26425678 0.19540192 -0.07756016
v -0.32039389 0.22583266 -0.07654752
v -0.00033653 0.38670766 0.12897494
v 0.00014893 0.39272577 0.13141327
v 0.00129705 0.41441134 0.13231987
v 0.00144581 0.41840661 0.13139252
v -0.44666985 0.24291633 -0.06660344
v -0.45463255 0.24435444 -0.06685361
v -0.50368106 0.25278208 -0.07145341
v -0.52686840 0.26764929 -0.05675317
v -0.50499254 0.26528648 -0.05670627
v -0.51117247 0.27036923 -0.01026685
v -0.51026565 0.25573197 -0.00053439
v -0.50731564 0.20494588 -0.00578547
v -0.50654346 0.20211312 -0.07357727
v -0.65935075 0.24929225 -0.02131754
v -0.65949321 0.25548482 -0.03233964
v -0.68091524 0.25284657 -0.02936015
v -0.68015313 0.24536981 -0.01944035
v -0.70053458 0.24237427 -0.01702188
v -0.69889426 0.23151030 -0.01412848
v -0.67921877 0.23488329 -0.01494388
v -0.69689047 0.22137594 -0.01753297
v -0.67763662 0.22398704 -0.01663481
v -0.69512200 0.21324973 -0.02459072
v -0.69489223 0.20771071 -0.03297136
v -0.67608702 0.20811506 -0.03015195
v -0.67639446 0.21487416 -0.02218036
v -0.65648299 0.20241521 -0.03647007
v -0.67635787 0.20341687 -0.03984722
v -0.67649102 0.20160326 -0.05095933
v -0.65652645 0.19875211 -0.04816528
v -0.69621992 0.21365879 -0.07111989
v -0.69632638 0.22252019 -0.07476987
v -0.67623848 0.22006090 -0.07627797
v -0.67621005 0.21018416 -0.07174287
v -0.65595376 0.23987108 -0.07498899
v -0.65508258 0.22842564 -0.07822708
v -0.67678034 0.23117223 -0.07608262
v -0.67763358 0.24214728 -0.07305619
v -0.69758171 0.24471012 -0.07268278
v -0.69933301 0.25203240 -0.06362011
v -0.67891693 0.25042590 -0.06584951
v -0.61816943 0.25605938 -0.02520320
v -0.63872367 0.25254676 -0.02367105
v -0.63850921 0.24222061 -0.01652612
v -0.65677500 0.21676745 -0.01950304
v -0.63683587 0.21886420 -0.01693441
v -0.63772619 0.23034106 -0.01441550
v -0.65773386 0.22707964 -0.01543678
v -0.61625856 0.19286674 -0.04173139
v -0.63632238 0.20107420 -0.03298365
v -0.63642192 0.19606142 -0.04521072
v -0.65644914 0.20860165 -0.02680663
v -0.63635188 0.20920263 -0.02351223
v -0.65597308 0.20034094 -0.06078918
v -0.67628163 0.20418073 -0.06237468
v -0.65939933 0.25719473 -0.04491922
v -0.65870869 0.25530285 -0.05739504
v -0.68033880 0.25437999 -0.05441340
v -0.68095070 0.25544918 -0.04196481
v -0.63593107 0.19693394 -0.05872790
v -0.63689780 0.25674254 -0.06089899
v -0.63792884 0.25957403 -0.04817242
v -0.65738845 0.24944185 -0.06807731
v -0.63554645 0.24894889 -0.07108338
v -0.70127010 0.25428516 -0.03913894
v -0.70154440 0.25067794 -0.02645937
v -0.63858318 0.25843081 -0.03479677
v -0.65548706 0.20651749 -0.07151902
v -0.65512466 0.21679814 -0.07749889
v -0.63392478 0.21313092 -0.07850288
v -0.63494384 0.20282750 -0.07083879
v -0.61189413 0.23587112 -0.08061931
v -0.63349068 0.22538589 -0.08039265
v -0.63399231 0.23772255 -0.07776710
v -0.69660693 0.23334782 -0.07506297
v -0.61314857 0.24860603 -0.07444248
v -0.78641981 0.20684545 -0.02887105
v -0.77633071 0.20338260 -0.02736015
v -0.78159517 0.20134991 -0.01674853
v -0.79131407 0.20552626 -0.01878481
v -0.75987345 0.19226997 -0.00888368
v -0.75056845 0.19656481 -0.00068684
v -0.76058322 0.19755766 0.00873799
v -0.76849234 0.19357949 0.00152167
v -0.79496366 0.20709330 -0.00950074
v -0.78571600 0.20199178 -0.00762203
v -0.79370481 0.21162383 -0.00283629
v -0.80291283 0.21929710 -0.00623171
v -0.80325538 0.21216500 -0.01053360
v -0.81152153 0.22322038 -0.00819950
v -0.79706633 0.23072682 -0.00856661
v -0.80989444 0.23254198 -0.01239290
v -0.79158825 0.24293135 -0.03509722
v -0.78889304 0.24364822 -0.04659195
v -0.80424857 0.24233976 -0.04695967
v -0.80659622 0.24103701 -0.03496854
v -0.79531509 0.23791435 -0.06739514
v -0.80097151 0.24057953 -0.05730216
v -0.78544921 0.24244927 -0.05604924
v -0.78110921 0.24011514 -0.06517460
v -0.78005266 0.20988959 -0.04458551
v -0.76931596 0.20780009 -0.04497185
v -0.77180743 0.20645043 -0.03773809
v -0.78198761 0.20906484 -0.03810795
v -0.78956556 0.21440858 0.00876758
v -0.78610903 0.22291163 0.00082721
v -0.79240352 0.21929416 -0.00093259
v -0.79153675 0.21088682 0.00694458
v -0.74293107 0.19964752 -0.05941476
v -0.73037285 0.20255353 -0.05758670
v -0.73089743 0.20292984 -0.04794462
v -0.74231648 0.20065281 -0.05088628
v -0.73490083 0.19898754 -0.01790039
v -0.72959381 0.20286976 -0.02608009
v -0.72376686 0.21326046 -0.01510875
v -0.73087394 0.21151732 -0.00929320
v -0.74170685 0.19689617 -0.00970741
v -0.73774850 0.20950104 -0.00291549
v -0.74708545 0.20788904 0.00439080
v -0.75804085 0.20665631 0.01290028
v -0.72927415 0.20599408 -0.06855561
v -0.73818535 0.20335269 -0.07225163
v -0.86419469 0.21558215 -0.01518405
v -0.86484957 0.21391478 -0.02119545
v -0.85879278 0.21421452 -0.02038814
v -0.85815305 0.21596009 -0.01429849
v -0.73736328 0.22386837 -0.08054241
v -0.73940784 0.23391181 -0.07731295
v -0.73167634 0.23350804 -0.07709952
v -0.73002940 0.22290848 -0.07822124
v -0.74711919 0.22470899 -0.08344161
v -0.74948591 0.23469381 -0.07769003
v -0.86676139 0.22872169 -0.01385798
v -0.86548167 0.22427151 -0.01099821
v -0.85932308 0.22551864 -0.01097497
v -0.86038786 0.22999039 -0.01417639
v -0.80072331 0.20828550 -0.01911267
v -0.79629523 0.20895271 -0.02860537
v -0.82022566 0.21068385 -0.02292666
v -0.80797786 0.21001734 -0.02796866
v -0.80990583 0.21039656 -0.01767983
v -0.81889731 0.21240476 -0.01604242
v -0.80060387 0.21122269 -0.04932406
v -0.78950620 0.21097009 -0.04916569
v -0.79354507 0.21101764 -0.04107698
v -0.80500668 0.21107581 -0.04165678
v -0.78645086 0.20761448 -0.06234967
v -0.79698569 0.20868121 -0.06294386
v -0.79553467 0.20667551 -0.07007647
v -0.78627551 0.20563973 -0.06897197
v -0.81867111 0.21201712 -0.05779117
v -0.82872319 0.21497127 -0.05864127
v -0.82701111 0.21536340 -0.06448765
v -0.81734067 0.21164599 -0.06381586
v -0.72365427 0.23383175 -0.07689735
v -0.72201788 0.22305317 -0.07674307
v -0.78596681 0.23011725 -0.08558877
v -0.78128839 0.22194842 -0.09158008
v -0.79121208 0.22032851 -0.09549261
v -0.79588193 0.22872697 -0.08912175
v -0.74252969 0.24188636 -0.06984499
v -0.73420769 0.24254750 -0.07034869
v -0.86795020 0.23095128 -0.01944545
v -0.86156362 0.23238489 -0.01981845
v -0.74924856 0.21982729 0.00199473
v -0.76061726 0.21679696 0.01112162
v -0.73960018 0.22228478 -0.00510779
v -0.73238146 0.22432195 -0.00954221
v -0.72482353 0.22639196 -0.01162165
v -0.81366372 0.21070401 -0.03359204
v -0.79032785 0.20988655 -0.03642766
v -0.77834719 0.20946576 -0.04960968
v -0.77406037 0.20192426 -0.08116946
v -0.76569736 0.20180877 -0.08083899
v -0.76931882 0.20109218 -0.07059670
v -0.77666873 0.20236714 -0.07339843
v -0.77962583 0.21185730 -0.09292002
v -0.78155112 0.20538025 -0.08848140
v -0.79067332 0.20560579 -0.09035669
v -0.78939664 0.21098027 -0.09571698
v -0.78701317 0.21719062 0.01283050
v -0.77931195 0.22331746 0.00484820
v -0.73686266 0.21274588 -0.07943886
v -0.72890759 0.21319284 -0.07570695
v -0.72120881 0.21463786 -0.07289652
v -0.75569659 0.20356219 -0.04865399
v -0.74213552 0.20071296 -0.04520322
v -0.74317306 0.19889659 -0.03818905
v -0.75716287 0.20312729 -0.04344023
v -0.76510835 0.19703354 -0.02520560
v -0.75208038 0.19304450 -0.02000887
v -0.77161068 0.19543152 -0.01413022
v -0.73034626 0.20273596 -0.03894601
v -0.72131717 0.20563860 -0.04627673
v -0.72094065 0.20598897 -0.03618034
v -0.72136945 0.20618689 -0.05673758
v -0.72134471 0.20920071 -0.06626329
v -0.71075898 0.20630419 -0.04488706
v -0.71020257 0.20748147 -0.03496793
v -0.71093524 0.20731306 -0.05568680
v -0.71134049 0.21035703 -0.06497466
v -0.71337432 0.24614303 -0.07166527
v -0.71198201 0.23462406 -0.07569690
v -0.72512901 0.24433480 -0.07106307
v -0.71270883 0.21822225 -0.01684933
v -0.72125304 0.20845661 -0.02545524
v -0.71093959 0.21123265 -0.02565756
v -0.71479529 0.22885282 -0.01299846
v -0.77440345 0.19528700 0.00909080
v -0.78036398 0.19580318 0.01534184
v -0.78602535 0.19795077 0.00985084
v -0.78147227 0.19816221 0.00348321
v -0.82011735 0.22533172 -0.01001054
v -0.81942868 0.21773647 -0.01085024
v -0.81113142 0.21550263 -0.01059493
v -0.75219446 0.19937176 -0.06539699
v -0.74776506 0.20228255 -0.07667117
v -0.82306594 0.21150155 -0.02905616
v -0.85264063 0.23088697 -0.01438758
v -0.85170239 0.22605360 -0.01097037
v -0.83840036 0.22612487 -0.01098921
v -0.83979809 0.23188923 -0.01447829
v -0.83318377 0.21609719 -0.03297327
v -0.83042091 0.21321979 -0.02731789
v -0.83908761 0.21363775 -0.02684093
v -0.84170330 0.21774077 -0.03168665
v -0.82303524 0.21307702 -0.07125210
v -0.81509942 0.21019001 -0.07092781
v -0.82128358 0.23555459 -0.03551967
v -0.81994283 0.23771305 -0.02307690
v -0.80787283 0.23953150 -0.02232551
v -0.79840249 0.21025904 -0.05647837
v -0.80870610 0.21072578 -0.05718665
v -0.80741918 0.20976841 -0.06345264
v -0.81742013 0.21160421 -0.03650916
v -0.82432371 0.21271631 -0.03436888
v -0.82183599 0.21283589 -0.04077005
v -0.81351542 0.21147655 -0.04185639
v -0.76941866 0.22396348 -0.08881138
v -0.76773852 0.21064281 -0.09026407
v -0.86446321 0.21953866 -0.01156959
v -0.85845351 0.22037522 -0.01094846
v -0.71152055 0.22360048 -0.07486401
v -0.71149772 0.21547820 -0.07133678
v -0.78741723 0.20971674 -0.05565462
v -0.79371214 0.23963660 -0.02218771
v -0.77670568 0.20801616 -0.05499003
v -0.81339723 0.22874059 -0.07833332
v -0.81309032 0.22166947 -0.08311412
v -0.82077718 0.22179200 -0.08085410
v -0.82153696 0.22872141 -0.07906142
v -0.85372734 0.21955946 -0.03090503
v -0.85216069 0.21513301 -0.02628813
v -0.86005408 0.21593806 -0.02660356
v -0.86129063 0.22032411 -0.03068769
v -0.82792324 0.21257836 -0.02159387
v -0.82670289 0.21424618 -0.01553498
v -0.83642107 0.21504828 -0.01512410
v -0.83723700 0.21280567 -0.02089884
v -0.82738084 0.21942124 -0.01156525
v -0.83715659 0.22011387 -0.01141103
v -0.85497701 0.22629645 -0.03194735
v -0.85472971 0.23200034 -0.02754601
v -0.84209710 0.23232603 -0.02875210
v -0.84339702 0.22530182 -0.03267286
v -0.76734948 0.24221480 -0.06330264
v -0.76417947 0.23889983 -0.07186166
v -0.77751166 0.23656744 -0.07444865
v -0.79073876 0.23439065 -0.07731716
v -0.80295044 0.23006144 -0.07954763
v -0.80823606 0.23613931 -0.06947401
v -0.77379942 0.23242268 -0.08205476
v -0.83194536 0.22609591 -0.03829068
v -0.83158910 0.23128402 -0.03158328
v -0.83069640 0.23228736 -0.03977848
v -0.77515954 0.20529096 -0.06271902
v -0.85082978 0.22055015 -0.01085330
v -0.73842323 0.24390422 -0.02328388
v -0.73932213 0.24930343 -0.03564439
v -0.74998617 0.24797627 -0.03666798
v -0.74765497 0.24168323 -0.02212290
v -0.85076231 0.21382828 -0.02023323
v -0.85047746 0.21552046 -0.01427954
v -0.81434613 0.21016000 -0.07803973
v -0.82133186 0.21324460 -0.07710642
v -0.82142186 0.21551946 -0.08136718
v -0.81572115 0.21327153 -0.08375435
v -0.76118344 0.23447298 -0.07935015
v -0.79899806 0.21848944 -0.09833156
v -0.80244678 0.22742605 -0.09270364
v -0.75212544 0.24098553 -0.07041438
v -0.75493139 0.24478818 -0.06158387
v -0.74502033 0.24688052 -0.06021623
v -0.81691766 0.23609413 -0.05816368
v -0.77083892 0.24423489 -0.05489264
v -0.75777328 0.24631533 -0.05311401
v -0.74677753 0.24834928 -0.05031246
v -0.73776537 0.25012359 -0.04899661
v -0.73622680 0.24838699 -0.05988145
v -0.85380787 0.23349869 -0.02042500
v -0.86235100 0.23118605 -0.02667996
v -0.72630996 0.25008693 -0.06005066
v -0.71450114 0.25214151 -0.06139802
v -0.71592903 0.25369707 -0.04956900
v -0.72819978 0.25188476 -0.04841549
v -0.76044345 0.24655846 -0.04374943
v -0.76236242 0.24568039 -0.03382552
v -0.77385324 0.24494159 -0.04585848
v -0.77687693 0.24417748 -0.03500114
v -0.81821692 0.24010433 -0.04708346
v -0.87763959 0.22526011 -0.02947230
v -0.86891294 0.22578098 -0.03015829
v -0.86797673 0.22039856 -0.03088569
v -0.87694031 0.22065365 -0.03065619
v -0.86225104 0.22621891 -0.03090516
v -0.86879349 0.23012154 -0.02599413
v -0.77895314 0.24022320 -0.02169850
v -0.83024544 0.21586514 -0.03996484
v -0.76207519 0.23845311 -0.01831317
v -0.78330290 0.23380002 -0.00799420
v -0.77163696 0.23159084 -0.00446851
v -0.74333698 0.23350669 -0.01070282
v -0.75327176 0.23003583 -0.00501174
v -0.72741061 0.23739457 -0.01541817
v -0.73527151 0.23556469 -0.01385841
v -0.71667284 0.23971927 -0.01597959
v -0.76453668 0.22549298 0.00429539
v -0.87224138 0.21446446 -0.01641163
v -0.87299240 0.21345544 -0.02259657
v -0.72952050 0.24580178 -0.02387859
v -0.71807855 0.24823090 -0.02451804
v -0.77760226 0.19641225 -0.00435879
v -0.76477730 0.20327394 -0.05993493
v -0.76630920 0.20593125 -0.05414794
v -0.75733536 0.20179968 -0.07952245
v -0.76162386 0.19992565 -0.06819463
v -0.71757132 0.25326318 -0.03680743
v -0.69563001 0.20484509 -0.04271260
v -0.69586813 0.20521453 -0.05350436
v -0.70055288 0.25421122 -0.05166643
v -0.87288535 0.21807031 -0.01241706
v -0.83223695 0.22156826 -0.06068464
v -0.83084345 0.22257559 -0.06336621
v -0.76819283 0.19801918 0.01555182
v -0.77642018 0.19841747 0.02066813
v -0.77895057 0.21114233 0.02332324
v -0.77635878 0.20414589 0.02373837
v -0.76688153 0.20540905 0.01958946
v -0.76968348 0.21402672 0.01842146
v -0.75504053 0.20273161 -0.05288323
v -0.75455320 0.20116560 -0.05829898
v -0.75781190 0.22498475 -0.08622421
v -0.75633395 0.21224967 -0.08755200
v -0.82840234 0.22626168 -0.01094988
v -0.82029778 0.23280573 -0.01425819
v -0.82921439 0.23226957 -0.01502466
v -0.84068143 0.23460405 -0.02129908
v -0.83347595 0.22142392 -0.03793406
v -0.83545929 0.22351947 -0.03396722
v -0.74667537 0.19588235 -0.02994829
v -0.76026410 0.20064798 -0.03559238
v -0.78749877 0.20361653 -0.00031791
v -0.79028779 0.20470901 0.00579499
v -0.81026828 0.21129960 -0.04956391
v -0.82965559 0.23484257 -0.05581201
v -0.82927841 0.23800330 -0.04718740
v -0.81937134 0.21235374 -0.04940955
v -0.87554818 0.22697525 -0.01406911
v -0.87422162 0.22241448 -0.01144775
v -0.82991308 0.23561005 -0.02257084
v -0.80550164 0.20800462 -0.07084065
v -0.82473534 0.23146190 -0.06324315
v -0.83158851 0.22888175 -0.05967729
v -0.79641491 0.21098915 -0.09680611
v -0.72968566 0.25106514 -0.03590648
v -0.86628115 0.21557316 -0.02757294
v -0.87462747 0.21535990 -0.02852973
v -0.87720907 0.22847304 -0.02568413
v -0.87629998 0.22930689 -0.01962362
v -0.74614251 0.21262154 -0.08390121
v -0.76772529 0.20746052 -0.04960755
v -0.69616121 0.20841502 -0.06352408
v -0.77373606 0.22107650 0.01266835
v -0.78306830 0.21651797 0.01897487
v -0.82789648 0.21416326 -0.04949649
v -0.80769819 0.22628345 -0.08620868
v -0.81737369 0.23487987 -0.07137231
v -0.82460326 0.23440215 -0.07312089
v -0.82909942 0.23272681 -0.06649558
v -0.83224207 0.22778352 -0.06480728
v -0.88413215 0.22776027 -0.02573603
v -0.88350886 0.22851968 -0.01976086
v -0.88308156 0.22612822 -0.01421427
v -0.88125914 0.22157624 -0.01195875
v -0.87922788 0.21751246 -0.01326386
v -0.88439459 0.22477774 -0.02930468
v -0.88329947 0.22038087 -0.03041173
v -0.88070059 0.21539655 -0.02842563
v -0.89009190 0.22391760 -0.02950962
v -0.89115971 0.22681881 -0.02583417
v -0.89651060 0.22289833 -0.01398776
v -0.89085472 0.22529811 -0.01460842
v -0.89424008 0.22573148 -0.01695329
v -0.89797080 0.22489643 -0.01659157
v -0.90244091 0.22396742 -0.01713176
v -0.90130103 0.22132771 -0.01507402
v -0.89358240 0.22693963 -0.02019335
v -0.89798754 0.22634484 -0.02066697
v -0.89782125 0.22580321 -0.02488286
v -0.90222502 0.22516406 -0.02543073
v -0.90270317 0.22572714 -0.02126670
v -0.89410734 0.22656618 -0.02374450
v -0.88971519 0.22775316 -0.01993303
v -0.90537047 0.22081095 -0.01752349
v -0.90557164 0.22342227 -0.01811500
v -0.90682352 0.22462578 -0.02156092
v -0.90782791 0.22170079 -0.02204992
v -0.88748378 0.22086662 -0.01254205
v -0.89433521 0.21946397 -0.01357656
v -0.90002561 0.21825583 -0.01545472
v -0.90449011 0.21783757 -0.01829515
v -0.89323044 0.21610172 -0.01541792
v -0.89913422 0.21569113 -0.01767690
v -0.90285367 0.21567033 -0.02019759
v -0.89313835 0.21372974 -0.01914088
v -0.89885432 0.21405606 -0.02070762
v -0.88436663 0.21408328 -0.01769239
v -0.88517189 0.21690620 -0.01388309
v -0.90164846 0.21471477 -0.02176082
v -0.90652037 0.21863531 -0.02297383
v -0.89675730 0.22477818 -0.02786110
v -0.90198070 0.22362582 -0.02806895
v -0.89605868 0.22248127 -0.02989871
v -0.90144640 0.22118427 -0.02955381
v -0.90638709 0.22278313 -0.02671534
v -0.90602988 0.22485113 -0.02515414
v -0.87802970 0.21416575 -0.01725372
v -0.87888646 0.21358724 -0.02331419
v -0.88489306 0.21327002 -0.02361507
v -0.89319670 0.21268399 -0.02457678
v -0.88630188 0.21536358 -0.02848138
v -0.88887858 0.21984220 -0.03046090
v -0.89511675 0.21925220 -0.03034844
v -0.89387983 0.21533051 -0.02896906
v -0.90046579 0.21829964 -0.02959054
v -0.89965510 0.21558221 -0.02815427
v -0.89936823 0.21400878 -0.02463204
v -0.90389395 0.21745782 -0.02758421
v -0.90554518 0.22001751 -0.02751464
v -0.90469557 0.21659335 -0.02381777
v -0.90238094 0.21595791 -0.02692020
v -0.90242690 0.21526051 -0.02430502
v -0.87185854 0.21904244 -0.04945983
v -0.87141097 0.21782126 -0.05526721
v -0.86355662 0.21831752 -0.05364615
v -0.86414361 0.21954726 -0.04793981
v -0.87256396 0.23202515 -0.04566386
v -0.87261915 0.22627047 -0.04356231
v -0.86538005 0.22758934 -0.04243490
v -0.86534441 0.23327199 -0.04485116
v -0.87177223 0.23469262 -0.05204519
v -0.86458319 0.23594676 -0.05148885
v -0.85677403 0.23395471 -0.04354533
v -0.85679275 0.22800487 -0.04130628
v -0.84203219 0.22679015 -0.04029238
v -0.84204489 0.23313473 -0.04153446
v -0.83907580 0.21698806 -0.05698665
v -0.84060562 0.22175436 -0.06034330
v -0.87244141 0.22171216 -0.04534486
v -0.86494178 0.22266714 -0.04404240
v -0.85499138 0.22292675 -0.06132067
v -0.85453218 0.21873356 -0.05782538
v -0.86363244 0.21952480 -0.05893268
v -0.86399609 0.22323586 -0.06250209
v -0.83971637 0.21756361 -0.04399159
v -0.83872056 0.21583803 -0.05046223
v -0.84125674 0.22172219 -0.04117692
v -0.85550827 0.22882365 -0.06223567
v -0.85588366 0.23437589 -0.05847295
v -0.84143412 0.23494992 -0.05652199
v -0.84163970 0.22882414 -0.06062637
v -0.85604733 0.22272177 -0.04281753
v -0.85420054 0.21745338 -0.05223514
v -0.85503316 0.21885574 -0.04643805
v -0.85599840 0.23657832 -0.05050227
v -0.86438006 0.23342945 -0.05930350
v -0.88163465 0.22776270 -0.06364130
v -0.87181443 0.22808959 -0.06328849
v -0.87158310 0.22302908 -0.06385233
v -0.88182288 0.22306845 -0.06478693
v -0.86435562 0.22835153 -0.06281476
v -0.87166971 0.23269269 -0.05945585
v -0.88257951 0.21809140 -0.05151225
v -0.88227361 0.21734039 -0.05739314
v -0.88296282 0.22050329 -0.04731961
v -0.84152073 0.23758049 -0.04848776
v -0.88260412 0.23034292 -0.04705625
v -0.88292444 0.22466306 -0.04554029
v -0.87138349 0.21906753 -0.06060738
v -0.88175476 0.21879740 -0.06244528
v -0.88142121 0.23179720 -0.05988279
v -0.88146168 0.23332551 -0.05297076
v -0.88951349 0.23067710 -0.06058342
v -0.88986385 0.23202355 -0.05425570
v -0.89089078 0.22939877 -0.04854272
v -0.89032537 0.22395271 -0.04714146
v -0.88959360 0.22023956 -0.04897570
v -0.88941079 0.22734454 -0.06409340
v -0.88900411 0.22326958 -0.06517736
v -0.88826436 0.21908338 -0.06319713
v -0.89683789 0.22676562 -0.06507324
v -0.89806384 0.22992924 -0.06193082
v -0.91148871 0.22574414 -0.05242756
v -0.90574700 0.22691226 -0.05066400
v -0.90635794 0.22882336 -0.05352769
v -0.91168314 0.22854969 -0.05426747
v -0.89932811 0.22887740 -0.05039191
v -0.90252429 0.22966450 -0.05345570
v -0.90186113 0.23059128 -0.05676460
v -0.90631390 0.23056991 -0.05768554
v -0.90555519 0.22961493 -0.06173519
v -0.91084045 0.22965014 -0.06290431
v -0.91187513 0.23080964 -0.05858246
v -0.90168154 0.23004566 -0.06036919
v -0.91559124 0.22833246 -0.05567671
v -0.91584849 0.22569944 -0.05569297
v -0.89729583 0.23135489 -0.05576767
v -0.89706028 0.22388069 -0.04840459
v -0.90426612 0.22304012 -0.04998863
v -0.91056007 0.22228134 -0.05289051
v -0.91503417 0.22241899 -0.05674085
v -0.90325338 0.21946488 -0.05219356
v -0.90969580 0.21948414 -0.05493639
v -0.91349763 0.22022678 -0.05819879
v -0.90257514 0.21710137 -0.05612988
v -0.90918690 0.21787144 -0.05809323
v -0.89416713 0.21769863 -0.05419723
v -0.89536518 0.22006480 -0.05014628
v -0.91218752 0.21909912 -0.05946849
v -0.91785908 0.22717884 -0.06034877
v -0.91690713 0.22391509 -0.06117430
v -0.91706413 0.23041868 -0.05930654
v -0.90452963 0.22795749 -0.06391837
v -0.91027659 0.22754388 -0.06495503
v -0.90382558 0.22613622 -0.06611165
v -0.91005605 0.22568829 -0.06667107
v -0.91542554 0.22774859 -0.06446842
v -0.91506368 0.22982672 -0.06307639
v -0.88882959 0.21802391 -0.05294826
v -0.88836610 0.21750325 -0.05833730
v -0.89360100 0.21687450 -0.05955457
v -0.90212923 0.21646722 -0.06143843
v -0.89364606 0.21885407 -0.06409233
v -0.89545202 0.22305821 -0.06596896
v -0.90280974 0.22284214 -0.06686118
v -0.90195411 0.21892889 -0.06550601
v -0.90913457 0.22274885 -0.06688282
v -0.90833521 0.21951744 -0.06574212
v -0.90845335 0.21751387 -0.06234412
v -0.91339993 0.22233920 -0.06545091
v -0.91495538 0.22511694 -0.06544540
v -0.91468990 0.22116458 -0.06186696
v -0.91177636 0.22018902 -0.06491780
v -0.91223609 0.21930966 -0.06228889
v -0.85996103 0.21867777 -0.07627232
v -0.85811675 0.21572669 -0.08094443
v -0.85178977 0.21646887 -0.07905302
v -0.85385668 0.21919031 -0.07442936
v -0.86069560 0.23072420 -0.07637759
v -0.86146861 0.22747059 -0.07428063
v -0.85515368 0.22820617 -0.07199688
v -0.85375011 0.23212062 -0.07393792
v -0.85919142 0.23204707 -0.08143245
v -0.85160202 0.23327924 -0.07946364
v -0.84677517 0.23275097 -0.07169662
v -0.84859383 0.22817560 -0.06969786
v -0.83819348 0.22743917 -0.06707845
v -0.83647174 0.23286526 -0.06885728
v -0.86130196 0.22315530 -0.07435197
v -0.85515529 0.22360758 -0.07224374
v -0.84209603 0.21815838 -0.08481552
v -0.84271449 0.21566622 -0.08164307
v -0.85028243 0.21641427 -0.08373687
v -0.84966755 0.21884125 -0.08675559
v -0.83453012 0.21746762 -0.06897471
v -0.83171004 0.21488813 -0.07345049
v -0.83709872 0.22193080 -0.06723227
v -0.84212750 0.22371474 -0.08628171
v -0.84245229 0.23037785 -0.08398207
v -0.83104229 0.22958957 -0.08121545
v -0.83020020 0.22267453 -0.08269723
v -0.84858418 0.22306573 -0.07011770
v -0.84448951 0.21541150 -0.07678377
v -0.84689873 0.21836710 -0.07217506
v -0.84403491 0.23384930 -0.07759982
v -0.84993404 0.22996153 -0.08558609
v -0.86723375 0.22373325 -0.09199948
v -0.85653085 0.22381051 -0.08982477
v -0.85632265 0.21850170 -0.08917765
v -0.86694497 0.21896954 -0.09196932
v -0.84951079 0.22389232 -0.08819083
v -0.85758364 0.22925963 -0.08711024
v -0.86926621 0.21766151 -0.07943496
v -0.86774004 0.21515670 -0.08403938
v -0.87048721 0.22175334 -0.07748117
v -0.83343458 0.23427305 -0.07509163
v -0.82971907 0.21672423 -0.08177944
v -0.87075055 0.22888616 -0.07912544
v -0.87106085 0.22574542 -0.07723751
v -0.85661894 0.21562146 -0.08596362
v -0.86667448 0.21554777 -0.08903073
v -0.86804461 0.22836904 -0.08921002
v -0.86926818 0.23066778 -0.08372253
v -0.87521839 0.22785805 -0.09109216
v -0.87652791 0.22975723 -0.08562042
v -0.87817204 0.22816373 -0.08097353
v -0.87793010 0.22462012 -0.07927709
v -0.87672400 0.22085348 -0.07972876
v -0.87459129 0.22343589 -0.09366038
v -0.87403846 0.21935841 -0.09336992
v -0.87292957 0.21588646 -0.09052040
v -0.87991452 0.22301817 -0.09525231
v -0.88172936 0.22698252 -0.09267548
v -0.89641398 0.22498111 -0.08530884
v -0.89139181 0.22561549 -0.08356681
v -0.89134073 0.22663391 -0.08592340
v -0.89611375 0.22665465 -0.08715577
v -0.88512766 0.22747578 -0.08293357
v -0.88761508 0.22758791 -0.08538558
v -0.88608772 0.22841829 -0.08834942
v -0.89050549 0.22822885 -0.08966640
v -0.88846421 0.22640276 -0.09338272
v -0.89309347 0.22624211 -0.09477168
v -0.89524841 0.22794479 -0.09100137
v -0.88523340 0.22753584 -0.09171294
v -0.89913201 0.22649103 -0.08870569
v -0.90000582 0.22475454 -0.08807494
v -0.88228327 0.22899021 -0.08726037
v -0.88374388 0.22379804 -0.08065972
v -0.89017206 0.22263446 -0.08222947
v -0.89587504 0.22195500 -0.08463456
v -0.89913917 0.22161315 -0.08796102
v -0.88856524 0.21925822 -0.08304648
v -0.89422822 0.21885251 -0.08545311
v -0.89714181 0.21879883 -0.08834746
v -0.88675618 0.21639736 -0.08525442
v -0.89258724 0.21668287 -0.08745298
v -0.88007623 0.21709217 -0.08337028
v -0.88195753 0.22008006 -0.08122507
v -0.89526135 0.21736774 -0.08907721
v -0.90022165 0.22491336 -0.09257676
v -0.89938003 0.22146362 -0.09289179
v -0.89902520 0.22736850 -0.09206089
v -0.88689518 0.22490157 -0.09538488
v -0.89203012 0.22426194 -0.09650920
v -0.88568735 0.22195834 -0.09643143
v -0.89136517 0.22162203 -0.09724874
v -0.89664215 0.22446500 -0.09611782
v -0.89659476 0.22632594 -0.09497451
v -0.87505186 0.21748216 -0.08174952
v -0.87340385 0.21545246 -0.08574891
v -0.87842500 0.21527104 -0.08712758
v -0.88552958 0.21478404 -0.08926139
v -0.87779188 0.21577680 -0.09164565
v -0.87897277 0.21910793 -0.09442039
v -0.88494641 0.21873637 -0.09579765
v -0.88454080 0.21569730 -0.09345197
v -0.89068145 0.21877399 -0.09658585
v -0.89045960 0.21616600 -0.09469356
v -0.89144027 0.21539187 -0.09100092
v -0.89486635 0.21891944 -0.09578081
v -0.89596695 0.22164874 -0.09650425
v -0.89726979 0.21872547 -0.09243634
v -0.89365602 0.21704429 -0.09458055
v -0.89491004 0.21692568 -0.09183971
v -0.82992429 0.21482462 -0.07825805
v -0.83366579 0.21226528 -0.10297883
v -0.83139062 0.20983289 -0.10554045
v -0.82713157 0.21045965 -0.10269321
v -0.82923400 0.21279092 -0.10017616
v -0.83462256 0.22335938 -0.10504536
v -0.83592039 0.22019564 -0.10238926
v -0.83118391 0.22108932 -0.09907318
v -0.82969546 0.22474381 -0.10172521
v -0.83152914 0.22311120 -0.10967226
v -0.82641131 0.22451033 -0.10663225
v -0.82396704 0.22507833 -0.09764847
v -0.82580543 0.22114491 -0.09503921
v -0.81731176 0.22096172 -0.08924542
v -0.81460732 0.22567743 -0.09129158
v -0.80219114 0.21078028 -0.09787837
v -0.80362618 0.20819983 -0.09396565
v -0.81089443 0.20860003 -0.09775273
v -0.80853111 0.21036293 -0.10125051
v -0.83539140 0.21602394 -0.10196855
v -0.83086878 0.21661863 -0.09879091
v -0.81776816 0.21069114 -0.10624485
v -0.82005352 0.20912118 -0.10288621
v -0.82499200 0.20967337 -0.10598930
v -0.82310450 0.21099322 -0.10927500
v -0.80677611 0.20773713 -0.08989998
v -0.81056404 0.20930421 -0.08597081
v -0.81577140 0.21158941 -0.09078796
v -0.81356198 0.20908242 -0.09416933
v -0.81728953 0.21539652 -0.08955237
v -0.81666964 0.21471326 -0.10807121
v -0.81768322 0.22046985 -0.10700238
v -0.80724031 0.22051370 -0.10188852
v -0.80734974 0.21449639 -0.10282326
v -0.82568282 0.21645707 -0.09528486
v -0.82236087 0.20988885 -0.09937478
v -0.82441574 0.21259333 -0.09648383
v -0.82037479 0.22520439 -0.10271320
v -0.82368690 0.22017328 -0.11033104
v -0.83347106 0.21305181 -0.11774009
v -0.82705814 0.21412268 -0.11410730
v -0.82731169 0.21017765 -0.11248329
v -0.83339179 0.20955516 -0.11632101
v -0.82238823 0.21478777 -0.11119120
v -0.82865411 0.21907580 -0.11321212
v -0.83977526 0.21140352 -0.10653673
v -0.83713335 0.20893054 -0.10911251
v -0.84130949 0.21498862 -0.10574856
v -0.81035948 0.22673313 -0.09678529
v -0.84104919 0.22167371 -0.10872834
v -0.84207457 0.21863776 -0.10630733
v -0.82913399 0.20900862 -0.10897344
v -0.83484912 0.20820177 -0.11288266
v -0.83513945 0.21770616 -0.11676297
v -0.83794862 0.22147121 -0.11303445
v -0.84053206 0.21687955 -0.11984179
v -0.84323651 0.22067717 -0.11604817
v -0.84612340 0.22058046 -0.11148362
v -0.84666151 0.21774773 -0.10886353
v -0.84530920 0.21423346 -0.10829081
v -0.83873862 0.21221943 -0.12066871
v -0.83842009 0.20932707 -0.11880175
v -0.83923399 0.20829332 -0.11530119
v -0.84357238 0.21201868 -0.12261416
v -0.84601271 0.21645537 -0.12218566
v -0.85973650 0.21624000 -0.11722521
v -0.85610759 0.21741229 -0.11512901
v -0.85565037 0.21810915 -0.11736766
v -0.85896653 0.21761148 -0.11881470
v -0.85097963 0.21927808 -0.11412831
v -0.85240161 0.21912418 -0.11662568
v -0.85033458 0.21907413 -0.11915791
v -0.85375029 0.21875651 -0.12051056
v -0.85180604 0.21657364 -0.12366617
v -0.85545599 0.21577999 -0.12532717
v -0.85750699 0.21842138 -0.12227067
v -0.84922415 0.21762511 -0.12195132
v -0.86147660 0.21752843 -0.12046751
v -0.86246961 0.21581052 -0.12000457
v -0.84747916 0.21974701 -0.11797503
v -0.85081941 0.21680278 -0.11130861
v -0.85581905 0.21549112 -0.11365651
v -0.86008865 0.21408540 -0.11653363
v -0.86225700 0.21307987 -0.11989705
v -0.85418391 0.21295722 -0.11322934
v -0.85869378 0.21182181 -0.11638599
v -0.86058617 0.21100113 -0.11954596
v -0.85208905 0.21037774 -0.11386257
v -0.85670888 0.20985416 -0.11693897
v -0.84699553 0.21096295 -0.11123940
v -0.84925503 0.21396098 -0.11056050
v -0.85897464 0.20993242 -0.11915021
v -0.86178094 0.21496886 -0.12403309
v -0.86143237 0.21224497 -0.12335441
v -0.86057258 0.21764985 -0.12390500
v -0.85017204 0.21436322 -0.12484451
v -0.85479307 0.21340436 -0.12645487
v -0.84855443 0.21137473 -0.12450731
v -0.85421330 0.21079792 -0.12591450
v -0.85877270 0.21372175 -0.12639274
v -0.85834962 0.21583383 -0.12600940
v -0.84343612 0.21103381 -0.10913656
v -0.84114999 0.20890859 -0.11162498
v -0.84464067 0.20862336 -0.11364239
v -0.84972793 0.20811762 -0.11606679
v -0.84306586 0.20787244 -0.11729030
v -0.84262222 0.20905824 -0.12071621
v -0.84817266 0.20876855 -0.12286116
v -0.84849852 0.20731637 -0.11966398
v -0.85393173 0.20877311 -0.12419080
v -0.85418355 0.20768766 -0.12159572
v -0.85519731 0.20827819 -0.11870544
v -0.85808533 0.20958868 -0.12381116
v -0.85866970 0.21128018 -0.12551129
v -0.86020774 0.21039824 -0.12208028
v -0.85736388 0.20864983 -0.12223968
v -0.85851687 0.20914660 -0.12073963
v -0.80206639 0.21424758 -0.09973820
v -0.79624194 0.21403836 0.02007524
v -0.79849541 0.21174681 0.01574211
v -0.79296899 0.19629237 0.01654008
v -0.79692614 0.20114297 0.01337848
v -0.78868020 0.19528697 0.02191824
v -0.78652918 0.20252840 0.02944994
v -0.78670859 0.19788870 0.02662963
v -0.79912126 0.20730589 0.01322194
v -0.79264724 0.21384992 0.02546104
v -0.78858984 0.20894933 0.02929081
v -0.80122697 0.21267730 0.03187232
v -0.79750705 0.20754933 0.03605334
v -0.79508203 0.20059717 0.03610212
v -0.79441607 0.19581243 0.03203557
v -0.79525572 0.19358784 0.02652077
v -0.80418164 0.21339937 0.02571780
v -0.80541641 0.21089761 0.02048781
v -0.80451429 0.20558737 0.01769041
v -0.81176955 0.21262592 0.03110651
v -0.81170565 0.21159789 0.03895961
v -0.81507146 0.19655250 0.04784890
v -0.81015992 0.19689809 0.04542413
v -0.81154591 0.20068860 0.04752250
v -0.81506813 0.20032108 0.05010963
v -0.80492014 0.19923395 0.04268949
v -0.80908835 0.20183815 0.04559703
v -0.81092978 0.20638175 0.04524908
v -0.81354493 0.20632350 0.04776310
v -0.81342787 0.20998336 0.04374451
v -0.81661195 0.21061301 0.04520486
v -0.81706280 0.20592143 0.05077933
v -0.81890291 0.20070879 0.05195125
v -0.82097828 0.20479254 0.05217698
v -0.82013053 0.19803876 0.05026962
v -0.80710065 0.20652941 0.04191040
v -0.80195183 0.19442953 0.03736360
v -0.80928010 0.19374134 0.04150147
v -0.81602859 0.19392399 0.04455525
v -0.82175350 0.19623502 0.04638942
v -0.81027830 0.19196112 0.03604273
v -0.81758231 0.19348435 0.03971704
v -0.82201445 0.19619028 0.04188842
v -0.81274647 0.19373976 0.03089911
v -0.81914288 0.19525273 0.03592182
v -0.80380350 0.19369397 0.02495045
v -0.80182028 0.19216231 0.03109458
v -0.82199204 0.19677036 0.03877632
v -0.82449591 0.20254943 0.05064508
v -0.82545495 0.20087868 0.04605031
v -0.81815493 0.21162309 0.04097401
v -0.81992126 0.21006890 0.04791743
v -0.82248574 0.21053517 0.04405476
v -0.81876177 0.21129087 0.03568130
v -0.82373935 0.20904374 0.03977266
v -0.82501376 0.20788901 0.04755431
v -0.82246608 0.20859309 0.05028338
v -0.79789841 0.19474617 0.02096972
v -0.80157977 0.19935535 0.01800904
v -0.80736035 0.19891632 0.02169001
v -0.81534976 0.19848195 0.02760047
v -0.81055516 0.20521596 0.02158885
v -0.81212348 0.21072827 0.02515692
v -0.81927001 0.20889656 0.03088873
v -0.81802845 0.20413260 0.02775525
v -0.82385439 0.20646307 0.03619169
v -0.82271469 0.20290171 0.03385850
v -0.82096392 0.19877312 0.03399578
v -0.82543069 0.20360333 0.03985289
v -0.82608140 0.20582333 0.04353683
v -0.82471466 0.19994441 0.04178927
v -0.82423174 0.20198356 0.03748414
v -0.82338345 0.19930942 0.03827664
v -0.79774976 0.20637192 -0.09196876
v -0.80073386 0.20552382 -0.08626828
v -0.79291183 0.20435354 -0.08432052
v -0.78353083 0.20288062 -0.08263632
v -0.77393621 0.20468982 -0.08712940
v -0.78535563 0.20374016 -0.07570033
v -0.79480594 0.20522425 -0.07770981
v -0.80531752 0.20701522 -0.07970943
v -0.77934325 0.20426430 -0.06829708
v -0.03862428 0.47286493 0.09876364
v -0.03550314 0.47405934 0.10059591
v -0.03787714 0.46653306 0.09846157
v -0.04045940 0.46672973 0.09673315
v -0.03069569 0.46686104 0.10106290
v -0.03508532 0.46627268 0.10039360
v -0.03075306 0.47481632 0.10173540
v -0.02531786 0.47457629 0.10144486
v -0.01758037 0.47056121 0.09903319
v -0.01589625 0.46921480 0.09925940
v -0.01677937 0.46826518 0.09985359
v -0.01904742 0.46817607 0.09996486
v -0.02274621 0.46768996 0.10097072
v -0.04324607 0.46910104 0.09389947
v -0.04235171 0.47038555 0.09499083
v -0.04078813 0.47168890 0.09682208
v -0.02664880 0.46728241 0.10135044
v -0.04232650 0.46726906 0.09496195
v -0.04324016 0.46798953 0.09389107
v -0.02081596 0.47326460 0.10010400
v -0.03098897 0.46927518 0.10112584
v -0.03495927 0.46897662 0.10011917
v -0.03113823 0.47217661 0.10143119
v -0.02632652 0.47221208 0.10152364
v -0.02063319 0.46936154 0.10029824
v -0.02313758 0.46947029 0.10100354
v -0.03797955 0.46864206 0.09845520
v -0.02682717 0.46953416 0.10139844
v -0.03540838 0.47155890 0.10028227
v -0.02234956 0.47149530 0.10086055
v -0.02007366 0.47050646 0.10000037
v -0.04250526 0.46897113 0.09453171
v -0.04251463 0.46853215 0.09453540
v -0.01503924 0.22222535 0.08160198
v -0.01580112 0.20666490 0.09015481
v -0.03826673 0.47080293 0.09848322
v -0.04164026 0.46847099 0.09545184
v -0.04012052 0.46852046 0.09681417
v -0.04028149 0.47013116 0.09674574
v -0.04169483 0.46949092 0.09537724
v -0.30910280 0.21446782 0.02389060
v -0.30841461 0.23153971 0.02213895
v -0.30976230 0.26697490 -0.02320769
v -0.30600253 0.26546997 -0.04634564
v -0.07282431 -0.08499770 0.15404341
v -0.12046330 -0.03547560 -0.07186326
v -0.12357707 -0.01510070 -0.07627872
v -0.03915795 -0.01967000 -0.10183571
v -0.06143978 -0.02342882 -0.10131459
v -0.15425053 -0.05171057 0.05091695
v -0.15366043 -0.03130064 0.04953189
v -0.11101751 -0.06070848 0.11451846
v -0.11123783 -0.03769291 0.11271871
v -0.14482234 -0.07611971 0.07675137
v -0.08567087 -0.07161560 -0.08690234
v -0.10625803 -0.07262893 -0.07866330
v -0.10265550 -0.05203941 -0.08084857
v -0.08303560 -0.04973552 -0.09081575
v -0.01806491 -0.01665460 -0.09623969
v -0.01844292 -0.04190305 -0.09047613
v -0.16088974 -0.00933136 0.02165641
v -0.16183120 -0.00796380 -0.00709598
v -0.14480948 -0.00122456 -0.05896443
v -0.12907313 0.00449199 -0.07923069
v -0.10993873 0.01232360 -0.09337438
v -0.08842158 0.02044077 -0.10306954
v -0.09446076 -0.01479342 0.12848234
v -0.07403805 0.00774807 0.13778235
v -0.15333770 -0.01035156 0.04920140
v -0.02664514 -0.01444070 0.15946673
v -0.06927335 0.05328783 -0.11301770
v -0.04337264 0.05779275 -0.11559296
v -0.15615474 -0.00516050 -0.03440020
v -0.03269741 0.16217051 0.10936735
v -0.05115617 0.16502681 0.10821476
v -0.05030602 0.14926536 0.11634985
v -0.03204923 0.14565365 0.11632946
v -0.06773554 0.15098836 0.11490951
v -0.08462754 0.15158804 0.11185179
v -0.10024846 0.15155691 0.10786544
v -0.13832043 0.14676970 0.09236142
v -0.12712687 0.14908002 0.09800667
v -0.15570872 0.13785593 0.07760873
v -0.14790531 0.14323787 0.08571962
v -0.16017638 0.12816441 0.06658639
v -0.16151956 0.11668913 0.05237538
v -0.16837990 0.11842967 0.03114008
v -0.16466650 0.10490971 0.03700747
v -0.15756361 0.10334204 0.05924430
v -0.15457264 0.11511617 0.07237658
v -0.14989217 0.12412009 0.08318838
v -0.01809251 0.07858123 0.13036624
v -0.01531695 0.10309519 0.12557171
v -0.01350985 0.23707515 0.07365254
v -0.52701211 0.20712391 -0.07774293
v -0.65871137 0.23868899 -0.01543653
v -0.01667638 0.25672358 -0.09129371
v -0.03355398 0.26132819 -0.09206966
v -0.08958843 0.27713901 -0.07787672
v -0.10406659 0.28835216 -0.05925336
v -0.06970687 0.26609969 -0.08961453
v -0.05119480 0.25697413 -0.09553159
v -0.14015652 0.00891084 0.07372910
v -0.03533103 0.22423872 -0.10632869
v -0.05265035 0.24514864 -0.10118449
v -0.07279684 0.25473154 -0.09642683
v -0.09439964 0.26632950 -0.08538251
v -0.11638818 0.27935922 -0.06649318
v -0.13386054 0.27953184 -0.06006214
v -0.15833925 0.26404124 -0.06699575
v -0.16906725 0.26486078 -0.06206909
v -0.18055344 0.26691753 -0.05830579
v -0.18169679 0.28054664 -0.04187505
v -0.16926189 0.27885151 -0.04550414
v -0.27140859 0.26566458 -0.05437666
v -0.28654882 0.25936213 -0.05878858
v -0.29583853 0.24978556 -0.06605657
v -0.30059859 0.23783532 -0.07270248
v -0.30000907 0.22454147 -0.07784754
v -0.29436457 0.21094030 -0.07997122
v -0.28243768 0.19913346 -0.07828415
v -0.24166089 0.17756669 -0.06926390
v -0.22639939 0.16953512 -0.06648500
v -0.19277081 0.13065241 -0.07012422
v -0.18367448 0.12225526 -0.07319168
v -0.15990949 0.09590381 -0.08184832
v -0.14773527 0.08213511 -0.08543121
v -0.13578416 0.06695129 -0.09004335
v -0.10013503 -0.17414893 -0.08614467
v -0.12014189 -0.17151876 -0.07561636
v -0.11728607 -0.15376027 -0.07274839
v -0.09676453 -0.15640707 -0.08145022
v -0.04784406 -0.11820453 -0.08465472
v -0.02458661 -0.11969572 -0.08177409
v -0.16391280 -0.15298027 -0.01721062
v -0.16824727 -0.15671276 0.00936839
v -0.13673623 -0.15178105 -0.05900340
v -0.15245856 -0.15162387 -0.04033308
v -0.16475636 -0.16306460 0.03646633
v -0.10669434 -0.19841217 0.11904419
v -0.08650301 -0.20484082 0.13434848
v -0.04450881 -0.21281369 0.15376770
v -0.02462245 -0.21504833 0.15797199
v -0.15556462 -0.17189643 0.06075092
v -0.06532051 -0.20954201 0.14594376
v -0.14252925 -0.18160681 0.08197035
v -0.12568131 -0.19076645 0.10129369
v -0.07043168 -0.11695054 -0.08523231
v -0.07320210 -0.13901652 -0.08423235
v -0.09439777 -0.13698700 -0.08092737
v -0.03917733 0.12604646 -0.12088110
v -0.06062070 0.12864792 -0.12365030
v -0.08219695 0.13322052 -0.12405986
v -0.09834341 0.15728042 -0.12225715
v -0.10287543 0.13940865 -0.12093350
v -0.12157650 0.14704308 -0.11433355
v -0.11693328 0.16474299 -0.11536653
v -0.15153071 0.18030106 -0.09868155
v -0.15351497 0.16480570 -0.09644099
v -0.16682406 0.17272477 -0.09198092
v -0.16513076 0.18741994 -0.09463504
v -0.17927209 0.17960964 -0.08890876
v -0.19032721 0.18473050 -0.08465105
v -0.20292780 0.19017494 -0.08081605
v -0.21725969 0.19591404 -0.07965707
v -0.21165213 0.22063836 -0.08222172
v -0.19849475 0.21502890 -0.08418214
v -0.15038270 0.19716196 -0.09918877
v -0.13261524 0.19044313 -0.10569009
v -0.03675378 0.16304646 -0.11953694
v -0.01789799 0.15992211 -0.11461734
v -0.17112088 0.09785701 0.01916360
v -0.17748071 0.09185618 -0.00038133
v -0.18142390 0.08898577 -0.01956737
v -0.18126373 0.08939708 -0.03639919
v -0.17938204 0.09281862 -0.05305782
v -0.17443839 0.09819300 -0.06698760
v -0.17554574 0.11420105 -0.07610860
v -0.16814609 0.10572955 -0.07876596
v -0.17023216 0.12404505 -0.08431506
v -0.16129333 0.11541419 -0.08838152
v -0.15367739 0.12716013 -0.09587832
v -0.14519127 0.14050749 -0.10168753
v -0.13832904 0.15574931 -0.10491648
v -0.13431560 0.17254928 -0.10642565
v -0.11441342 0.18355811 -0.11382135
v -0.09596082 0.17647928 -0.12036336
v -0.07549708 0.18956327 -0.11994989
v -0.07491259 0.20720667 -0.11496515
v -0.07628460 0.17098328 -0.12362043
v -0.07749771 0.15198088 -0.12527966
v -0.07572381 0.30047426 -0.05876366
v -0.05952592 0.29321539 -0.07074916
v -0.27016091 0.21095769 -0.07959526
v -0.26841313 0.20408446 -0.07923914
v -0.27429041 0.20270793 -0.07914398
v -0.28084427 0.21206839 -0.07964838
v -0.28439465 0.22321306 -0.07858326
v -0.27000192 0.23060481 -0.07719248
v -0.27145228 0.22062753 -0.07904846
v -0.28395131 0.23460658 -0.07520260
v -0.27991515 0.24494141 -0.07073770
v -0.26659122 0.24023831 -0.07407849
v -0.27307230 0.25350386 -0.06619903
v -0.26209790 0.24836896 -0.07066379
v -0.26319575 0.25905433 -0.06317999
v -0.25799274 0.25353605 -0.06780364
v -0.22291733 0.24815474 -0.07328685
v -0.23601988 0.25089052 -0.07109963
v -0.24887058 0.25250793 -0.06905487
v -0.23239562 0.20245531 -0.07963528
v -0.24631715 0.21030463 -0.08001271
v -0.25911853 0.21676131 -0.08009614
v -0.25712627 0.22631738 -0.07900827
v -0.24402396 0.22020632 -0.08013308
v -0.23017856 0.21307160 -0.08108485
v -0.03692390 0.14564498 -0.12079091
v -0.05690270 0.14858551 -0.12409076
v -0.17755176 0.19301352 -0.09086797
v -0.18842714 0.19705643 -0.08726292
v -0.20040172 0.20089707 -0.08359738
v -0.21461512 0.20717493 -0.08199722
v -0.18752342 0.21068862 -0.08771798
v -0.17618342 0.20709005 -0.09103779
v -0.16386123 0.20277743 -0.09494450
v -0.05640713 0.16684672 -0.12303769
v -0.01824816 0.14310659 -0.11657067
v -0.19105838 0.24818273 0.04646039
v -0.18894565 0.27232864 0.03195018
v -0.18789448 0.28713295 0.00839922
v -0.18501768 0.28952417 -0.01840700
v -0.44432908 0.17959408 -0.03538419
v -0.02004543 -0.06714988 -0.08527561
v -0.02226505 -0.09303252 -0.08199386
v -0.04462970 -0.09323528 -0.08577970
v -0.02032216 0.06008608 -0.11137712
v -0.01938324 0.12430813 -0.11730543
v -0.10867044 0.12139186 0.11772589
v -0.09620340 0.12243018 0.12216012
v -0.09785711 0.13689999 0.11572223
v -0.11101242 0.13602272 0.11104290
v -0.12941833 0.11905826 0.10546435
v -0.11975922 0.12047922 0.11213751
v -0.12292784 0.13474132 0.10540357
v -0.13339743 0.13274972 0.09904189
v -0.13781057 0.11618662 0.09807840
v -0.14247474 0.12955447 0.09193006
v -0.11772056 0.10549921 0.11800467
v -0.10729614 0.10639743 0.12378545
v -0.09494526 0.10757601 0.12725583
v -0.13390878 0.10298155 0.10371137
v -0.12646188 0.10465688 0.11100234
v -0.00441962 0.34602425 0.10533325
v -0.00489766 0.35263097 0.12028776
v 0.00058910 0.39801288 0.13204429
v 0.00098990 0.40270224 0.12976997
v -0.01003478 0.25902072 0.06250368
v -0.00880450 0.26935318 0.06161633
v -0.01456144 0.12340772 0.12046889
v -0.01462055 0.15796883 0.10920265
v -0.01530183 0.17421345 0.10351273
v -0.01572419 0.19052510 0.09754921
v -0.01217817 0.24912444 0.06720254
v -0.01443866 0.14097232 0.11500406
v -0.16390610 -0.33798862 -0.05625388
v -0.14531565 -0.35413221 -0.07616377
v -0.15152965 -0.32833323 -0.07271416
v -0.13787897 -0.34056103 -0.08650851
v -0.16342595 -0.25995472 -0.04844360
v -0.16198580 -0.28603500 -0.05460542
v -0.16484310 -0.23295383 -0.04548384
v -0.11805160 -0.34846660 -0.09953979
v -0.09289176 -0.35144132 -0.10910633
v -0.09040393 -0.33284047 -0.11518056
v -0.14839453 -0.23583116 -0.06953973
v -0.14818910 -0.26189870 -0.07233876
v -0.14355266 -0.32306641 -0.08123281
v -0.15866974 -0.30929828 -0.06248797
v -0.14566115 -0.30835667 -0.07929830
v -0.11456998 -0.33158201 -0.10550319
v -0.13276494 -0.32773176 -0.09242737
v -0.05717944 -0.17874789 -0.09581942
v -0.03231333 -0.19855291 -0.10532816
v -0.05985112 -0.19799905 -0.10417556
v -0.13875405 -0.16942115 -0.06009119
v -0.12414522 -0.19115993 -0.08087172
v -0.13104856 -0.31013858 -0.09455720
v -0.11218179 -0.31163454 -0.10862438
v -0.08795469 -0.31169459 -0.11929154
v -0.08692333 -0.23964752 -0.11453649
v -0.08672943 -0.26320550 -0.11920673
v -0.10989097 -0.26416013 -0.10864802
v -0.10995166 -0.23923720 -0.10426080
v -0.12782758 -0.21302518 -0.08584493
v -0.13012806 -0.23822786 -0.08930334
v -0.08576088 -0.21686117 -0.10788480
v -0.10784640 -0.21497864 -0.09893670
v -0.10402404 -0.19357648 -0.09251887
v -0.13054886 -0.26395607 -0.09254645
v -0.05867369 -0.28757796 -0.12571968
v -0.08687422 -0.28784597 -0.12090801
v -0.02904779 -0.28688681 -0.12389962
v -0.08304264 -0.19603942 -0.09997968
v -0.07948214 -0.17654450 -0.09224903
v -0.07588628 -0.15828727 -0.08611214
v -0.06721320 -0.09370465 -0.08618940
v -0.11418453 -0.59415549 0.09031568
v -0.00094713 -0.39905471 0.03658136
v -0.00122221 -0.38812214 0.00724974
v -0.18027742 -0.30914289 0.06214307
v -0.18444352 -0.32117584 -0.01280573
v -0.17196147 -0.31392220 -0.04023051
v -0.02657080 -0.40349221 0.10565966
v -0.01118333 -0.40773290 0.08309076
v -0.16139227 -0.32061473 0.08950707
v -0.10665839 -0.37377390 0.12721704
v -0.00364030 -0.40631270 0.06077202
v -0.14690295 -0.28650597 -0.07570834
v -0.13067521 -0.28857470 -0.09424319
v -0.11080675 -0.28892377 -0.10973669
v -0.05943044 -0.31069148 -0.12368327
v -0.02873453 -0.30883831 -0.12092683
v -0.02074120 -0.35312256 0.13774513
v -0.01801997 -0.34480336 0.14495668
v -0.01059307 -0.34734961 0.14617510
v -0.01028178 -0.36070555 0.13682336
v -0.10457975 -0.21946901 0.11745744
v -0.08257385 -0.22605740 0.13062406
v -0.04056904 -0.23437352 0.14778358
v -0.02204038 -0.23669755 0.15195929
v -0.15892074 -0.19060092 0.06224766
v -0.06074547 -0.23090234 0.14074975
v -0.14549008 -0.20101370 0.08335882
v -0.12641910 -0.21112753 0.10152212
v -0.07414474 -1.05243480 -0.02834178
v -0.07389712 -1.08286297 -0.02383032
v -0.07467896 -1.08127987 -0.03920915
v -0.07164939 -1.05026972 -0.04337350
v -0.08623059 -1.04567492 -0.07143037
v -0.07531060 -1.04769397 -0.06414828
v -0.10086774 -1.04552436 -0.07302410
v -0.09902981 -1.07747471 -0.07339585
v -0.11102728 -1.07850122 -0.06573126
v -0.11469181 -1.04702485 -0.06802353
v -0.12441978 -1.04817927 -0.05868511
v -0.12785457 -1.08041406 -0.04527326
v -0.12932278 -1.08025801 -0.02641365
v -0.13411762 -1.05069351 -0.02791345
v -0.13106108 -1.04928005 -0.04666325
v -0.12971936 -1.05524397 -0.00699477
v -0.12540825 -1.08365464 -0.00566554
v -0.11452930 -1.05800986 0.00379813
v -0.07968115 -1.05561626 -0.01242719
v -0.07744384 -1.08487904 -0.00631385
v -0.08469849 -1.07752681 -0.07290844
v -0.07556718 -1.07927871 -0.06167345
v -0.07059050 -1.04938626 -0.05397572
v -0.07507248 -1.08030677 -0.05007251
v -0.07222088 -1.11139572 -0.03415547
v -0.06729213 -1.11166596 -0.01743656
v -0.08314144 -1.10774386 -0.07325830
v -0.07883753 -1.10922670 -0.05814601
v -0.10666489 -1.10845768 -0.06345248
v -0.09686763 -1.10744429 -0.07536860
v -0.12831369 -1.11009192 -0.04420373
v -0.12060869 -1.07949007 -0.05681013
v -0.11861533 -1.10942006 -0.05504118
v -0.13047606 -1.10916233 -0.02494289
v -0.12525405 -1.11062884 -0.00063304
v -0.07148258 -1.11194801 0.00199892
v -0.07639362 -1.11060762 -0.04607581
v -0.13057038 -1.20738220 0.16647327
v -0.12306340 -1.20843959 0.16840328
v -0.12444651 -1.20263064 0.16684343
v -0.12916172 -1.20253873 0.16586660
v -0.08878167 -1.20834863 0.17768271
v -0.07655643 -1.21236455 0.17574526
v -0.07756719 -1.19962835 0.17784247
v -0.08623080 -1.19768345 0.17947529
v -0.10753714 -1.20906794 0.17698844
v -0.11597557 -1.20877075 0.17621863
v -0.11373711 -1.21272933 0.17309263
v -0.10854540 -1.21263659 0.17361766
v -0.15281469 -1.20425069 0.13392727
v -0.15856057 -1.20440567 0.13100117
v -0.15739596 -1.20841861 0.12958756
v -0.15325460 -1.20896006 0.13118747
v -0.13950831 -1.20773661 0.15384503
v -0.14548996 -1.20804608 0.15116318
v -0.14414705 -1.21172118 0.14894475
v -0.14017390 -1.21258008 0.15061106
v -0.08978871 -1.19250727 0.15581866
v -0.08910979 -1.19394422 0.17066939
v -0.07515604 -1.19637167 0.16810040
v -0.07395482 -1.19136345 0.15350641
v -0.06919662 -1.20672774 0.16416553
v -0.07780896 -1.21240318 0.16106974
v -0.07643918 -1.21261775 0.14603484
v -0.06769621 -1.20385253 0.14787574
v -0.09062988 -1.21253574 0.16305821
v -0.09073219 -1.21263957 0.14931551
v -0.09798089 -1.20411730 0.15369159
v -0.09913418 -1.20369041 0.16909611
v -0.11781207 -1.20283878 0.15561759
v -0.12076487 -1.20580745 0.16800964
v -0.11462571 -1.19927883 0.16933188
v -0.11269175 -1.19494009 0.15657520
v -0.10584223 -1.20001078 0.17070997
v -0.10091379 -1.19572902 0.15809147
v -0.09774800 -1.20660508 0.15630077
v -0.09999306 -1.20733154 0.17064950
v -0.10543111 -1.21260309 0.16639088
v -0.10299617 -1.21214676 0.15263247
v -0.11275367 -1.21123397 0.15235455
v -0.11491768 -1.21267951 0.16536546
v -0.13123231 -1.19470763 0.14831166
v -0.13046168 -1.20007491 0.15980883
v -0.12254239 -1.20070100 0.16082186
v -0.12022179 -1.19595039 0.15075949
v -0.11824836 -1.20911264 0.16100942
v -0.12381090 -1.21267593 0.15909761
v -0.12199044 -1.21158290 0.14804663
v -0.11662841 -1.20687401 0.15101583
v -0.13187726 -1.21041596 0.14667286
v -0.13150398 -1.21269500 0.15819497
v -0.13644271 -1.20159328 0.14871402
v -0.13571846 -1.20598865 0.15924874
v -0.15182760 -1.20183313 0.13391271
v -0.14982298 -1.20628631 0.14371851
v -0.14667246 -1.20038438 0.14505109
v -0.14821021 -1.19469380 0.13466869
v -0.14037409 -1.19986176 0.14708400
v -0.13978717 -1.19549727 0.13902248
v -0.13596281 -1.20506990 0.14793940
v -0.13852446 -1.21268880 0.14536805
v -0.13912454 -1.21067417 0.13678198
v -0.13661005 -1.20211887 0.14109369
v -0.14578447 -1.21273959 0.14327545
v -0.14761329 -1.21023941 0.13288023
v -0.16199237 -1.19471192 0.11635023
v -0.16371277 -1.20215058 0.11308733
v -0.16240717 -1.20350838 0.12380631
v -0.16012022 -1.19778776 0.12520374
v -0.15443534 -1.19710255 0.12812363
v -0.15512739 -1.19408059 0.12180917
v -0.15055636 -1.20230758 0.12849963
v -0.15176202 -1.20962775 0.12590957
v -0.15266366 -1.20878541 0.11954429
v -0.15243547 -1.20046008 0.12346730
v -0.15875573 -1.20930254 0.12381791
v -0.15933993 -1.20803916 0.11485821
v -0.07405616 -1.18734622 0.13834040
v -0.09424942 -1.19168544 0.14151928
v -0.07979525 -1.21238148 0.17109546
v -0.06805477 -1.20181715 0.13218021
v -0.08696478 -1.21250427 0.17183745
v -0.09505597 -1.21225059 0.13631721
v -0.07745945 -1.21200275 0.13030349
v -0.09674279 -1.20423675 0.14712560
v -0.11412089 -1.20300710 0.17571181
v -0.11593605 -1.20431650 0.14536814
v -0.11587773 -1.21159339 0.13521428
v -0.10897843 -1.20333827 0.17657904
v -0.11418831 -1.19184852 0.13947029
v -0.13331169 -1.19272435 0.12991530
v -0.12526126 -1.21266508 0.16548818
v -0.12934674 -1.21270216 0.16480546
v -0.13539465 -1.21113455 0.12818384
v -0.13699928 -1.20073199 0.13911319
v -0.14488333 -1.20335162 0.15088935
v -0.15322973 -1.19981289 0.12380026
v -0.15071557 -1.21019423 0.11614018
v -0.14127754 -1.20294654 0.15190366
v -0.15070583 -1.19129646 0.11762254
v -0.15745686 -1.20072770 0.13000794
v -0.16558109 -1.20119321 0.09989648
v -0.16081682 -1.20912504 0.10341910
v -0.15443718 -1.20004022 0.13188142
v -0.16265725 -1.19188130 0.10498533
v -0.08790361 -1.05835700 0.00007508
v -0.08626989 -1.08627653 0.00692286
v -0.09965593 -1.05972040 0.00605959
v -0.11174438 -1.08650911 0.00702061
v -0.09816227 -1.08806920 0.01073708
v -0.08299905 -1.11223936 0.01713323
v -0.11090838 -1.11297762 0.01358004
v -0.09656068 -1.11287510 0.02051357
v -0.12965651 -1.13256943 -0.04664864
v -0.13346557 -1.13300753 -0.02643972
v -0.11644018 -1.13176227 -0.05595598
v -0.09674156 -1.13015318 -0.07930533
v -0.10637199 -1.13097048 -0.06731776
v -0.08099811 -1.13299346 0.02851708
v -0.07079128 -1.13535488 0.00844828
v -0.09631868 -1.13200116 0.03425199
v -0.11418182 -1.13199532 0.02597869
v -0.06935113 -1.18224430 0.12051512
v -0.06972290 -1.18134999 0.09756738
v -0.08519295 -1.16978228 0.10189050
v -0.08981048 -1.17971337 0.12231225
v -0.10622064 -1.17075586 0.09735794
v -0.10978732 -1.18290508 0.11788031
v -0.12520219 -1.17373276 0.08896427
v -0.12888986 -1.18388164 0.10957788
v -0.14174782 -1.17807746 0.07856772
v -0.14636497 -1.18560028 0.09878413
v -0.15572853 -1.18544459 0.06802533
v -0.16080770 -1.18910646 0.08868576
v -0.16465159 -1.19628429 0.06180989
v -0.16798788 -1.19949913 0.08302856
v -0.06440351 -1.20078325 0.11372524
v -0.06580609 -1.19832814 0.09140389
v -0.07581592 -1.21318793 0.11039203
v -0.07665074 -1.21320772 0.08795707
v -0.09468282 -1.21351314 0.10972557
v -0.09431000 -1.21332955 0.08623665
v -0.15964152 -1.20974565 0.06358600
v -0.16176409 -1.21127522 0.08565512
v -0.11458792 -1.21292794 0.10575918
v -0.11360850 -1.21196091 0.08184303
v -0.13311170 -1.21349311 0.09940305
v -0.13159910 -1.21255267 0.07543723
v -0.14877783 -1.21350312 0.09209118
v -0.14697737 -1.21287942 0.06879488
v -0.08080982 -1.16240692 0.07675190
v -0.10193467 -1.15653658 0.07591008
v -0.12054297 -1.16106212 0.06605840
v -0.13631494 -1.16836751 0.05428999
v -0.14890450 -1.17988133 0.04316007
v -0.15911417 -1.19115376 0.03751529
v -0.13509053 -1.15492916 0.02464372
v -0.14259431 -1.17635202 0.01566858
v -0.15041724 -1.18910027 0.01259996
v -0.13800193 -1.17406428 -0.01191693
v -0.14307532 -1.18771350 -0.01248765
v -0.12880374 -1.17275417 -0.05623108
v -0.13508309 -1.18785441 -0.05806966
v -0.13847293 -1.18653393 -0.03742796
v -0.13321894 -1.17251825 -0.03694253
v -0.13385579 -1.15436459 -0.00642846
v -0.13061576 -1.15309811 -0.03240677
v -0.12478748 -1.15235198 -0.05076200
v -0.11781606 -1.18838501 -0.08291047
v -0.12872711 -1.18856347 -0.07221983
v -0.12405444 -1.17242193 -0.07010619
v -0.11567243 -1.17123282 -0.08258107
v -0.09881458 -1.17176545 -0.09027562
v -0.10047335 -1.18948591 -0.08720785
v -0.08188042 -1.17397141 -0.07922644
v -0.08266164 -1.19137752 -0.07856767
v -0.11075663 -1.15064216 -0.07486156
v -0.11742801 -1.15204322 -0.06302611
v -0.09837292 -1.14996481 -0.08391867
v -0.08286721 -1.15212107 -0.07513473
v -0.07979973 -1.15393806 -0.05743006
v -0.07677432 -1.17590916 -0.05964743
v -0.07455952 -1.19248879 -0.06013530
v -0.07033677 -1.17953992 0.07074586
v -0.07046899 -1.19386387 0.06566732
v -0.11797027 -1.14599061 0.04472981
v -0.09769703 -1.14398134 0.05382169
v -0.07751567 -1.15248096 0.04560642
v -0.06885422 -1.17627561 0.04182472
v -0.07381652 -1.19142175 0.03734128
v -0.07525686 -1.19056678 0.01160175
v -0.06824481 -1.17700672 0.01425045
v -0.07939785 -1.20547068 0.06195271
v -0.08331358 -1.19910169 0.03446009
v -0.08371867 -1.19765878 0.00928129
v -0.07414223 -1.19101238 -0.01090289
v -0.06942898 -1.17696178 -0.00933259
v -0.07453230 -1.19107080 -0.02908178
v -0.07294282 -1.17588091 -0.02837181
v -0.07507674 -1.17572379 -0.04342262
v -0.07373018 -1.19176996 -0.04393951
v -0.07293867 -1.15520513 -0.02910254
v -0.07634605 -1.15400171 -0.04261438
v -0.06868532 -1.15705585 -0.00967300
v -0.06840085 -1.15622771 0.01498172
v -0.15535186 -1.20556140 0.03861259
v -0.14853173 -1.20152497 0.01356924
v -0.14118615 -1.19815648 -0.01107708
v -0.13596922 -1.19844770 -0.03561187
v -0.12986508 -1.19980204 -0.05462222
v -0.12362147 -1.20030093 -0.06677821
v -0.10025621 -1.19932210 -0.07876054
v -0.11439688 -1.19966459 -0.07601314
v -0.08752664 -1.20077872 -0.07295872
v -0.08170859 -1.20263374 -0.05797831
v -0.08031099 -1.20352793 -0.04455024
v -0.08185379 -1.19987643 -0.01286760
v -0.08033053 -1.20256674 -0.03000900
v -0.06587244 -1.13628721 -0.01319520
v -0.06959721 -1.13519418 -0.03189363
v -0.07478710 -1.13391340 -0.04419656
v -0.08266109 -1.13108850 -0.07257479
v -0.07932605 -1.13243580 -0.05626911
v -0.09461139 -1.20951319 0.05901871
v -0.11271003 -1.20882869 0.05453499
v -0.12963201 -1.20940971 0.04850672
v -0.14374919 -1.20944035 0.04287350
v -0.13927992 -1.20597529 0.01693167
v -0.12653948 -1.20623839 0.02116566
v -0.11077305 -1.20619678 0.02617493
v -0.09524273 -1.20360625 0.03117987
v -0.13277660 -1.20377588 -0.00764391
v -0.12160360 -1.20503032 -0.00358308
v -0.10748351 -1.20520484 0.00040133
v -0.09422060 -1.20310974 0.00575761
v -0.09124649 -1.20546627 -0.01675377
v -0.10286850 -1.20633984 -0.02247994
v -0.11528853 -1.20557427 -0.02614588
v -0.12597953 -1.20363033 -0.03075188
v -0.12035146 -1.20389628 -0.04853731
v -0.11035941 -1.20526838 -0.04320166
v -0.09926268 -1.20632982 -0.03877925
v -0.08977125 -1.20622981 -0.03416730
v -0.11557426 -1.20360947 -0.05934369
v -0.10118548 -1.20323098 -0.07034474
v -0.10967318 -1.20329726 -0.06669686
v -0.09285659 -1.20443690 -0.06727015
v -0.08980249 -1.20544112 -0.05693763
v -0.08924621 -1.20614457 -0.04599841
v -0.09776717 -1.20570767 -0.04916747
v -0.09701052 -1.20508325 -0.05716470
v -0.10757913 -1.20469046 -0.05281770
v -0.10455555 -1.20410538 -0.06025547
v -0.09716871 -1.20438385 -0.06323573
v -0.10102382 -1.20390642 -0.06461316
v -0.12612011 -1.13517153 0.00414433
v -0.09886151 -0.76748568 0.04509516
v -0.08363091 -0.76413643 0.03924737
v -0.11602294 -0.76638448 0.04651106
v -0.13498764 -0.33237880 0.11175212
v -0.09301808 -0.08387577 0.13663282
v -0.09420724 -0.03811690 0.13107269
v -0.09329978 -0.06120281 0.13371725
v -0.13739447 -0.36570561 0.11688169
v -0.14119877 -0.01219565 0.07298059
v -0.11433776 0.15081301 0.10326456
v -0.07987259 0.44914207 0.01527258
v -0.07808976 0.44585368 0.01418525
v -0.07721685 0.44248596 0.01232247
v -0.07661318 0.44012451 0.00912740
v -0.07593230 0.43822259 0.00581159
v -0.07441628 0.43778163 0.00264568
v -0.07888933 0.44355896 0.00948099
v -0.07613014 0.44645226 0.00627647
v -0.07680566 0.44778195 0.00843507
v -0.07930025 0.44596037 0.01120780
f 2 3 1
f 1 3 4
f 3 2 5
f 5 2 6
f 3 7 4
f 4 7 8
f 10 11 9
f 9 11 12
f 14 15 13
f 13 15 16
f 18 19 17
f 17 19 20
f 22 23 21
f 21 23 24
f 26 18 25
f 25 18 17
f 27 28 17
f 17 28 25
f 30 31 29
f 29 31 32
f 34 35 33
f 33 35 36
f 21 24 37
f 37 24 38
f 40 31 39
f 39 31 38
f 34 33 28
f 28 33 25
f 41 42 44
f 44 42 43
f 36 45 33
f 33 45 25
f 46 47 49
f 49 47 48
f 51 52 50
f 50 52 53
f 55 53 54
f 54 53 52
f 57 58 56
f 56 58 59
f 61 62 60
f 60 62 63
f 65 66 64
f 64 66 67
f 69 70 68
f 68 70 71
f 65 73 72
f 72 73 74
f 64 75 65
f 65 75 73
f 77 78 76
f 76 78 79
f 80 81 83
f 83 81 82
f 81 85 84
f 84 85 86
f 88 89 87
f 87 89 69
f 88 87 90
f 90 87 91
f 93 94 92
f 92 94 95
f 96 84 43
f 43 84 44
f 51 98 97
f 97 98 86
f 97 99 51
f 51 99 52
f 54 52 100
f 100 52 99
f 58 101 59
f 59 101 102
f 62 103 63
f 63 103 104
f 105 106 6
f 6 106 5
f 108 109 107
f 107 109 110
f 112 113 111
f 111 113 114
f 116 117 115
f 115 117 118
f 120 121 119
f 119 121 122
f 124 125 123
f 123 125 126
f 128 129 127
f 127 129 130
f 130 131 127
f 127 131 132
f 134 1 133
f 133 1 135
f 1 4 135
f 135 4 136
f 4 8 136
f 136 8 137
f 138 139 15
f 15 139 140
f 140 139 141
f 141 139 142
f 144 57 143
f 143 57 56
f 145 146 141
f 141 146 147
f 146 149 148
f 148 149 150
f 152 153 151
f 151 153 154
f 141 147 140
f 140 147 155
f 157 11 156
f 156 11 158
f 160 161 159
f 159 161 162
f 164 165 163
f 163 165 166
f 165 160 166
f 166 160 159
f 168 169 167
f 167 169 170
f 169 171 170
f 170 171 172
f 149 173 150
f 150 173 174
f 175 176 149
f 149 176 173
f 178 172 177
f 177 172 171
f 180 181 179
f 179 181 182
f 184 180 183
f 183 180 179
f 186 187 185
f 185 187 188
f 190 191 189
f 189 191 192
f 7 193 8
f 8 193 194
f 196 162 195
f 195 162 161
f 197 168 198
f 198 168 167
f 181 199 182
f 182 199 200
f 202 203 201
f 201 203 204
f 187 186 205
f 205 186 206
f 208 209 207
f 207 209 210
f 212 213 211
f 211 213 214
f 215 216 218
f 218 216 217
f 220 209 219
f 219 209 208
f 204 186 221
f 221 186 185
f 201 204 222
f 222 204 221
f 223 211 220
f 220 211 209
f 224 225 214
f 214 225 210
f 203 206 204
f 204 206 186
f 227 187 226
f 226 187 205
f 27 228 21
f 21 228 22
f 230 231 229
f 229 231 232
f 234 235 233
f 233 235 236
f 238 239 237
f 237 239 240
f 119 122 118
f 118 122 115
f 112 242 241
f 241 242 243
f 98 51 244
f 244 51 50
f 245 138 14
f 14 138 15
f 11 10 158
f 158 10 246
f 89 85 69
f 69 85 70
f 11 157 12
f 12 157 247
f 249 164 248
f 248 164 163
f 177 250 178
f 178 250 251
f 253 254 252
f 252 254 255
f 187 227 188
f 188 227 256
f 212 257 213
f 213 257 258
f 260 134 259
f 259 134 133
f 165 164 135
f 135 164 133
f 160 165 136
f 136 165 135
f 136 137 160
f 160 137 161
f 137 261 161
f 161 261 195
f 263 264 262
f 262 264 265
f 13 16 266
f 266 16 267
f 268 267 155
f 155 267 16
f 147 269 155
f 155 269 268
f 162 196 167
f 167 196 198
f 167 170 162
f 162 170 159
f 170 172 159
f 159 172 166
f 172 178 166
f 166 178 163
f 178 251 163
f 163 251 248
f 168 270 169
f 169 270 271
f 272 273 171
f 171 273 177
f 271 272 169
f 169 272 171
f 168 197 270
f 270 197 274
f 250 177 275
f 275 177 273
f 277 45 276
f 276 45 278
f 280 281 279
f 279 281 282
f 284 104 283
f 283 104 103
f 285 215 286
f 286 215 218
f 288 289 287
f 287 289 290
f 291 80 66
f 66 80 83
f 293 294 292
f 292 294 295
f 73 91 74
f 74 91 87
f 91 73 92
f 92 73 75
f 279 77 280
f 280 77 76
f 80 291 70
f 70 291 71
f 277 47 96
f 96 47 82
f 297 175 296
f 296 175 149
f 299 154 298
f 298 154 153
f 225 300 210
f 210 300 207
f 224 301 206
f 206 301 205
f 210 209 214
f 214 209 211
f 226 205 302
f 302 205 301
f 304 305 303
f 303 305 306
f 308 309 307
f 307 309 310
f 72 291 65
f 65 291 66
f 66 83 67
f 67 83 46
f 312 313 311
f 311 313 314
f 316 317 315
f 315 317 36
f 29 318 35
f 35 318 319
f 321 32 320
f 320 32 322
f 311 314 323
f 323 314 324
f 315 325 316
f 316 325 326
f 318 287 319
f 319 287 290
f 328 321 327
f 327 321 320
f 329 330 39
f 39 330 331
f 332 333 40
f 40 333 322
f 309 334 285
f 285 334 335
f 236 2 134
f 134 2 1
f 260 336 233
f 233 336 337
f 237 14 265
f 265 14 13
f 84 86 44
f 44 86 98
f 189 192 7
f 7 192 193
f 44 98 41
f 41 98 244
f 237 240 14
f 14 240 245
f 7 3 189
f 189 3 5
f 338 71 72
f 72 71 291
f 262 265 266
f 266 265 13
f 124 123 339
f 339 123 105
f 123 109 105
f 105 109 106
f 189 5 190
f 190 5 106
f 111 114 12
f 12 114 9
f 264 340 265
f 265 340 237
f 342 343 341
f 341 343 344
f 6 235 105
f 105 235 339
f 234 346 345
f 345 346 347
f 349 350 348
f 348 350 351
f 107 352 108
f 108 352 353
f 355 356 354
f 354 356 357
f 237 340 238
f 238 340 358
f 12 247 111
f 111 247 359
f 264 263 116
f 116 263 360
f 361 362 222
f 222 362 201
f 364 365 363
f 363 365 366
f 368 369 367
f 367 369 370
f 372 373 371
f 371 373 374
f 375 376 372
f 372 376 377
f 378 379 381
f 381 379 380
f 382 383 269
f 269 383 268
f 150 174 365
f 365 174 384
f 380 377 381
f 381 377 376
f 271 270 180
f 180 270 181
f 273 272 252
f 252 272 184
f 272 271 184
f 184 271 180
f 181 270 274
f 252 255 273
f 273 255 275
f 254 385 255
f 255 385 386
f 387 388 179
f 179 388 183
f 389 387 182
f 182 387 179
f 182 200 389
f 389 200 390
f 388 391 183
f 183 391 253
f 391 392 253
f 253 392 254
f 394 379 393
f 393 379 378
f 185 188 395
f 395 188 396
f 221 185 397
f 397 185 395
f 222 221 398
f 398 221 397
f 188 256 396
f 396 256 399
f 400 401 256
f 256 401 399
f 402 403 405
f 405 403 404
f 148 150 364
f 364 150 365
f 393 406 394
f 394 406 407
f 158 246 393
f 393 246 406
f 342 19 238
f 238 19 239
f 23 22 350
f 350 22 354
f 244 50 245
f 245 50 138
f 55 142 53
f 53 142 139
f 145 144 296
f 296 144 143
f 355 228 341
f 341 228 20
f 41 240 42
f 42 240 239
f 283 308 284
f 284 308 307
f 349 409 408
f 408 409 410
f 244 245 41
f 41 245 240
f 268 383 406
f 406 383 407
f 346 411 349
f 349 411 409
f 251 412 248
f 248 412 413
f 275 414 250
f 250 414 415
f 25 45 26
f 26 45 277
f 43 26 96
f 96 26 277
f 416 417 61
f 61 417 62
f 329 24 408
f 408 24 23
f 31 40 32
f 32 40 322
f 39 38 329
f 329 38 24
f 37 38 30
f 30 38 31
f 418 419 421
f 421 419 420
f 78 295 79
f 79 295 294
f 124 339 422
f 422 339 345
f 232 131 357
f 357 131 351
f 2 236 6
f 6 236 235
f 252 184 253
f 253 184 183
f 227 423 256
f 256 423 400
f 423 227 305
f 305 227 226
f 424 258 425
f 425 258 257
f 426 427 212
f 212 427 257
f 259 133 249
f 249 133 164
f 419 418 428
f 428 418 429
f 327 430 328
f 328 430 288
f 49 431 46
f 46 431 67
f 306 302 424
f 424 302 258
f 313 432 314
f 314 432 433
f 32 321 29
f 29 321 318
f 324 314 433
f 287 318 328
f 328 318 321
f 134 260 236
f 236 260 233
f 345 339 234
f 234 339 235
f 357 351 354
f 354 351 350
f 408 23 349
f 349 23 350
f 317 278 36
f 36 278 45
f 432 313 429
f 429 313 428
f 435 428 434
f 434 428 313
f 42 239 18
f 18 239 19
f 43 42 26
f 26 42 18
f 121 120 436
f 436 120 437
f 302 301 258
f 258 301 213
f 110 109 126
f 126 109 123
f 238 358 342
f 342 358 343
f 341 20 342
f 342 20 19
f 322 438 320
f 320 438 439
f 320 439 327
f 327 439 430
f 333 440 322
f 322 440 438
f 289 288 323
f 323 288 430
f 115 340 116
f 116 340 264
f 146 145 149
f 149 145 296
f 15 140 16
f 16 140 155
f 441 442 152
f 152 442 153
f 225 224 203
f 203 224 206
f 175 297 154
f 154 297 151
f 293 443 294
f 294 443 444
f 248 413 249
f 249 413 445
f 446 447 400
f 400 447 401
f 388 387 396
f 396 387 395
f 387 389 395
f 395 389 397
f 391 388 399
f 399 388 396
f 401 392 399
f 399 392 391
f 255 386 275
f 275 386 414
f 449 450 448
f 448 450 451
f 335 452 285
f 285 452 215
f 453 298 442
f 442 298 153
f 211 223 212
f 212 223 426
f 425 257 454
f 454 257 427
f 266 10 262
f 262 10 9
f 360 113 456
f 456 113 455
f 8 194 137
f 137 194 261
f 10 266 246
f 246 266 267
f 203 202 225
f 225 202 300
f 262 9 263
f 263 9 114
f 108 353 190
f 190 353 191
f 389 390 397
f 397 390 398
f 457 422 128
f 128 422 129
f 156 158 378
f 378 158 393
f 347 346 348
f 348 346 349
f 447 458 401
f 401 458 392
f 364 382 148
f 148 382 269
f 55 54 57
f 57 54 58
f 75 64 459
f 459 64 460
f 100 90 101
f 101 90 95
f 101 58 100
f 100 58 54
f 142 55 144
f 144 55 57
f 147 146 269
f 269 146 148
f 459 93 75
f 75 93 92
f 144 145 142
f 142 145 141
f 228 27 20
f 20 27 17
f 154 299 175
f 175 299 176
f 214 213 224
f 224 213 301
f 424 461 306
f 306 461 303
f 285 286 309
f 309 286 310
f 462 334 308
f 308 334 309
f 302 306 226
f 226 306 305
f 37 28 21
f 21 28 27
f 29 35 30
f 30 35 34
f 30 34 37
f 37 34 28
f 344 436 356
f 356 436 229
f 325 290 326
f 326 290 289
f 311 439 312
f 312 439 438
f 35 319 36
f 36 319 315
f 439 311 430
f 430 311 323
f 315 319 325
f 325 319 290
f 440 463 438
f 438 463 312
f 341 344 355
f 355 344 356
f 360 456 116
f 116 456 117
f 354 22 355
f 355 22 228
f 326 289 324
f 324 289 323
f 74 87 68
f 68 87 69
f 50 53 138
f 138 53 139
f 268 406 267
f 267 406 246
f 190 106 108
f 108 106 109
f 241 455 112
f 112 455 113
f 358 122 343
f 343 122 121
f 129 347 130
f 130 347 348
f 348 351 130
f 130 351 131
f 229 232 356
f 356 232 357
f 340 115 358
f 358 115 122
f 111 359 112
f 112 359 242
f 125 124 457
f 457 124 422
f 231 132 232
f 232 132 131
f 343 121 344
f 344 121 436
f 263 114 360
f 360 114 113
f 347 129 345
f 345 129 422
f 230 229 437
f 437 229 436
f 464 446 423
f 423 446 400
f 465 466 468
f 468 466 467
f 470 471 469
f 469 471 472
f 469 472 373
f 373 472 374
f 474 469 473
f 473 469 373
f 471 475 472
f 472 475 476
f 472 477 374
f 374 477 478
f 477 472 476
f 479 480 476
f 476 480 477
f 473 373 377
f 377 373 372
f 481 482 479
f 479 482 480
f 483 484 481
f 481 484 482
f 403 402 485
f 485 402 486
f 487 488 483
f 483 488 484
f 487 489 488
f 488 489 490
f 489 491 490
f 490 491 492
f 491 493 492
f 492 493 494
f 493 495 494
f 494 495 496
f 497 498 481
f 481 498 483
f 484 499 482
f 482 499 367
f 370 480 367
f 367 480 482
f 480 370 477
f 477 370 478
f 500 497 479
f 479 497 481
f 451 473 380
f 380 473 377
f 448 451 379
f 379 451 380
f 501 502 504
f 504 502 503
f 449 505 507
f 507 505 506
f 486 508 505
f 505 508 506
f 508 509 506
f 506 509 510
f 511 507 510
f 510 507 506
f 509 508 512
f 512 508 513
f 515 509 514
f 514 509 512
f 509 515 510
f 510 515 516
f 510 516 511
f 511 516 517
f 486 505 485
f 485 505 518
f 505 449 518
f 518 449 448
f 383 382 403
f 403 382 404
f 363 404 364
f 364 404 382
f 403 485 383
f 383 485 407
f 519 520 361
f 361 520 362
f 522 496 521
f 521 496 495
f 450 474 451
f 451 474 473
f 363 366 523
f 523 366 524
f 525 499 488
f 488 499 484
f 488 490 525
f 525 490 526
f 496 522 520
f 520 522 527
f 494 496 519
f 519 496 520
f 492 494 528
f 528 494 519
f 529 530 495
f 495 530 521
f 490 492 526
f 526 492 528
f 529 495 531
f 531 495 493
f 533 534 532
f 532 534 535
f 523 524 533
f 533 524 534
f 486 402 532
f 532 402 533
f 529 536 530
f 530 536 537
f 536 538 537
f 537 538 539
f 540 541 539
f 539 541 537
f 530 537 535
f 535 537 541
f 542 539 543
f 543 539 538
f 539 542 540
f 540 542 544
f 541 540 513
f 513 540 512
f 540 544 512
f 512 544 514
f 546 547 545
f 545 547 548
f 549 550 531
f 531 550 551
f 550 549 552
f 552 549 553
f 546 550 554
f 554 550 552
f 547 546 555
f 555 546 554
f 498 556 558
f 558 556 557
f 559 557 560
f 560 557 556
f 561 562 560
f 560 562 559
f 557 559 552
f 552 559 554
f 559 562 554
f 554 562 555
f 558 557 553
f 553 557 552
f 475 471 563
f 563 471 564
f 565 563 567
f 567 563 566
f 471 470 564
f 564 470 466
f 564 466 568
f 568 466 465
f 568 465 569
f 569 465 570
f 572 573 571
f 571 573 574
f 569 575 567
f 567 575 576
f 577 565 576
f 576 565 567
f 578 579 581
f 581 579 580
f 575 561 576
f 576 561 560
f 556 577 560
f 560 577 576
f 577 556 497
f 497 556 498
f 565 577 500
f 500 577 497
f 563 565 475
f 475 565 500
f 553 489 558
f 558 489 487
f 531 493 549
f 549 493 491
f 489 553 491
f 491 553 549
f 394 407 518
f 518 407 485
f 518 448 394
f 394 448 379
f 545 548 538
f 538 548 543
f 551 545 536
f 536 545 538
f 536 529 551
f 551 529 531
f 507 582 449
f 449 582 450
f 511 583 507
f 507 583 582
f 511 517 583
f 583 517 584
f 585 586 588
f 588 586 587
f 590 591 589
f 589 591 592
f 591 590 593
f 593 590 594
f 596 597 595
f 595 597 598
f 599 600 602
f 602 600 601
f 604 605 603
f 603 605 606
f 608 609 607
f 607 609 610
f 612 613 611
f 611 613 614
f 615 616 618
f 618 616 617
f 620 621 619
f 619 621 622
f 624 625 623
f 623 625 626
f 628 629 627
f 627 629 630
f 632 633 631
f 631 633 634
f 635 636 638
f 638 636 637
f 639 640 642
f 642 640 641
f 644 645 643
f 643 645 646
f 619 622 647
f 647 622 648
f 650 651 649
f 649 651 652
f 601 653 602
f 602 653 654
f 656 657 655
f 655 657 658
f 660 661 659
f 659 661 662
f 664 665 663
f 663 665 666
f 593 594 667
f 667 594 668
f 669 670 672
f 672 670 671
f 673 674 676
f 676 674 675
f 633 632 677
f 677 632 678
f 663 666 679
f 679 666 680
f 681 682 684
f 684 682 683
f 686 687 685
f 685 687 688
f 690 661 689
f 689 661 691
f 693 686 692
f 692 686 685
f 695 597 694
f 694 597 668
f 594 696 668
f 668 696 694
f 697 698 696
f 696 698 699
f 700 701 697
f 697 701 698
f 702 585 703
f 703 585 588
f 671 690 672
f 672 690 689
f 640 639 704
f 704 639 705
f 679 706 663
f 663 706 658
f 708 709 707
f 707 709 710
f 711 712 610
f 610 712 607
f 713 714 716
f 716 714 715
f 717 718 720
f 720 718 719
f 722 634 721
f 721 634 633
f 724 725 723
f 723 725 726
f 728 729 727
f 727 729 730
f 732 733 731
f 731 733 734
f 707 710 735
f 735 710 736
f 643 737 644
f 644 737 738
f 740 741 739
f 739 741 742
f 608 744 743
f 743 744 745
f 747 748 746
f 746 748 749
f 751 752 750
f 750 752 753
f 754 755 757
f 757 755 756
f 758 759 761
f 761 759 760
f 763 764 762
f 762 764 765
f 767 768 766
f 766 768 769
f 771 772 770
f 770 772 773
f 775 776 774
f 774 776 777
f 779 780 778
f 778 780 781
f 783 712 782
f 782 712 784
f 785 786 788
f 788 786 787
f 790 628 789
f 789 628 627
f 792 793 791
f 791 793 794
f 795 796 726
f 726 796 723
f 798 799 797
f 797 799 800
f 721 633 801
f 801 633 677
f 797 800 802
f 802 800 803
f 805 806 804
f 804 806 807
f 809 810 808
f 808 810 811
f 813 814 812
f 812 814 815
f 809 808 817
f 817 808 816
f 818 819 804
f 804 819 805
f 820 821 818
f 818 821 819
f 821 820 587
f 587 820 822
f 809 823 810
f 810 823 824
f 814 807 815
f 815 807 806
f 826 426 825
f 825 426 223
f 426 826 427
f 427 826 827
f 828 829 454
f 454 829 830
f 831 832 677
f 677 832 801
f 834 835 833
f 833 835 836
f 838 839 837
f 837 839 840
f 841 842 844
f 844 842 843
f 845 846 803
f 803 846 802
f 847 831 678
f 678 831 677
f 848 849 851
f 851 849 850
f 853 854 852
f 852 854 855
f 857 858 856
f 856 858 680
f 860 861 859
f 859 861 862
f 864 865 863
f 863 865 866
f 868 869 867
f 867 869 870
f 839 871 840
f 840 871 872
f 849 848 874
f 874 848 873
f 876 877 875
f 875 877 878
f 880 881 879
f 879 881 882
f 883 884 886
f 886 884 885
f 846 887 802
f 802 887 888
f 890 891 889
f 889 891 888
f 893 894 892
f 892 894 895
f 896 897 728
f 728 897 729
f 899 900 898
f 898 900 901
f 902 852 904
f 904 852 903
f 849 905 850
f 850 905 906
f 875 878 907
f 907 878 908
f 910 911 909
f 909 911 912
f 914 915 913
f 913 915 916
f 917 918 862
f 862 918 859
f 919 920 856
f 856 920 921
f 923 924 922
f 922 924 925
f 926 927 925
f 925 927 922
f 929 930 928
f 928 930 693
f 932 695 931
f 931 695 694
f 823 867 824
f 824 867 933
f 935 936 934
f 934 936 937
f 938 868 823
f 823 868 867
f 940 847 939
f 939 847 678
f 632 655 678
f 678 655 939
f 941 942 619
f 619 942 620
f 687 943 688
f 688 943 944
f 851 850 945
f 945 850 903
f 850 906 903
f 903 906 904
f 946 947 949
f 949 947 948
f 951 952 950
f 950 952 953
f 955 956 954
f 954 956 957
f 907 958 875
f 875 958 874
f 960 961 959
f 959 961 962
f 963 853 902
f 902 853 852
f 909 964 910
f 910 964 965
f 967 968 966
f 966 968 969
f 971 972 970
f 970 972 973
f 974 960 975
f 975 960 959
f 977 978 976
f 976 978 979
f 981 977 980
f 980 977 976
f 980 982 981
f 981 982 983
f 985 983 984
f 984 983 982
f 984 986 985
f 985 986 987
f 989 990 988
f 988 990 991
f 993 994 992
f 992 994 995
f 997 998 996
f 996 998 999
f 1001 1002 1000
f 1000 1002 1003
f 1005 1006 1004
f 1004 1006 1007
f 1004 1008 1005
f 1005 1008 1009
f 1008 1010 1009
f 1009 1010 1011
f 1013 1011 1012
f 1012 1011 1010
f 1014 1015 1017
f 1017 1015 1016
f 1019 1020 1018
f 1018 1020 1021
f 1022 1023 976
f 976 1023 980
f 1024 1025 982
f 982 1025 984
f 992 995 1026
f 1026 995 1027
f 956 955 1028
f 1028 955 1029
f 1030 1031 1033
f 1033 1031 1032
f 1010 1008 1034
f 1034 1008 1035
f 1008 1004 1035
f 1035 1004 1036
f 1037 1038 1002
f 1002 1038 1007
f 1002 1001 1037
f 1037 1001 1039
f 1040 1041 997
f 997 1041 998
f 1015 1014 1043
f 1043 1014 1042
f 1044 1045 1047
f 1047 1045 1046
f 1044 1020 1048
f 1048 1020 1049
f 1050 1051 1003
f 1003 1051 1000
f 1052 1050 1006
f 1006 1050 1003
f 1053 1054 1011
f 1011 1054 1009
f 1013 1045 1055
f 1055 1045 1056
f 1058 1059 1057
f 1057 1059 1060
f 1062 1063 1061
f 1061 1063 1064
f 1065 1066 1050
f 1050 1066 1051
f 1067 1065 1052
f 1052 1065 1050
f 1068 1069 1054
f 1054 1069 1070
f 1071 1068 1053
f 1053 1068 1054
f 1073 1071 1072
f 1072 1071 1074
f 1074 1071 1055
f 1055 1071 1053
f 1076 1077 1075
f 1075 1077 1078
f 1079 1080 1057
f 1057 1080 1058
f 1081 1082 1064
f 1064 1082 1061
f 1084 1085 1083
f 1083 1085 1086
f 1088 1089 1087
f 1087 1089 1090
f 1092 1093 1091
f 1091 1093 1094
f 1096 1097 1095
f 1095 1097 1098
f 1099 1100 1102
f 1102 1100 1101
f 1103 1104 1099
f 1099 1104 1100
f 1106 1107 1105
f 1105 1107 1108
f 1110 1111 1109
f 1109 1111 1112
f 1114 1115 1113
f 1113 1115 1116
f 1118 1119 1117
f 1117 1119 1077
f 1117 1120 1122
f 1122 1120 1121
f 1105 1123 1106
f 1106 1123 1124
f 1125 1126 1128
f 1128 1126 1127
f 1130 1131 1129
f 1129 1131 1132
f 1134 1135 1133
f 1133 1135 1114
f 1113 1136 1114
f 1114 1136 1133
f 1118 1137 1113
f 1113 1137 1136
f 1118 1117 1137
f 1137 1117 1122
f 1139 1140 1138
f 1138 1140 1141
f 1143 953 1142
f 1142 953 952
f 1145 957 1144
f 1144 957 956
f 1028 1146 956
f 956 1146 1144
f 1014 1147 1042
f 1042 1147 1148
f 1014 1017 1147
f 1147 1017 1149
f 1059 1058 1150
f 1150 1058 1151
f 1153 1080 1152
f 1152 1080 1154
f 1156 1088 1155
f 1155 1088 1087
f 1157 1158 1106
f 1106 1158 1107
f 1106 1124 1157
f 1157 1124 1159
f 1161 1162 1160
f 1160 1162 1163
f 1165 1166 1164
f 1164 1166 1167
f 1168 1031 1012
f 1012 1031 1046
f 1024 1023 1035
f 1035 1023 1034
f 1036 1038 1025
f 1025 1038 1169
f 1170 1171 1039
f 1039 1171 1037
f 1028 1029 1042
f 1042 1029 1043
f 1172 1173 1175
f 1175 1173 1174
f 1055 1053 1013
f 1013 1053 1011
f 1005 1009 1070
f 1070 1009 1054
f 996 999 1062
f 1062 999 1063
f 1016 1060 1017
f 1017 1060 1059
f 1017 1059 1149
f 1149 1059 1150
f 1177 1178 1176
f 1176 1178 1103
f 1176 1072 1179
f 1179 1072 1074
f 1073 1102 1086
f 1086 1102 1083
f 1180 1181 1067
f 1067 1181 1065
f 1182 1183 1184
f 1184 1183 1181
f 1186 1187 1185
f 1185 1187 1188
f 1189 1190 798
f 798 1190 799
f 1192 1193 1191
f 1191 1193 1194
f 1195 1196 1194
f 1194 1196 1191
f 1196 1195 1198
f 1198 1195 1197
f 1200 674 1199
f 1199 674 673
f 928 1201 1203
f 1203 1201 1202
f 861 1204 862
f 862 1204 921
f 1205 1206 913
f 913 1206 1207
f 882 1208 879
f 879 1208 1209
f 1210 1211 1167
f 1167 1211 1164
f 1212 769 1213
f 1213 769 768
f 727 1214 728
f 728 1214 1215
f 1217 1218 1216
f 1216 1218 1219
f 1220 813 1221
f 1221 813 812
f 827 828 427
f 427 828 454
f 1223 1224 1222
f 1222 1224 1165
f 1226 1227 1225
f 1225 1227 1228
f 851 1229 848
f 848 1229 1230
f 834 854 835
f 835 854 1231
f 1233 1234 1232
f 1232 1234 1235
f 1237 751 1236
f 1236 751 750
f 743 819 1238
f 1238 819 821
f 1240 1241 1239
f 1239 1241 1242
f 1244 1245 1243
f 1243 1245 1246
f 844 1247 841
f 841 1247 1248
f 1250 1251 1249
f 1249 1251 1252
f 1254 893 1253
f 1253 893 1237
f 1255 1256 1258
f 1258 1256 1257
f 1260 1261 1259
f 1259 1261 1262
f 945 903 855
f 855 903 852
f 855 1263 945
f 945 1263 1264
f 832 845 801
f 801 845 803
f 800 721 803
f 803 721 801
f 721 800 722
f 722 800 799
f 1266 1267 1265
f 1265 1267 1268
f 1270 795 1269
f 1269 795 726
f 725 1271 726
f 726 1271 1269
f 737 765 738
f 738 765 764
f 759 740 760
f 760 740 739
f 717 1272 1274
f 1274 1272 1273
f 1163 1226 1275
f 1275 1226 1225
f 1277 882 1276
f 1276 882 881
f 1041 1040 1027
f 1027 1040 1026
f 900 935 901
f 901 935 934
f 1164 1278 1165
f 1165 1278 1222
f 1211 1279 1164
f 1164 1279 1278
f 442 1280 453
f 453 1280 1281
f 788 1282 785
f 785 1282 1283
f 1285 1286 1284
f 1284 1286 1287
f 1284 1288 1285
f 1285 1288 1289
f 757 1289 754
f 754 1289 1288
f 605 604 675
f 675 604 676
f 1290 1291 1293
f 1293 1291 1292
f 1295 1296 1294
f 1294 1296 1297
f 696 699 694
f 694 699 931
f 1298 1299 592
f 592 1299 589
f 1299 1300 589
f 589 1300 700
f 1300 1301 700
f 700 1301 701
f 743 745 819
f 819 745 805
f 1303 1304 1302
f 1302 1304 1305
f 1306 1307 1305
f 1305 1307 1302
f 609 1298 610
f 610 1298 592
f 587 822 588
f 588 822 1308
f 703 588 1309
f 1309 588 1308
f 1310 703 571
f 571 703 1309
f 1311 1312 789
f 789 1312 790
f 825 223 1313
f 1313 223 220
f 219 1314 220
f 220 1314 1313
f 1315 1316 1311
f 1311 1316 1312
f 1317 1318 1319
f 1319 1318 1241
f 441 1320 442
f 442 1320 1280
f 1321 217 572
f 572 217 216
f 1323 1230 1322
f 1322 1230 1229
f 1324 1325 631
f 631 1325 656
f 1034 1168 1010
f 1010 1168 1012
f 1327 1328 1326
f 1326 1328 1329
f 1331 1202 1330
f 1330 1202 1201
f 571 1309 572
f 572 1309 1321
f 573 572 1332
f 1332 572 216
f 1334 1335 1333
f 1333 1335 1336
f 1337 1338 918
f 918 1338 859
f 1339 863 1340
f 1340 863 866
f 1341 1342 1344
f 1344 1342 1343
f 1345 1346 919
f 919 1346 920
f 1347 1348 673
f 673 1348 1199
f 693 1349 928
f 928 1349 1201
f 1351 1257 1350
f 1350 1257 1256
f 1350 1352 1351
f 1351 1352 1353
f 653 930 654
f 654 930 662
f 1279 1354 1278
f 1278 1354 1355
f 1357 1358 1356
f 1356 1358 1359
f 937 1360 1140
f 1140 1360 1361
f 1225 1228 909
f 909 1228 964
f 901 934 1362
f 1362 934 1139
f 1364 1365 1363
f 1363 1365 1362
f 1367 912 1366
f 1366 912 911
f 1143 1142 1368
f 1368 1142 1369
f 1144 1186 1145
f 1145 1186 1185
f 1146 1175 1144
f 1144 1175 1186
f 1175 1146 1172
f 1172 1146 1148
f 1147 1018 1148
f 1148 1018 1172
f 1018 1147 1019
f 1019 1147 1149
f 1149 1150 1019
f 1019 1150 1370
f 1150 1151 1370
f 1370 1151 1371
f 1151 1153 1371
f 1371 1153 1177
f 1152 1156 1178
f 1178 1156 1372
f 1155 1158 1373
f 1373 1158 1374
f 1157 1159 1376
f 1376 1159 1375
f 1378 1379 1377
f 1377 1379 1380
f 1382 1383 1381
f 1381 1383 1384
f 1382 1386 1385
f 1385 1386 1387
f 1386 1233 1387
f 1387 1233 1232
f 1389 1390 1388
f 1388 1390 1391
f 1393 1394 1392
f 1392 1394 1395
f 1397 1398 1396
f 1396 1398 1399
f 629 1397 630
f 630 1397 1396
f 1342 1400 1343
f 1343 1400 1401
f 1403 1404 1402
f 1402 1404 1405
f 1407 1408 1406
f 1406 1408 1409
f 1411 1412 1410
f 1410 1412 1413
f 793 1414 794
f 794 1414 1415
f 1417 1341 1416
f 1416 1341 1344
f 704 705 1347
f 1347 705 1418
f 741 1419 742
f 742 1419 1420
f 1422 669 1421
f 1421 669 672
f 645 1423 646
f 646 1423 1424
f 1196 1198 614
f 614 1198 611
f 613 1425 614
f 614 1425 1426
f 1427 616 659
f 659 616 660
f 614 1426 1196
f 1196 1426 1191
f 696 594 697
f 697 594 590
f 697 590 700
f 700 590 589
f 703 1310 702
f 702 1310 1428
f 1421 672 1192
f 1192 672 689
f 1271 648 1269
f 1269 648 622
f 621 1270 622
f 622 1270 1269
f 1429 1430 1417
f 1417 1430 1341
f 1431 1432 1434
f 1434 1432 1433
f 1436 1437 1435
f 1435 1437 1438
f 1440 1441 1439
f 1439 1441 1442
f 1443 1444 1446
f 1446 1444 1445
f 823 809 938
f 938 809 817
f 810 1447 811
f 811 1447 1448
f 1449 1450 679
f 679 1450 706
f 913 916 1205
f 1205 916 1451
f 1275 1225 912
f 912 1225 909
f 1452 1453 880
f 880 1453 881
f 1444 1401 1445
f 1445 1401 1400
f 936 1454 937
f 937 1454 1360
f 824 1455 810
f 810 1455 1447
f 631 656 632
f 632 656 655
f 966 1456 967
f 967 1456 1457
f 1459 1460 1458
f 1458 1460 1461
f 1460 1462 1461
f 1461 1462 1463
f 972 974 973
f 973 974 975
f 990 995 991
f 991 995 994
f 1464 1187 1033
f 1033 1187 1174
f 1018 1021 1172
f 1172 1021 1173
f 1000 999 1001
f 1001 999 998
f 976 979 1022
f 1022 979 1032
f 1023 1024 980
f 980 1024 982
f 989 986 1171
f 1171 986 1169
f 1171 1170 989
f 989 1170 990
f 1170 1027 990
f 990 1027 995
f 1041 1039 998
f 998 1039 1001
f 1051 1063 1000
f 1000 1063 999
f 1066 1064 1051
f 1051 1064 1063
f 1183 1081 1066
f 1066 1081 1064
f 1178 1372 1103
f 1103 1372 1104
f 1092 1091 1465
f 1465 1091 1182
f 1467 1465 1466
f 1466 1465 1468
f 1469 1470 1184
f 1184 1470 1468
f 1095 1098 1471
f 1471 1098 1101
f 1076 1374 1120
f 1120 1374 1376
f 1110 1472 1127
f 1127 1472 1132
f 1472 1473 1132
f 1132 1473 1129
f 1474 1475 1466
f 1466 1475 1473
f 1119 1118 1116
f 1116 1118 1113
f 1375 1121 1376
f 1376 1121 1120
f 1127 1132 1128
f 1128 1132 1131
f 1227 1476 1228
f 1228 1476 1361
f 1365 1477 1362
f 1362 1477 872
f 1478 1479 1323
f 1323 1479 1230
f 1480 1481 914
f 914 1481 915
f 913 1277 914
f 914 1277 1276
f 1168 1034 1022
f 1022 1034 1023
f 1035 1036 1024
f 1024 1036 1025
f 1039 1041 1170
f 1170 1041 1027
f 1042 1148 1028
f 1028 1148 1146
f 968 1459 969
f 969 1459 1458
f 1482 1483 664
f 664 1483 665
f 1485 1486 1484
f 1484 1486 1487
f 1489 1490 1488
f 1488 1490 1491
f 1492 1493 722
f 722 1493 634
f 1495 1496 1494
f 1494 1496 1497
f 1498 1207 1339
f 1339 1207 863
f 1224 1499 1165
f 1165 1499 1166
f 1160 1163 1500
f 1500 1163 1275
f 1500 877 1160
f 1160 877 1501
f 876 873 1502
f 1502 873 1479
f 945 1264 851
f 851 1264 1229
f 835 1231 839
f 839 1231 871
f 1503 1283 778
f 778 1283 1282
f 716 715 1505
f 1505 715 1504
f 1446 1445 1507
f 1507 1445 1506
f 779 792 1381
f 1381 792 791
f 1430 1409 1341
f 1341 1409 1342
f 1411 1429 1508
f 1508 1429 1417
f 635 1510 1509
f 1509 1510 1511
f 1377 1380 1315
f 1315 1380 1316
f 1445 1400 1506
f 1506 1400 1408
f 918 917 1336
f 1336 917 1333
f 1513 1514 1512
f 1512 1514 870
f 1515 1516 1363
f 1363 1516 1364
f 1453 1517 881
f 881 1517 1276
f 992 1518 993
f 993 1518 1519
f 1520 1029 1518
f 1518 1029 955
f 1520 1026 1521
f 1521 1026 1040
f 1522 1015 1521
f 1521 1015 1043
f 996 1523 997
f 997 1523 1522
f 1060 1016 1524
f 1524 1016 1523
f 1061 1525 1062
f 1062 1525 1524
f 1079 1527 1526
f 1526 1527 1528
f 1093 1529 1094
f 1094 1529 1528
f 1111 1530 1112
f 1112 1530 1531
f 1532 1533 1105
f 1105 1533 1123
f 934 937 1139
f 1139 937 1140
f 1138 1363 1139
f 1139 1363 1362
f 1534 1222 1355
f 1355 1222 1278
f 1535 1223 1534
f 1534 1223 1222
f 821 587 1238
f 1238 587 586
f 1319 711 1317
f 1317 711 1536
f 1538 1200 1537
f 1537 1200 1199
f 1508 1417 1539
f 1539 1417 1416
f 1540 1541 840
f 840 1541 837
f 1231 898 871
f 871 898 901
f 1500 1275 1367
f 1367 1275 912
f 1543 1379 1542
f 1542 1379 1395
f 1539 772 1508
f 1508 772 1544
f 1546 1403 1545
f 1545 1403 1402
f 1548 1549 1547
f 1547 1549 1550
f 1552 1548 1551
f 1551 1548 1547
f 1554 1555 1553
f 1553 1555 1556
f 1558 1559 1557
f 1557 1559 1560
f 1562 1563 1561
f 1561 1563 1564
f 1566 1567 1565
f 1565 1567 1568
f 1570 1571 1569
f 1569 1571 1572
f 1574 1575 1573
f 1573 1575 1576
f 1577 1578 1572
f 1572 1578 1569
f 1580 1581 1579
f 1579 1581 1582
f 1584 1585 1583
f 1583 1585 1586
f 1588 1555 1587
f 1587 1555 1589
f 1591 1592 1590
f 1590 1592 1593
f 1595 1596 1594
f 1594 1596 1597
f 1596 1581 1597
f 1597 1581 1576
f 1599 1570 1598
f 1598 1570 1569
f 1601 1602 1600
f 1600 1602 1603
f 1605 1606 1604
f 1604 1606 1607
f 1608 1609 1568
f 1568 1609 1565
f 1611 1612 1610
f 1610 1612 1613
f 1615 1616 1614
f 1614 1616 1617
f 1619 1617 1618
f 1618 1617 1616
f 1621 1622 1620
f 1620 1622 1623
f 1625 1626 1624
f 1624 1626 1627
f 1629 1630 1628
f 1628 1630 1631
f 1633 1634 1632
f 1632 1634 1635
f 1636 1637 1639
f 1639 1637 1638
f 1641 1642 1640
f 1640 1642 1643
f 1624 1627 1644
f 1644 1627 1645
f 1647 1648 1646
f 1646 1648 1649
f 1651 1652 1650
f 1650 1652 1653
f 1655 1656 1654
f 1654 1656 1657
f 1659 1660 1658
f 1658 1660 1661
f 1662 1663 1631
f 1631 1663 1628
f 1651 1665 1664
f 1664 1665 1666
f 1667 1656 1619
f 1619 1656 1617
f 1669 1670 1668
f 1668 1670 1671
f 1632 1635 1672
f 1672 1635 1673
f 1674 1675 1638
f 1638 1675 1639
f 1677 1678 1676
f 1676 1678 1679
f 1680 1640 1681
f 1681 1640 1643
f 1682 1683 1643
f 1643 1683 1681
f 1670 1669 1235
f 1235 1669 1232
f 1396 1399 1674
f 1674 1399 1675
f 627 630 1679
f 1679 630 1676
f 1681 1315 1680
f 1680 1315 1311
f 1683 1377 1681
f 1681 1377 1315
f 1672 1673 1387
f 1387 1673 1385
f 1636 1684 1646
f 1646 1684 1685
f 1687 1688 1686
f 1686 1688 1689
f 1585 1690 1586
f 1586 1690 1691
f 1599 1692 1551
f 1551 1692 1693
f 1552 1558 1694
f 1694 1558 1557
f 1696 1615 1695
f 1695 1615 1614
f 1698 1699 1697
f 1697 1699 1623
f 1700 1701 1703
f 1703 1701 1702
f 1705 1706 1704
f 1704 1706 1707
f 1708 1709 1640
f 1640 1709 1641
f 1710 1711 1713
f 1713 1711 1712
f 1652 1655 1653
f 1653 1655 1654
f 1714 1699 1712
f 1712 1699 1713
f 1715 1710 1716
f 1716 1710 1713
f 1717 1708 1680
f 1680 1708 1640
f 1393 1392 1715
f 1715 1392 1710
f 1719 1720 1718
f 1718 1720 1721
f 1680 1311 1717
f 1717 1311 789
f 1378 1711 1392
f 1392 1711 1710
f 1388 1391 1719
f 1719 1391 1720
f 1723 1606 1722
f 1722 1606 1689
f 1725 1568 1724
f 1724 1568 1567
f 1726 1647 1685
f 1685 1647 1646
f 1728 1554 1727
f 1727 1554 1553
f 1591 1687 1600
f 1600 1687 1686
f 1730 1595 1729
f 1729 1595 1594
f 1601 1605 1731
f 1731 1605 1604
f 1733 1663 1732
f 1732 1663 1734
f 1736 1639 1735
f 1735 1639 1675
f 1658 1644 1737
f 1737 1644 1645
f 1726 1662 1724
f 1724 1662 1631
f 1399 1738 1675
f 1675 1738 1735
f 1621 1667 1739
f 1739 1667 1619
f 1714 1740 1620
f 1620 1740 1741
f 1592 1549 1593
f 1593 1549 1742
f 1602 1571 1603
f 1603 1571 1550
f 1688 1690 1689
f 1689 1690 1722
f 1588 1559 1582
f 1582 1559 1579
f 1673 1735 1385
f 1385 1735 1738
f 1387 1232 1672
f 1672 1232 1669
f 1580 1692 1573
f 1573 1692 1743
f 1377 1683 1378
f 1378 1683 1711
f 1664 1666 1744
f 1744 1666 1745
f 1744 1696 1664
f 1664 1696 1695
f 1746 1747 1732
f 1732 1747 1748
f 1749 1750 1677
f 1677 1750 1678
f 1709 1708 1750
f 1750 1708 1678
f 1668 1632 1669
f 1669 1632 1672
f 1633 1746 1734
f 1734 1746 1732
f 1679 1678 1717
f 1717 1678 1708
f 789 627 1717
f 1717 627 1679
f 1563 1723 1564
f 1564 1723 1722
f 1728 1584 1751
f 1751 1584 1583
f 1674 1676 1396
f 1396 1676 630
f 1666 1566 1745
f 1745 1566 1565
f 1627 1629 1645
f 1645 1629 1628
f 1637 1749 1638
f 1638 1749 1677
f 1648 1665 1649
f 1649 1665 1752
f 1740 1642 1741
f 1741 1642 1657
f 1676 1674 1677
f 1677 1674 1638
f 1683 1682 1711
f 1711 1682 1712
f 1618 1753 1619
f 1619 1753 1739
f 1701 1739 1702
f 1702 1739 1753
f 1754 1214 1756
f 1756 1214 1755
f 647 1757 619
f 619 1757 941
f 1759 1193 1758
f 1758 1193 691
f 1419 1760 1420
f 1420 1760 1761
f 682 1762 683
f 683 1762 1763
f 1412 780 1413
f 1413 780 1384
f 1383 1398 1384
f 1384 1398 1413
f 1197 1424 1764
f 1764 1424 1423
f 1537 1287 1538
f 1538 1287 1286
f 1634 1684 1635
f 1635 1684 1736
f 1724 1631 1725
f 1725 1631 1630
f 1562 1730 1610
f 1610 1730 1729
f 1735 1673 1736
f 1736 1673 1635
f 1757 1195 941
f 941 1195 1194
f 1766 200 1765
f 1765 200 199
f 475 500 476
f 476 500 479
f 498 558 483
f 483 558 487
f 545 551 546
f 546 551 550
f 453 1281 219
f 219 1281 1314
f 298 453 208
f 208 453 219
f 368 1765 1767
f 1767 1765 199
f 523 405 363
f 363 405 404
f 523 533 405
f 405 533 402
f 298 208 299
f 299 208 207
f 299 207 176
f 176 207 300
f 176 300 173
f 173 300 202
f 173 202 174
f 174 202 201
f 1337 918 1768
f 1768 918 1336
f 1769 1770 1338
f 1338 1770 859
f 581 570 578
f 578 570 1771
f 555 562 580
f 580 562 561
f 504 1772 501
f 501 1772 548
f 517 542 584
f 584 542 543
f 515 514 516
f 516 514 544
f 542 517 544
f 544 517 516
f 561 575 580
f 580 575 581
f 575 569 581
f 581 569 570
f 501 548 1773
f 1773 548 547
f 1774 1775 570
f 570 1775 1771
f 369 368 1776
f 1776 368 1767
f 372 369 375
f 375 369 1776
f 822 1280 1308
f 1308 1280 1320
f 820 1281 822
f 822 1281 1280
f 818 1314 820
f 820 1314 1281
f 1314 818 1313
f 1313 818 804
f 807 814 825
f 825 814 826
f 814 813 826
f 826 813 827
f 813 1220 827
f 827 1220 828
f 580 579 555
f 555 579 547
f 1477 1540 872
f 872 1540 840
f 367 499 368
f 368 499 1765
f 1766 1765 525
f 525 1765 499
f 1777 1766 526
f 526 1766 525
f 520 527 362
f 362 527 384
f 361 1778 519
f 519 1778 528
f 371 1779 372
f 372 1779 369
f 369 1779 370
f 370 1779 478
f 1779 371 478
f 478 371 374
f 1778 1777 528
f 528 1777 526
f 1781 1782 1780
f 1780 1782 1783
f 431 460 67
f 67 460 64
f 68 338 74
f 74 338 72
f 1785 1782 1784
f 1784 1782 1786
f 1787 1788 1790
f 1790 1788 1789
f 1792 1789 1791
f 1791 1789 1793
f 1791 1794 1792
f 1792 1794 1795
f 1794 1796 1795
f 1795 1796 1797
f 1797 1798 938
f 938 1798 868
f 1798 1799 868
f 868 1799 869
f 1801 1802 1800
f 1800 1802 1451
f 1803 1804 1205
f 1205 1804 1206
f 1805 1806 864
f 864 1806 865
f 1806 1807 865
f 865 1807 1808
f 68 71 338
f 287 328 288
f 1320 1321 1308
f 1308 1321 1309
f 1320 441 1321
f 1321 441 217
f 441 152 217
f 217 152 218
f 151 286 152
f 152 286 218
f 297 310 151
f 151 310 286
f 296 307 297
f 297 307 310
f 296 143 307
f 307 143 284
f 143 56 284
f 284 56 104
f 56 59 104
f 104 59 63
f 59 102 63
f 63 102 60
f 102 94 60
f 60 94 282
f 93 459 279
f 279 459 77
f 459 460 77
f 77 460 78
f 460 431 78
f 78 431 295
f 431 49 295
f 295 49 292
f 48 421 49
f 49 421 292
f 276 278 418
f 418 278 429
f 317 432 278
f 278 432 429
f 432 317 433
f 433 317 316
f 326 324 316
f 316 324 433
f 1536 592 1809
f 1809 592 591
f 1810 744 1812
f 1812 744 1811
f 1814 1815 1813
f 1813 1815 1816
f 1817 748 1818
f 1818 748 747
f 1812 1819 1810
f 1810 1819 1817
f 1820 1821 748
f 748 1821 749
f 1823 1824 1822
f 1822 1824 1825
f 1827 1828 1826
f 1826 1828 1829
f 1831 1832 1830
f 1830 1832 1833
f 1834 1827 1243
f 1243 1827 1826
f 1313 804 825
f 825 804 807
f 1835 1253 1236
f 1236 1253 1237
f 1836 1837 1438
f 1438 1837 1435
f 1838 1505 1840
f 1840 1505 1839
f 1841 1842 716
f 716 1842 713
f 1843 1844 1510
f 1510 1844 1845
f 1847 1848 1846
f 1846 1848 1849
f 1850 1240 1822
f 1822 1240 1239
f 636 1831 637
f 637 1831 1830
f 1852 1853 1851
f 1851 1853 1854
f 1855 1856 1858
f 1858 1856 1857
f 1846 1849 1859
f 1859 1849 1860
f 1343 1401 1509
f 1509 1401 1861
f 1509 1861 635
f 635 1861 636
f 1863 1864 1862
f 1862 1864 1865
f 1283 1503 1867
f 1867 1503 1866
f 1868 1867 681
f 681 1867 682
f 1286 1285 683
f 683 1285 684
f 757 756 1274
f 1274 756 1869
f 1274 1869 717
f 717 1869 718
f 1434 1433 719
f 719 1433 720
f 1200 1538 1545
f 1545 1538 1763
f 1285 1289 684
f 684 1289 1273
f 684 1273 681
f 681 1273 1272
f 785 1283 1868
f 1868 1283 1867
f 786 785 1870
f 1870 785 1868
f 1289 757 1273
f 1273 757 1274
f 1539 1416 1871
f 1871 1416 1872
f 773 1871 1403
f 1403 1871 1404
f 675 674 1405
f 1405 674 1402
f 1864 1873 1865
f 1865 1873 1874
f 638 1843 635
f 635 1843 1510
f 1344 1343 1511
f 1511 1343 1509
f 772 1539 773
f 773 1539 1871
f 674 1200 1402
f 1402 1200 1545
f 1538 1286 1763
f 1763 1286 683
f 1444 1443 1875
f 1875 1443 1876
f 1875 1876 1831
f 1831 1876 1832
f 1416 1344 1872
f 1872 1344 1511
f 1877 1878 774
f 774 1878 1879
f 1878 1847 1879
f 1879 1847 1846
f 1880 714 1881
f 1881 714 1848
f 1401 1444 1861
f 1861 1444 1875
f 1861 1875 636
f 636 1875 1831
f 1823 1863 1882
f 1882 1863 1862
f 1441 1440 1884
f 1884 1440 1883
f 1883 1852 1884
f 1884 1852 1851
f 1886 1887 1885
f 1885 1887 1888
f 1358 1889 1359
f 1359 1889 1890
f 1891 1886 1892
f 1892 1886 1885
f 774 1879 775
f 775 1879 1893
f 1859 1893 1846
f 1846 1893 1879
f 713 1842 1849
f 1849 1842 1860
f 1318 1895 1894
f 1894 1895 1896
f 1873 1897 1874
f 1874 1897 1898
f 1898 605 1899
f 1899 605 675
f 1405 1844 675
f 675 1844 1899
f 1404 1845 1405
f 1405 1845 1844
f 593 1296 591
f 591 1296 1809
f 1295 1292 1900
f 1900 1292 1895
f 606 1897 1291
f 1291 1897 1896
f 1510 1845 1511
f 1511 1845 1872
f 1871 1872 1404
f 1404 1872 1845
f 1866 770 1762
f 1762 770 1546
f 1762 682 1866
f 1866 682 1867
f 1870 1868 1272
f 1272 1868 681
f 1272 717 1870
f 1870 717 720
f 1870 720 786
f 786 720 1433
f 786 1433 787
f 787 1433 1432
f 1261 1414 1432
f 1432 1414 787
f 1389 1234 1260
f 1260 1234 1415
f 1719 1670 1388
f 1388 1670 1235
f 1718 1671 1719
f 1719 1671 1670
f 1705 1747 1718
f 1718 1747 1671
f 1659 1901 1704
f 1704 1901 1748
f 1877 1903 1902
f 1902 1903 1904
f 1259 1905 1390
f 1390 1905 1394
f 1715 1720 1393
f 1393 1720 1391
f 1716 1721 1715
f 1715 1721 1720
f 1698 1706 1716
f 1716 1706 1721
f 277 276 47
f 47 276 48
f 84 96 81
f 81 96 82
f 80 70 81
f 81 70 85
f 99 97 88
f 88 97 89
f 90 100 88
f 88 100 99
f 101 95 102
f 102 95 94
f 1906 1907 280
f 280 1907 281
f 97 86 89
f 89 86 85
f 60 282 61
f 61 282 281
f 83 82 46
f 46 82 47
f 293 292 420
f 420 292 421
f 419 1908 420
f 420 1908 1909
f 92 95 91
f 91 95 90
f 279 282 93
f 93 282 94
f 276 418 48
f 48 418 421
f 1910 1660 1697
f 1697 1660 1707
f 1703 1624 1700
f 1700 1624 1644
f 1622 1910 1623
f 1623 1910 1697
f 1701 1700 1911
f 1911 1700 1661
f 1700 1644 1661
f 1661 1644 1658
f 1901 1737 1733
f 1733 1737 1645
f 1625 1912 1604
f 1604 1912 1731
f 1912 1913 1731
f 1731 1913 1914
f 1913 1577 1914
f 1914 1577 1572
f 1915 1578 1616
f 1616 1578 1618
f 1915 1916 1598
f 1598 1916 1743
f 1916 1574 1743
f 1743 1574 1573
f 1575 1917 1576
f 1576 1917 1597
f 1917 1609 1597
f 1597 1609 1594
f 1608 1611 1729
f 1729 1611 1610
f 1918 1612 1629
f 1629 1612 1630
f 1626 1918 1627
f 1627 1918 1629
f 1920 1921 1919
f 1919 1921 1922
f 1920 1924 1923
f 1923 1924 1925
f 1926 1927 1924
f 1924 1927 1925
f 1929 1930 1928
f 1928 1930 1931
f 1932 1933 1935
f 1935 1933 1934
f 1937 1938 1936
f 1936 1938 1939
f 1941 1942 1940
f 1940 1942 1943
f 1941 1945 1944
f 1944 1945 1946
f 1947 1948 1694
f 1694 1948 1949
f 1950 1951 1953
f 1953 1951 1952
f 1955 1956 1954
f 1954 1956 1589
f 1958 1956 1957
f 1957 1956 1932
f 1960 1934 1959
f 1959 1934 1933
f 1962 1963 1961
f 1961 1963 1964
f 1965 1955 1751
f 1751 1955 1954
f 1935 1930 1932
f 1932 1930 1957
f 1951 1950 1926
f 1926 1950 1929
f 1966 1967 1593
f 1593 1967 1590
f 1969 1967 1968
f 1968 1967 1964
f 1962 1921 1970
f 1970 1921 1971
f 1963 1945 1964
f 1964 1945 1968
f 1972 1948 1922
f 1922 1948 1919
f 1966 1972 1961
f 1961 1972 1922
f 1958 1953 1587
f 1587 1953 1560
f 1974 1975 1973
f 1973 1975 1976
f 1978 1979 1977
f 1977 1979 1691
f 1979 1975 1691
f 1691 1975 1586
f 1938 1942 1939
f 1939 1942 1980
f 1952 1947 1557
f 1557 1947 1694
f 1969 1978 1981
f 1981 1978 1977
f 1983 1984 1982
f 1982 1984 1985
f 1986 1987 1989
f 1989 1987 1988
f 1990 1991 1983
f 1983 1991 1984
f 1990 1993 1992
f 1992 1993 1994
f 1995 1996 1994
f 1994 1996 1997
f 1999 2000 1998
f 1998 2000 2001
f 2003 2004 2002
f 2002 2004 2005
f 2007 2008 2006
f 2006 2008 2009
f 2011 2012 2010
f 2010 2012 2013
f 2014 2015 2017
f 2017 2015 2016
f 2018 2019 2021
f 2021 2019 2020
f 2022 1989 2024
f 2024 1989 2023
f 1989 1988 2023
f 2023 1988 2025
f 2026 2027 2017
f 2017 2027 2014
f 2029 2030 2028
f 2028 2030 2031
f 2033 2034 2032
f 2032 2034 2035
f 2032 2035 2036
f 2036 2035 2037
f 2039 2040 2038
f 2038 2040 2041
f 1982 2042 1983
f 1983 2042 2043
f 2045 2046 2044
f 2044 2046 2047
f 2049 2050 2048
f 2048 2050 2051
f 2053 2054 2052
f 2052 2054 2055
f 2057 2058 2056
f 2056 2058 2059
f 2060 2061 2033
f 2033 2061 2034
f 2063 2064 2062
f 2062 2064 2065
f 2066 2035 2067
f 2067 2035 2034
f 2069 2039 2068
f 2068 2039 2038
f 2025 2070 2023
f 2023 2070 2071
f 2072 2024 2071
f 2071 2024 2023
f 2074 2020 2073
f 2073 2020 2019
f 2050 2049 2047
f 2047 2049 2075
f 1983 2043 1990
f 1990 2043 1993
f 2006 2050 2007
f 2007 2050 2076
f 2050 2006 2051
f 2051 2006 2077
f 2079 2080 2078
f 2078 2080 2081
f 2082 2083 2085
f 2085 2083 2084
f 2010 2013 2086
f 2086 2013 2087
f 2089 2033 2088
f 2088 2033 2032
f 2090 2060 2089
f 2089 2060 2033
f 2092 2093 2091
f 2091 2093 2094
f 2096 1986 2095
f 2095 1986 2097
f 2097 1986 2022
f 2022 1986 1989
f 2015 2094 2016
f 2016 2094 2098
f 2016 2098 2100
f 2100 2098 2099
f 2017 2016 2101
f 2101 2016 2100
f 2017 2101 2026
f 2026 2101 2102
f 2100 2099 2104
f 2104 2099 2103
f 2104 2105 2100
f 2100 2105 2101
f 2105 2106 2101
f 2101 2106 2102
f 2108 2061 2107
f 2107 2061 2109
f 2111 2112 2110
f 2110 2112 2020
f 2020 2074 2110
f 2110 2074 2113
f 2115 2116 2114
f 2114 2116 2117
f 2118 2119 1995
f 1995 2119 2120
f 2121 2122 2027
f 2027 2122 2014
f 2047 2075 2044
f 2044 2075 2123
f 2124 2125 2127
f 2127 2125 2126
f 2129 2130 2128
f 2128 2130 2131
f 2132 2133 2057
f 2057 2133 2058
f 2134 1999 2136
f 2136 1999 2135
f 2055 2138 2137
f 2137 2138 2139
f 2141 2142 2140
f 2140 2142 2143
f 2083 2082 2064
f 2064 2082 2065
f 2082 2144 2065
f 2065 2144 2145
f 2040 2146 2041
f 2041 2146 2147
f 2060 2090 2148
f 2148 2090 2149
f 2048 2051 2137
f 2137 2051 2150
f 2151 1997 2135
f 2135 1997 1996
f 2152 2150 2077
f 2077 2150 2051
f 2046 2045 2118
f 2118 2045 2119
f 2154 2155 2153
f 2153 2155 2156
f 2158 2159 2157
f 2157 2159 2160
f 2162 2163 2161
f 2161 2163 2164
f 2164 2163 2165
f 2165 2163 2166
f 2168 2169 2167
f 2167 2169 2170
f 2003 2172 2171
f 2171 2172 2173
f 2174 2175 2002
f 2002 2175 2176
f 2145 2177 2065
f 2065 2177 2062
f 2178 2179 2180
f 2180 2179 2134
f 2181 2052 2152
f 2152 2052 2150
f 2040 2127 2146
f 2146 2127 2182
f 2130 2162 2131
f 2131 2162 2161
f 2052 2055 2150
f 2150 2055 2137
f 2184 2185 2183
f 2183 2185 2186
f 2159 2030 2160
f 2160 2030 2187
f 2146 2182 2029
f 2029 2182 2188
f 2189 2190 2192
f 2192 2190 2191
f 2172 2003 2176
f 2176 2003 2002
f 1998 2151 1999
f 1999 2151 2135
f 2177 2172 2062
f 2062 2172 2176
f 2172 2177 2173
f 2173 2177 2193
f 2063 2194 2064
f 2064 2194 2195
f 2066 2197 2196
f 2196 2197 2198
f 2002 2005 2174
f 2174 2005 2199
f 2004 2003 2200
f 2200 2003 2171
f 2198 2201 2171
f 2171 2201 2200
f 2197 2202 2198
f 2198 2202 2201
f 2202 2197 2203
f 2203 2197 2204
f 2196 2198 2173
f 2173 2198 2171
f 2205 2069 2170
f 2170 2069 2206
f 2197 2066 2204
f 2204 2066 2067
f 2107 2207 2108
f 2108 2207 2208
f 2210 2208 2209
f 2209 2208 2207
f 2185 2211 2212
f 2213 2214 2211
f 2211 2214 2212
f 1998 2001 2213
f 2213 2001 2214
f 2134 2215 1999
f 1999 2215 2000
f 2216 2217 2219
f 2219 2217 2218
f 2206 2220 2170
f 2170 2220 2167
f 2069 2068 2206
f 2206 2068 2221
f 2151 1998 2222
f 2222 1998 2213
f 2124 2039 2205
f 2205 2039 2069
f 2142 2223 2143
f 2143 2223 2128
f 2203 2186 2202
f 2202 2186 2185
f 2185 2184 2211
f 2211 2184 2224
f 2224 2225 2222
f 2222 2225 2226
f 2071 2227 2072
f 2072 2227 2228
f 2229 2074 2230
f 2230 2074 2073
f 2074 2229 2113
f 2113 2229 2231
f 2232 2225 2227
f 2227 2225 2224
f 2233 2234 2031
f 2031 2234 2028
f 2236 2231 2235
f 2235 2231 2229
f 2230 2183 2229
f 2229 2183 2235
f 2237 1987 2096
f 2096 1987 1986
f 2152 2238 2181
f 2181 2238 2239
f 2080 2240 2081
f 2081 2240 2241
f 2236 2242 1971
f 1971 2242 1970
f 1925 2113 1923
f 1923 2113 2231
f 2110 1927 2111
f 2111 1927 1928
f 2103 2111 1931
f 1931 2111 1928
f 1931 2243 2103
f 2103 2243 2104
f 2105 2104 2244
f 2244 2104 2243
f 1939 1980 2148
f 2148 1980 2109
f 1980 1944 2109
f 2109 1944 2107
f 1946 2245 2207
f 2207 2245 2209
f 2245 1970 2209
f 2209 1970 2242
f 2231 2236 1923
f 1923 2236 1971
f 2113 1925 2110
f 2110 1925 1927
f 2234 2246 2028
f 2028 2246 2147
f 2247 2248 2058
f 2058 2248 2059
f 2114 2117 2249
f 2249 2117 2250
f 2252 2253 2251
f 2251 2253 2254
f 2094 2015 2091
f 2091 2015 2255
f 2256 2255 2014
f 2014 2255 2015
f 2257 2145 2258
f 2258 2145 2144
f 2131 2161 2123
f 2123 2161 2044
f 2045 2044 2164
f 2164 2044 2161
f 2045 2164 2119
f 2119 2164 2165
f 2259 2120 2165
f 2165 2120 2119
f 2260 2261 2259
f 2259 2261 2120
f 2205 2262 2124
f 2124 2262 2125
f 2180 2263 2178
f 2178 2263 2264
f 2265 2266 2092
f 2092 2266 2093
f 1992 2267 2268
f 2184 2228 2224
f 2224 2228 2227
f 2048 2269 2049
f 2049 2269 2141
f 2129 2168 2157
f 2157 2168 2167
f 2049 2141 2075
f 2075 2141 2140
f 2199 2215 2270
f 2270 2215 2271
f 2142 2141 2272
f 2272 2141 2269
f 2089 2026 2090
f 2090 2026 2102
f 2146 2029 2147
f 2147 2029 2028
f 2111 2103 2112
f 2112 2103 2099
f 2061 2060 2109
f 2109 2060 2148
f 2273 2274 2041
f 2041 2274 2038
f 2260 2275 2261
f 2261 2275 2136
f 2057 2138 2132
f 2132 2138 2276
f 2272 2269 2056
f 2056 2269 2139
f 2277 2278 2270
f 2270 2278 2199
f 2029 2188 2030
f 2030 2188 2187
f 2040 2039 2127
f 2127 2039 2124
f 2064 2195 2083
f 2083 2195 2279
f 2056 2139 2057
f 2057 2139 2138
f 2278 2277 2247
f 2247 2277 2248
f 2062 2176 2063
f 2063 2176 2175
f 2280 2210 2242
f 2242 2210 2209
f 2282 2233 2281
f 2281 2233 2031
f 2216 2219 2283
f 2283 2219 2221
f 2158 2220 2218
f 2218 2220 2219
f 2217 2282 2218
f 2218 2282 2281
f 2220 2158 2167
f 2167 2158 2157
f 2223 2264 2128
f 2128 2264 2263
f 2261 1996 2120
f 2120 1996 1995
f 2213 2211 2222
f 2222 2211 2224
f 2283 2221 2284
f 2284 2221 2068
f 2135 1996 2136
f 2136 1996 2261
f 2144 2081 2258
f 2258 2081 2241
f 2235 2280 2236
f 2236 2280 2242
f 2246 2273 2147
f 2147 2273 2041
f 2036 2285 2032
f 2032 2285 2088
f 2077 2286 2152
f 2152 2286 2238
f 1937 1960 1973
f 1973 1960 1959
f 2070 2232 2071
f 2071 2232 2227
f 2244 2287 2105
f 2105 2287 2106
f 1936 1939 2149
f 2149 1939 2148
f 1944 1946 2107
f 2107 1946 2207
f 2285 2121 2088
f 2088 2121 2027
f 2253 2249 2254
f 2254 2249 2250
f 2006 2009 2077
f 2077 2009 2286
f 2289 2086 2288
f 2288 2086 2087
f 2223 2142 2290
f 2290 2142 2272
f 2128 2131 2143
f 2143 2131 2123
f 2156 2291 2153
f 2153 2291 2175
f 2292 2293 2278
f 2278 2293 2294
f 2075 2140 2123
f 2123 2140 2143
f 2262 2169 2275
f 2275 2169 2180
f 2275 2180 2136
f 2136 2180 2134
f 2274 2284 2038
f 2038 2284 2068
f 2127 2126 2182
f 2182 2126 2166
f 2094 2093 2098
f 2098 2093 2021
f 2098 2021 2099
f 2099 2021 2112
f 2018 2021 2266
f 2266 2021 2093
f 2251 2289 2252
f 2252 2289 2288
f 1997 2151 2226
f 2226 2151 2222
f 2206 2221 2220
f 2220 2221 2219
f 2269 2048 2139
f 2139 2048 2137
f 2159 2158 2281
f 2281 2158 2218
f 2156 2155 2190
f 2190 2155 2191
f 1974 1965 1583
f 1583 1965 1751
f 2088 2027 2089
f 2089 2027 2026
f 2030 2159 2031
f 2031 2159 2281
f 2106 2149 2102
f 2102 2149 2090
f 2287 1936 2106
f 2106 1936 2149
f 2293 2154 2294
f 2294 2154 2153
f 2021 2020 2112
f 2247 2295 2278
f 2278 2295 2292
f 2284 2296 2283
f 2283 2296 2297
f 2298 2296 2274
f 2274 2296 2284
f 2273 2299 2274
f 2274 2299 2298
f 2246 2300 2273
f 2273 2300 2299
f 2283 2297 2216
f 2216 2297 2301
f 2216 2301 2217
f 2217 2301 2302
f 2302 2303 2217
f 2217 2303 2282
f 2304 2301 2305
f 2305 2301 2297
f 2307 2308 2306
f 2306 2308 2309
f 2306 2310 2307
f 2307 2310 2311
f 2307 2312 2308
f 2308 2312 2313
f 2314 2315 2312
f 2312 2315 2316
f 2316 2317 2312
f 2312 2317 2313
f 2317 2305 2313
f 2313 2305 2318
f 2314 2312 2311
f 2311 2312 2307
f 2319 2320 2322
f 2322 2320 2321
f 2322 2311 2319
f 2319 2311 2310
f 2313 2318 2308
f 2308 2318 2309
f 2296 2298 2318
f 2318 2298 2309
f 2309 2298 2323
f 2323 2298 2299
f 2306 2309 2324
f 2324 2309 2323
f 2310 2306 2325
f 2325 2306 2324
f 2296 2318 2297
f 2297 2318 2305
f 2319 2310 2326
f 2326 2310 2325
f 2328 2325 2327
f 2327 2325 2324
f 2325 2328 2326
f 2326 2328 2329
f 2331 2328 2330
f 2330 2328 2327
f 2332 2333 2327
f 2327 2333 2330
f 2328 2331 2329
f 2329 2331 2334
f 2324 2323 2327
f 2327 2323 2332
f 2300 2332 2299
f 2299 2332 2323
f 2326 2335 2319
f 2319 2335 2320
f 2305 2317 2336
f 2336 2317 2316
f 2336 2316 2337
f 2337 2316 2315
f 2338 2304 2336
f 2336 2304 2305
f 2337 2339 2336
f 2336 2339 2338
f 2337 2315 2341
f 2341 2315 2340
f 2342 2300 2234
f 2234 2300 2246
f 2303 2343 2282
f 2282 2343 2233
f 2234 2233 2342
f 2342 2233 2343
f 2342 2343 2333
f 2333 2343 2344
f 2333 2344 2330
f 2330 2344 2345
f 2346 2344 2303
f 2303 2344 2343
f 2332 2300 2333
f 2333 2300 2342
f 2347 2346 2302
f 2302 2346 2303
f 2301 2304 2302
f 2302 2304 2347
f 2304 2338 2347
f 2347 2338 2348
f 2348 2349 2347
f 2347 2349 2346
f 2350 2351 2348
f 2348 2351 2349
f 2349 2345 2346
f 2346 2345 2344
f 2345 2349 2352
f 2352 2349 2351
f 2338 2339 2348
f 2348 2339 2350
f 2350 2339 2353
f 2353 2339 2354
f 2356 2357 2355
f 2355 2357 2353
f 2351 2350 2357
f 2357 2350 2353
f 2353 2354 2355
f 2355 2354 2335
f 2320 2335 2341
f 2341 2335 2354
f 2339 2337 2354
f 2354 2337 2341
f 2352 2331 2345
f 2345 2331 2330
f 2356 2334 2352
f 2352 2334 2331
f 2356 2352 2357
f 2357 2352 2351
f 2355 2329 2356
f 2356 2329 2334
f 2335 2326 2355
f 2355 2326 2329
f 2321 2314 2322
f 2322 2314 2311
f 2321 2320 2340
f 2340 2320 2341
f 2315 2314 2340
f 2340 2314 2321
f 2125 2260 2126
f 2126 2260 2259
f 2157 2160 2129
f 2129 2160 2130
f 2188 2163 2187
f 2187 2163 2162
f 2182 2166 2188
f 2188 2166 2163
f 2180 2169 2263
f 2263 2169 2168
f 2160 2187 2130
f 2130 2187 2162
f 2275 2260 2262
f 2262 2260 2125
f 2128 2263 2129
f 2129 2263 2168
f 2262 2205 2169
f 2169 2205 2170
f 2165 2166 2259
f 2259 2166 2126
f 2359 2360 2358
f 2358 2360 2361
f 2363 2364 2362
f 2362 2364 2365
f 2367 2363 2366
f 2366 2363 2362
f 2368 2369 2371
f 2371 2369 2370
f 2372 2373 2248
f 2248 2373 2059
f 2364 2374 2365
f 2365 2374 2375
f 2377 2378 2376
f 2376 2378 2379
f 2290 2380 2223
f 2223 2380 2381
f 2223 2381 2264
f 2264 2381 2382
f 2384 2385 2383
f 2383 2385 2386
f 2364 2371 2374
f 2374 2371 2387
f 2059 2373 2290
f 2290 2373 2380
f 2378 2360 2379
f 2379 2360 2388
f 2374 2387 2359
f 2359 2387 2389
f 2390 2367 2386
f 2386 2367 2391
f 2393 2394 2392
f 2392 2394 2395
f 2386 2391 2383
f 2383 2391 2396
f 2367 2366 2391
f 2391 2366 2397
f 2363 2367 2368
f 2368 2367 2390
f 2398 2399 2361
f 2361 2399 2358
f 2399 2400 2358
f 2358 2400 2375
f 2390 2401 2368
f 2368 2401 2369
f 2372 2384 2376
f 2376 2384 2383
f 2374 2359 2375
f 2375 2359 2358
f 2402 2403 2365
f 2365 2403 2362
f 2359 2389 2360
f 2360 2389 2388
f 2364 2363 2371
f 2371 2363 2368
f 2405 2398 2404
f 2404 2398 2361
f 2392 2395 2406
f 2406 2395 2397
f 2377 2396 2394
f 2394 2396 2395
f 2394 2393 2404
f 2404 2393 2405
f 2396 2377 2383
f 2383 2377 2376
f 2406 2397 2407
f 2407 2397 2366
f 2400 2402 2375
f 2375 2402 2365
f 2385 2270 2401
f 2401 2270 2271
f 2403 2407 2362
f 2362 2407 2366
f 2371 2370 2387
f 2387 2370 2382
f 2391 2397 2396
f 2396 2397 2395
f 2378 2377 2404
f 2404 2377 2394
f 2360 2378 2361
f 2361 2378 2404
f 2407 2408 2406
f 2406 2408 2409
f 2410 2408 2403
f 2403 2408 2407
f 2411 2410 2402
f 2402 2410 2403
f 2412 2411 2400
f 2400 2411 2402
f 2406 2409 2392
f 2392 2409 2413
f 2392 2413 2393
f 2393 2413 2414
f 2415 2405 2414
f 2414 2405 2393
f 2416 2413 2417
f 2417 2413 2409
f 2419 2420 2418
f 2418 2420 2421
f 2420 2422 2421
f 2421 2422 2423
f 2420 2424 2422
f 2422 2424 2425
f 2426 2427 2424
f 2424 2427 2428
f 2428 2429 2424
f 2424 2429 2425
f 2426 2424 2419
f 2419 2424 2420
f 2419 2418 2431
f 2431 2418 2430
f 2425 2432 2422
f 2422 2432 2423
f 2408 2410 2432
f 2432 2410 2423
f 2423 2410 2433
f 2433 2410 2411
f 2421 2423 2434
f 2434 2423 2433
f 2435 2418 2434
f 2434 2418 2421
f 2429 2417 2425
f 2425 2417 2432
f 2408 2432 2409
f 2409 2432 2417
f 2418 2435 2430
f 2430 2435 2436
f 2438 2435 2437
f 2437 2435 2434
f 2435 2438 2436
f 2436 2438 2439
f 2441 2438 2440
f 2440 2438 2437
f 2442 2443 2437
f 2437 2443 2440
f 2439 2438 2444
f 2444 2438 2441
f 2433 2442 2434
f 2434 2442 2437
f 2412 2442 2411
f 2411 2442 2433
f 2436 2445 2430
f 2430 2445 2446
f 2430 2446 2431
f 2431 2446 2447
f 2417 2429 2448
f 2448 2429 2428
f 2427 2449 2428
f 2428 2449 2448
f 2450 2416 2448
f 2448 2416 2417
f 2451 2450 2449
f 2449 2450 2448
f 2427 2452 2449
f 2449 2452 2453
f 2447 2446 2452
f 2452 2446 2453
f 2454 2412 2399
f 2399 2412 2400
f 2415 2455 2405
f 2405 2455 2398
f 2399 2398 2454
f 2454 2398 2455
f 2454 2455 2443
f 2443 2455 2456
f 2443 2456 2440
f 2440 2456 2457
f 2458 2456 2415
f 2415 2456 2455
f 2443 2442 2454
f 2454 2442 2412
f 2459 2458 2414
f 2414 2458 2415
f 2413 2416 2414
f 2414 2416 2459
f 2459 2416 2460
f 2460 2416 2450
f 2460 2461 2459
f 2459 2461 2458
f 2462 2463 2460
f 2460 2463 2461
f 2461 2457 2458
f 2458 2457 2456
f 2457 2461 2464
f 2464 2461 2463
f 2451 2462 2450
f 2450 2462 2460
f 2462 2451 2465
f 2465 2451 2466
f 2468 2469 2467
f 2467 2469 2465
f 2463 2462 2469
f 2469 2462 2465
f 2465 2466 2467
f 2467 2466 2445
f 2446 2445 2453
f 2453 2445 2466
f 2451 2449 2466
f 2466 2449 2453
f 2464 2441 2457
f 2457 2441 2440
f 2468 2444 2464
f 2464 2444 2441
f 2468 2464 2469
f 2469 2464 2463
f 2467 2439 2468
f 2468 2439 2444
f 2445 2436 2467
f 2467 2436 2439
f 2447 2426 2431
f 2431 2426 2419
f 2427 2426 2452
f 2452 2426 2447
f 2369 2179 2370
f 2370 2179 2178
f 2376 2379 2372
f 2372 2379 2373
f 2389 2381 2388
f 2388 2381 2380
f 2387 2382 2389
f 2389 2382 2381
f 2270 2385 2277
f 2277 2385 2384
f 2379 2388 2373
f 2373 2388 2380
f 2401 2271 2369
f 2369 2271 2179
f 2248 2277 2372
f 2372 2277 2384
f 2401 2390 2385
f 2385 2390 2386
f 2264 2382 2178
f 2178 2382 2370
f 2215 2134 2271
f 2271 2134 2179
f 2005 2000 2199
f 2199 2000 2215
f 2004 2001 2005
f 2005 2001 2000
f 2200 2214 2004
f 2004 2214 2001
f 2470 2471 2473
f 2473 2471 2472
f 2475 2476 2474
f 2474 2476 2477
f 2479 2475 2478
f 2478 2475 2474
f 2481 2482 2480
f 2480 2482 2483
f 2476 2484 2477
f 2477 2484 2485
f 2487 2488 2486
f 2486 2488 2489
f 2133 2490 2058
f 2058 2490 2491
f 2058 2491 2247
f 2247 2491 2492
f 2494 2495 2493
f 2493 2495 2496
f 2476 2483 2484
f 2484 2483 2497
f 2472 2498 2488
f 2488 2498 2489
f 2484 2497 2471
f 2471 2497 2499
f 2500 2479 2496
f 2496 2479 2501
f 2502 2503 2505
f 2505 2503 2504
f 2496 2501 2493
f 2493 2501 2506
f 2479 2478 2501
f 2501 2478 2507
f 2475 2479 2480
f 2480 2479 2500
f 2508 2509 2473
f 2473 2509 2470
f 2509 2510 2470
f 2470 2510 2485
f 2511 2481 2500
f 2500 2481 2480
f 2512 2494 2486
f 2486 2494 2493
f 2485 2484 2470
f 2470 2484 2471
f 2513 2514 2477
f 2477 2514 2474
f 2471 2499 2472
f 2472 2499 2498
f 2476 2475 2483
f 2483 2475 2480
f 2516 2508 2515
f 2515 2508 2473
f 2502 2505 2517
f 2517 2505 2507
f 2504 2487 2505
f 2505 2487 2506
f 2503 2516 2504
f 2504 2516 2515
f 2506 2487 2493
f 2493 2487 2486
f 2517 2507 2518
f 2518 2507 2478
f 2510 2513 2485
f 2485 2513 2477
f 2511 2495 2293
f 2293 2495 2154
f 2514 2518 2474
f 2474 2518 2478
f 2483 2482 2497
f 2497 2482 2492
f 2501 2507 2506
f 2506 2507 2505
f 2488 2487 2515
f 2515 2487 2504
f 2472 2488 2473
f 2473 2488 2515
f 2518 2519 2517
f 2517 2519 2520
f 2521 2519 2514
f 2514 2519 2518
f 2522 2521 2513
f 2513 2521 2514
f 2523 2522 2510
f 2510 2522 2513
f 2517 2520 2502
f 2502 2520 2524
f 2502 2524 2503
f 2503 2524 2525
f 2525 2526 2503
f 2503 2526 2516
f 2527 2524 2528
f 2528 2524 2520
f 2530 2531 2529
f 2529 2531 2532
f 2531 2533 2532
f 2532 2533 2534
f 2531 2535 2533
f 2533 2535 2536
f 2537 2538 2535
f 2535 2538 2539
f 2539 2540 2535
f 2535 2540 2536
f 2537 2535 2530
f 2530 2535 2531
f 2529 2541 2530
f 2530 2541 2542
f 2543 2534 2536
f 2536 2534 2533
f 2519 2521 2543
f 2543 2521 2534
f 2534 2521 2544
f 2544 2521 2522
f 2532 2534 2545
f 2545 2534 2544
f 2529 2532 2546
f 2546 2532 2545
f 2536 2540 2543
f 2543 2540 2528
f 2519 2543 2520
f 2520 2543 2528
f 2541 2529 2547
f 2547 2529 2546
f 2548 2549 2545
f 2545 2549 2546
f 2549 2550 2546
f 2546 2550 2547
f 2551 2552 2548
f 2548 2552 2549
f 2548 2553 2551
f 2551 2553 2554
f 2550 2549 2555
f 2555 2549 2552
f 2545 2544 2548
f 2548 2544 2553
f 2523 2553 2522
f 2522 2553 2544
f 2547 2556 2541
f 2541 2556 2557
f 2541 2557 2542
f 2542 2557 2558
f 2528 2540 2559
f 2559 2540 2539
f 2538 2560 2539
f 2539 2560 2559
f 2561 2527 2559
f 2559 2527 2528
f 2560 2562 2559
f 2559 2562 2561
f 2560 2538 2564
f 2564 2538 2563
f 2558 2557 2563
f 2563 2557 2564
f 2565 2523 2509
f 2509 2523 2510
f 2526 2566 2516
f 2516 2566 2508
f 2509 2508 2565
f 2565 2508 2566
f 2565 2566 2554
f 2554 2566 2567
f 2554 2567 2551
f 2551 2567 2568
f 2569 2567 2526
f 2526 2567 2566
f 2553 2523 2554
f 2554 2523 2565
f 2570 2569 2525
f 2525 2569 2526
f 2524 2527 2525
f 2525 2527 2570
f 2527 2561 2570
f 2570 2561 2571
f 2571 2572 2570
f 2570 2572 2569
f 2573 2574 2571
f 2571 2574 2572
f 2572 2568 2569
f 2569 2568 2567
f 2568 2572 2575
f 2575 2572 2574
f 2562 2573 2561
f 2561 2573 2571
f 2573 2562 2576
f 2576 2562 2577
f 2579 2580 2578
f 2578 2580 2576
f 2574 2573 2580
f 2580 2573 2576
f 2576 2577 2578
f 2578 2577 2556
f 2557 2556 2564
f 2564 2556 2577
f 2562 2560 2577
f 2577 2560 2564
f 2575 2552 2568
f 2568 2552 2551
f 2579 2555 2575
f 2575 2555 2552
f 2579 2575 2580
f 2580 2575 2574
f 2550 2555 2578
f 2578 2555 2579
f 2556 2547 2578
f 2578 2547 2550
f 2558 2537 2542
f 2542 2537 2530
f 2538 2537 2563
f 2563 2537 2558
f 2292 2295 2481
f 2481 2295 2482
f 2486 2489 2512
f 2512 2489 2581
f 2499 2491 2498
f 2498 2491 2490
f 2497 2492 2499
f 2499 2492 2491
f 2155 2154 2494
f 2494 2154 2495
f 2581 2489 2490
f 2490 2489 2498
f 2293 2292 2511
f 2511 2292 2481
f 2191 2155 2512
f 2512 2155 2494
f 2500 2496 2511
f 2511 2496 2495
f 2247 2492 2295
f 2295 2492 2482
f 2583 2584 2582
f 2582 2584 2585
f 2587 2588 2586
f 2586 2588 2589
f 2591 2587 2590
f 2590 2587 2586
f 2593 2594 2592
f 2592 2594 2595
f 2596 2597 2599
f 2599 2597 2598
f 2588 2600 2589
f 2589 2600 2601
f 2602 2603 2605
f 2605 2603 2604
f 2606 2607 2609
f 2609 2607 2608
f 2609 2608 2190
f 2190 2608 2610
f 2611 2612 2614
f 2614 2612 2613
f 2600 2588 2615
f 2615 2588 2595
f 2599 2598 2606
f 2606 2598 2607
f 2584 2616 2604
f 2604 2616 2605
f 2600 2615 2583
f 2583 2615 2617
f 2591 2619 2618
f 2618 2619 2614
f 2621 2622 2620
f 2620 2622 2623
f 2619 2624 2614
f 2614 2624 2611
f 2591 2590 2619
f 2619 2590 2625
f 2587 2591 2592
f 2592 2591 2618
f 2626 2627 2585
f 2585 2627 2582
f 2627 2628 2582
f 2582 2628 2601
f 2629 2593 2618
f 2618 2593 2592
f 2602 2597 2611
f 2611 2597 2612
f 2600 2583 2601
f 2601 2583 2582
f 2630 2631 2589
f 2589 2631 2586
f 2583 2617 2584
f 2584 2617 2616
f 2588 2587 2595
f 2595 2587 2592
f 2633 2626 2632
f 2632 2626 2585
f 2620 2623 2634
f 2634 2623 2625
f 2622 2603 2623
f 2623 2603 2624
f 2621 2633 2622
f 2622 2633 2632
f 2611 2624 2602
f 2602 2624 2603
f 2634 2625 2635
f 2635 2625 2590
f 2628 2630 2601
f 2601 2630 2589
f 2613 2195 2629
f 2629 2195 2194
f 2631 2635 2586
f 2586 2635 2590
f 2595 2594 2615
f 2615 2594 2610
f 2619 2625 2624
f 2624 2625 2623
f 2632 2604 2622
f 2622 2604 2603
f 2585 2584 2632
f 2632 2584 2604
f 2635 2636 2634
f 2634 2636 2637
f 2638 2636 2631
f 2631 2636 2635
f 2639 2638 2630
f 2630 2638 2631
f 2640 2639 2628
f 2628 2639 2630
f 2634 2637 2620
f 2620 2637 2641
f 2620 2641 2621
f 2621 2641 2642
f 2642 2643 2621
f 2621 2643 2633
f 2641 2637 2644
f 2644 2637 2645
f 2646 2647 2649
f 2649 2647 2648
f 2648 2650 2649
f 2649 2650 2651
f 2648 2652 2650
f 2650 2652 2653
f 2652 2654 2656
f 2656 2654 2655
f 2656 2657 2652
f 2652 2657 2653
f 2654 2652 2647
f 2647 2652 2648
f 2647 2646 2659
f 2659 2646 2658
f 2660 2651 2653
f 2653 2651 2650
f 2636 2638 2660
f 2660 2638 2651
f 2651 2638 2661
f 2661 2638 2639
f 2651 2661 2649
f 2649 2661 2662
f 2663 2646 2662
f 2662 2646 2649
f 2653 2657 2660
f 2660 2657 2645
f 2636 2660 2637
f 2637 2660 2645
f 2646 2663 2658
f 2658 2663 2664
f 2665 2666 2662
f 2662 2666 2663
f 2666 2667 2663
f 2663 2667 2664
f 2668 2669 2665
f 2665 2669 2666
f 2665 2670 2668
f 2668 2670 2671
f 2667 2666 2672
f 2672 2666 2669
f 2662 2661 2665
f 2665 2661 2670
f 2640 2670 2639
f 2639 2670 2661
f 2673 2674 2664
f 2664 2674 2658
f 2658 2674 2659
f 2659 2674 2675
f 2645 2657 2676
f 2676 2657 2656
f 2677 2676 2655
f 2655 2676 2656
f 2676 2678 2645
f 2645 2678 2644
f 2677 2679 2676
f 2676 2679 2678
f 2655 2680 2677
f 2677 2680 2681
f 2675 2674 2680
f 2680 2674 2681
f 2682 2640 2627
f 2627 2640 2628
f 2643 2683 2633
f 2633 2683 2626
f 2682 2627 2683
f 2683 2627 2626
f 2683 2684 2682
f 2682 2684 2671
f 2684 2685 2671
f 2671 2685 2668
f 2686 2684 2643
f 2643 2684 2683
f 2670 2640 2671
f 2671 2640 2682
f 2687 2686 2642
f 2642 2686 2643
f 2642 2641 2687
f 2687 2641 2644
f 2687 2644 2688
f 2688 2644 2678
f 2688 2689 2687
f 2687 2689 2686
f 2690 2691 2688
f 2688 2691 2689
f 2689 2685 2686
f 2686 2685 2684
f 2685 2689 2692
f 2692 2689 2691
f 2679 2690 2678
f 2678 2690 2688
f 2690 2679 2693
f 2693 2679 2694
f 2696 2697 2695
f 2695 2697 2693
f 2691 2690 2697
f 2697 2690 2693
f 2693 2694 2695
f 2695 2694 2673
f 2674 2673 2681
f 2681 2673 2694
f 2679 2677 2694
f 2694 2677 2681
f 2685 2692 2668
f 2668 2692 2669
f 2696 2672 2692
f 2692 2672 2669
f 2696 2692 2697
f 2697 2692 2691
f 2695 2667 2696
f 2696 2667 2672
f 2673 2664 2695
f 2695 2664 2667
f 2675 2654 2659
f 2659 2654 2647
f 2655 2654 2680
f 2680 2654 2675
f 2291 2156 2593
f 2593 2156 2594
f 2597 2602 2598
f 2598 2602 2605
f 2616 2617 2607
f 2607 2617 2608
f 2615 2610 2617
f 2617 2610 2608
f 2597 2596 2612
f 2612 2596 2698
f 2598 2605 2607
f 2607 2605 2616
f 2194 2291 2629
f 2629 2291 2593
f 2629 2618 2613
f 2613 2618 2614
f 2190 2610 2156
f 2156 2610 2594
f 2700 2010 2699
f 2699 2010 2086
f 2267 2701 2116
f 2116 2701 2702
f 2116 2702 2117
f 2117 2702 2703
f 2704 2705 2250
f 2250 2705 2254
f 2011 2706 2267
f 2267 2706 2701
f 2699 2086 2707
f 2707 2086 2289
f 2010 2700 2011
f 2011 2700 2706
f 2708 2707 2251
f 2251 2707 2289
f 2703 2704 2117
f 2117 2704 2250
f 2705 2708 2254
f 2254 2708 2251
f 2709 2710 2708
f 2708 2710 2707
f 2711 2709 2705
f 2705 2709 2708
f 2712 2711 2704
f 2704 2711 2705
f 2713 2712 2703
f 2703 2712 2704
f 2707 2710 2699
f 2699 2710 2714
f 2699 2714 2700
f 2700 2714 2715
f 2716 2706 2715
f 2715 2706 2700
f 2714 2710 2717
f 2717 2710 2718
f 2720 2721 2719
f 2719 2721 2722
f 2721 2723 2722
f 2722 2723 2724
f 2721 2725 2723
f 2723 2725 2726
f 2727 2728 2725
f 2725 2728 2726
f 2729 2725 2720
f 2720 2725 2721
f 2731 2729 2730
f 2730 2729 2720
f 2719 2732 2720
f 2720 2732 2730
f 2726 2733 2723
f 2723 2733 2724
f 2709 2711 2733
f 2733 2711 2724
f 2724 2711 2734
f 2734 2711 2712
f 2722 2724 2735
f 2735 2724 2734
f 2719 2722 2736
f 2736 2722 2735
f 2726 2728 2733
f 2733 2728 2718
f 2709 2733 2710
f 2710 2733 2718
f 2732 2719 2737
f 2737 2719 2736
f 2738 2739 2735
f 2735 2739 2736
f 2739 2740 2736
f 2736 2740 2737
f 2741 2742 2738
f 2738 2742 2739
f 2738 2743 2741
f 2741 2743 2744
f 2740 2739 2745
f 2745 2739 2742
f 2735 2734 2738
f 2738 2734 2743
f 2713 2743 2712
f 2712 2743 2734
f 2737 2746 2732
f 2732 2746 2747
f 2732 2747 2730
f 2730 2747 2731
f 2718 2728 2748
f 2748 2728 2727
f 2749 2750 2727
f 2727 2750 2748
f 2748 2751 2718
f 2718 2751 2717
f 2750 2752 2748
f 2748 2752 2751
f 2750 2749 2754
f 2754 2749 2753
f 2731 2747 2753
f 2753 2747 2754
f 2727 2725 2749
f 2749 2725 2729
f 2749 2729 2753
f 2753 2729 2731
f 2702 2755 2703
f 2703 2755 2713
f 2706 2716 2701
f 2701 2716 2756
f 2755 2702 2756
f 2756 2702 2701
f 2756 2757 2755
f 2755 2757 2744
f 2757 2758 2744
f 2744 2758 2741
f 2759 2757 2716
f 2716 2757 2756
f 2743 2713 2744
f 2744 2713 2755
f 2760 2759 2715
f 2715 2759 2716
f 2715 2714 2760
f 2760 2714 2717
f 2760 2717 2761
f 2761 2717 2751
f 2761 2762 2760
f 2760 2762 2759
f 2763 2764 2761
f 2761 2764 2762
f 2762 2758 2759
f 2759 2758 2757
f 2758 2762 2765
f 2765 2762 2764
f 2752 2763 2751
f 2751 2763 2761
f 2763 2752 2766
f 2766 2752 2767
f 2768 2769 2766
f 2766 2769 2770
f 2764 2763 2770
f 2770 2763 2766
f 2766 2767 2768
f 2768 2767 2746
f 2747 2746 2754
f 2754 2746 2767
f 2752 2750 2767
f 2767 2750 2754
f 2758 2765 2741
f 2741 2765 2742
f 2769 2745 2765
f 2765 2745 2742
f 2769 2765 2770
f 2770 2765 2764
f 2768 2740 2769
f 2769 2740 2745
f 2746 2737 2768
f 2768 2737 2740
f 2201 2212 2200
f 2200 2212 2214
f 2201 2202 2212
f 2212 2202 2185
f 2512 2581 2191
f 2191 2581 2192
f 2059 2290 2056
f 2056 2290 2272
f 2174 2199 2294
f 2294 2199 2278
f 2063 2175 2194
f 2194 2175 2291
f 2192 2581 2133
f 2133 2581 2490
f 2133 2132 2192
f 2192 2132 2189
f 2054 2276 2055
f 2055 2276 2138
f 2083 2279 2084
f 2084 2279 2771
f 2771 2279 2599
f 2599 2279 2596
f 2606 2772 2599
f 2599 2772 2771
f 2772 2773 2771
f 2771 2773 2084
f 2773 2774 2084
f 2084 2774 2085
f 2085 2775 2082
f 2082 2775 2144
f 2774 2078 2085
f 2085 2078 2775
f 2078 2774 2079
f 2079 2774 2776
f 2774 2773 2776
f 2776 2773 2777
f 2773 2772 2777
f 2777 2772 2778
f 2190 2189 2609
f 2609 2189 2778
f 2053 2052 2779
f 2779 2052 2181
f 2144 2775 2081
f 2081 2775 2078
f 2294 2153 2174
f 2174 2153 2175
f 2132 2276 2189
f 2189 2276 2778
f 2606 2609 2772
f 2772 2609 2778
f 2195 2613 2698
f 2698 2613 2612
f 2596 2279 2698
f 2698 2279 2195
f 2054 2777 2276
f 2276 2777 2778
f 2777 2054 2776
f 2776 2054 2053
f 2053 2779 2776
f 2776 2779 2079
f 2779 2181 2079
f 2079 2181 2080
f 2181 2239 2080
f 2080 2239 2240
f 2122 2256 2014
f 2042 1982 2076
f 2076 1982 2007
f 1982 1985 2007
f 2007 1985 2008
f 2095 2097 2265
f 2265 2097 2266
f 2076 2050 2042
f 2042 2050 2047
f 2046 2043 2047
f 2047 2043 2042
f 2118 1993 2046
f 2046 1993 2043
f 1995 1994 2118
f 2118 1994 1993
f 2267 1992 2011
f 2011 1992 2012
f 1997 2012 1994
f 1994 2012 1992
f 2226 2013 1997
f 1997 2013 2012
f 2225 2087 2226
f 2226 2087 2013
f 2225 2232 2087
f 2087 2232 2288
f 2232 2070 2288
f 2288 2070 2252
f 2070 2025 2252
f 2252 2025 2253
f 1988 2249 2025
f 2025 2249 2253
f 2116 2115 2267
f 2267 2115 2268
f 2096 1984 2237
f 2237 1984 1991
f 2095 1985 2096
f 2096 1985 1984
f 2265 2008 2095
f 2095 2008 1985
f 2092 2009 2265
f 2265 2009 2008
f 2091 2286 2092
f 2092 2286 2009
f 2255 2238 2091
f 2091 2238 2286
f 2256 2239 2255
f 2255 2239 2238
f 2122 2240 2256
f 2256 2240 2239
f 2121 2241 2122
f 2122 2241 2240
f 2022 2018 2097
f 2097 2018 2266
f 2022 2024 2018
f 2018 2024 2019
f 2024 2072 2019
f 2019 2072 2073
f 2072 2228 2073
f 2073 2228 2230
f 2228 2184 2230
f 2230 2184 2183
f 2121 2285 2241
f 2241 2285 2258
f 2285 2036 2258
f 2258 2036 2257
f 2177 2145 2193
f 2193 2145 2257
f 2173 2193 2196
f 2196 2193 2037
f 2036 2037 2257
f 2257 2037 2193
f 2196 2037 2066
f 2066 2037 2035
f 2061 2108 2034
f 2034 2108 2067
f 2108 2208 2067
f 2067 2208 2204
f 2208 2210 2204
f 2204 2210 2203
f 2210 2280 2203
f 2203 2280 2186
f 2183 2186 2235
f 2235 2186 2280
f 1987 2114 1988
f 1988 2114 2249
f 2237 2115 1987
f 1987 2115 2114
f 1991 2268 2237
f 2237 2268 2115
f 1991 1990 2268
f 2268 1990 1992
f 107 110 2781
f 2781 110 2780
f 117 2782 118
f 118 2782 2783
f 119 2784 120
f 120 2784 2785
f 125 2786 126
f 126 2786 2787
f 127 2788 128
f 128 2788 2789
f 127 132 2788
f 2788 132 2790
f 231 230 2792
f 2792 230 2791
f 118 2783 119
f 119 2783 2784
f 241 243 2794
f 2794 243 2793
f 2781 2795 107
f 107 2795 352
f 120 2785 437
f 437 2785 2796
f 126 2787 110
f 110 2787 2780
f 455 2797 456
f 456 2797 2798
f 128 2789 457
f 457 2789 2799
f 456 2798 117
f 117 2798 2782
f 2794 2797 241
f 241 2797 455
f 457 2799 125
f 125 2799 2786
f 132 231 2790
f 2790 231 2792
f 230 437 2791
f 2791 437 2796
f 2792 2789 2790
f 2790 2789 2788
f 2785 2784 2801
f 2801 2784 2800
f 2786 2802 2787
f 2787 2802 2803
f 2792 2791 2805
f 2805 2791 2804
f 2784 2783 2800
f 2800 2783 2806
f 2785 2801 2796
f 2796 2801 2807
f 2787 2803 2780
f 2780 2803 2808
f 2789 2809 2799
f 2799 2809 2810
f 2799 2810 2786
f 2786 2810 2802
f 2791 2796 2804
f 2804 2796 2807
f 2789 2792 2809
f 2809 2792 2805
f 2812 2797 2811
f 2811 2797 2794
f 2809 2805 2810
f 2810 2805 2804
f 2810 2804 2802
f 2802 2804 2807
f 2802 2807 2803
f 2803 2807 2801
f 2808 2803 2800
f 2800 2803 2801
f 2814 699 2813
f 2813 699 698
f 2808 2815 2780
f 2780 2815 2781
f 2817 2782 2816
f 2816 2782 2798
f 2815 2818 2781
f 2781 2818 2795
f 2797 2812 2798
f 2798 2812 2816
f 2783 2782 2806
f 2806 2782 2817
f 2800 2806 2808
f 2808 2806 2815
f 2794 2793 2811
f 2811 2793 2819
f 174 201 384
f 384 201 362
f 200 1766 390
f 390 1766 1777
f 1777 1778 390
f 390 1778 398
f 1778 361 398
f 398 361 222
f 2820 2821 628
f 628 2821 629
f 1406 2820 790
f 790 2820 628
f 794 1415 1233
f 1233 1415 1234
f 1406 790 1407
f 1407 790 1312
f 1407 1312 2822
f 2822 1312 1316
f 2823 1380 1543
f 1543 1380 1379
f 1385 1738 1382
f 1382 1738 1383
f 1381 791 1382
f 1382 791 1386
f 791 794 1386
f 1386 794 1233
f 1259 1390 1260
f 1260 1390 1389
f 1905 1542 1394
f 1394 1542 1395
f 1410 1413 1397
f 1397 1413 1398
f 2821 1410 629
f 629 1410 1397
f 2823 2822 1380
f 1380 2822 1316
f 1392 1395 1378
f 1378 1395 1379
f 1738 1399 1383
f 1383 1399 1398
f 1388 1235 1389
f 1389 1235 1234
f 1393 1391 1394
f 1394 1391 1390
f 1381 1384 779
f 779 1384 780
f 1282 788 792
f 792 788 793
f 1431 1262 1432
f 1432 1262 1261
f 1400 1342 1408
f 1408 1342 1409
f 1508 1544 1411
f 1411 1544 1412
f 788 787 793
f 793 787 1414
f 2821 2820 1429
f 1429 2820 1430
f 2822 2823 1506
f 1506 2823 1507
f 778 1282 779
f 779 1282 792
f 2820 1406 1430
f 1430 1406 1409
f 1410 2821 1411
f 1411 2821 1429
f 1407 2822 1408
f 1408 2822 1506
f 1544 781 1412
f 1412 781 780
f 1260 1415 1261
f 1261 1415 1414
f 1334 2824 923
f 923 2824 924
f 2826 1268 2825
f 2825 1268 1267
f 769 1212 2827
f 2827 1212 2828
f 1492 1190 1266
f 1266 1190 1267
f 1488 2829 1489
f 1489 2829 2830
f 922 1329 923
f 923 1329 1328
f 1484 2831 1485
f 1485 2831 2832
f 1482 2833 1485
f 1485 2833 1486
f 1324 1493 1489
f 1489 1493 1490
f 1265 1491 1266
f 1266 1491 1490
f 2835 2836 2834
f 2834 2836 2837
f 1250 2838 2827
f 2827 2838 2839
f 1488 1491 2840
f 2840 1491 2841
f 1268 2826 2842
f 2842 2826 2843
f 2844 2845 1495
f 1495 2845 1496
f 1427 2847 2846
f 2846 2847 926
f 2829 1488 2848
f 2848 1488 2840
f 1329 922 2849
f 2849 922 927
f 2850 2851 768
f 768 2851 1213
f 1265 1268 2852
f 2852 1268 2842
f 1491 1265 2841
f 2841 1265 2852
f 2854 2855 2853
f 2853 2855 2856
f 2855 2857 2856
f 2856 2857 598
f 2857 2858 598
f 598 2858 595
f 2858 2859 595
f 595 2859 626
f 649 652 2860
f 2860 652 2861
f 639 642 2862
f 2862 642 2863
f 2864 705 2862
f 2862 705 639
f 2865 1418 2864
f 2864 1418 705
f 2866 2867 2865
f 2865 2867 1418
f 1760 1348 1761
f 1761 1348 2867
f 1764 2868 1197
f 1197 2868 1198
f 2869 611 2868
f 2868 611 1198
f 2870 612 2869
f 2869 612 611
f 1352 1350 944
f 944 1350 688
f 1350 1256 688
f 688 1256 685
f 1256 1255 685
f 685 1255 692
f 1255 2871 692
f 692 2871 2872
f 701 2873 698
f 698 2873 2813
f 2872 1349 692
f 692 1349 693
f 1696 1744 1574
f 1574 1744 1575
f 1753 1618 1577
f 1577 1618 1578
f 1729 1594 1608
f 1608 1594 1609
f 1725 1630 1611
f 1611 1630 1612
f 1604 1607 1625
f 1625 1607 1626
f 1624 1703 1625
f 1625 1703 1912
f 1703 1702 1912
f 1912 1702 1913
f 1702 1753 1913
f 1913 1753 1577
f 1598 1569 1915
f 1915 1569 1578
f 1616 1615 1915
f 1915 1615 1916
f 1615 1696 1916
f 1916 1696 1574
f 1744 1745 1575
f 1575 1745 1917
f 1745 1565 1917
f 1917 1565 1609
f 1568 1725 1608
f 1608 1725 1611
f 2874 1613 1918
f 1918 1613 1612
f 1607 2874 1626
f 1626 2874 1918
f 1610 1613 1562
f 1562 1613 1563
f 1547 1550 1570
f 1570 1550 1571
f 1573 1576 1580
f 1580 1576 1581
f 1553 1556 1595
f 1595 1556 1596
f 1556 1582 1596
f 1596 1582 1581
f 1551 1547 1599
f 1599 1547 1570
f 1731 1914 1601
f 1601 1914 1602
f 1686 1689 1605
f 1605 1689 1606
f 1598 1743 1599
f 1599 1743 1692
f 2874 1607 1723
f 1723 1607 1606
f 1727 1553 1730
f 1730 1553 1595
f 1600 1686 1601
f 1601 1686 1605
f 1914 1572 1602
f 1602 1572 1571
f 1579 1693 1580
f 1580 1693 1692
f 1613 2874 1563
f 1563 2874 1723
f 1561 1727 1562
f 1562 1727 1730
f 1949 1742 1548
f 1548 1742 1549
f 1694 1949 1552
f 1552 1949 1548
f 1954 1589 1554
f 1554 1589 1555
f 1693 1579 1558
f 1558 1579 1559
f 1561 1564 1584
f 1584 1564 1585
f 1582 1556 1588
f 1588 1556 1555
f 1600 1603 1591
f 1591 1603 1592
f 1981 1977 1687
f 1687 1977 1688
f 1564 1722 1585
f 1585 1722 1690
f 1551 1693 1552
f 1552 1693 1558
f 1751 1954 1728
f 1728 1954 1554
f 1590 1981 1591
f 1591 1981 1687
f 1603 1550 1592
f 1592 1550 1549
f 1977 1691 1688
f 1688 1691 1690
f 1587 1560 1588
f 1588 1560 1559
f 1727 1561 1728
f 1728 1561 1584
f 2875 1919 1947
f 1947 1919 1948
f 1557 1560 1952
f 1952 1560 1953
f 1933 1932 1955
f 1955 1932 1956
f 1587 1589 1958
f 1958 1589 1956
f 1959 1933 1965
f 1965 1933 1955
f 1961 1964 1966
f 1966 1964 1967
f 1981 1590 1969
f 1969 1590 1967
f 1742 1949 1972
f 1972 1949 1948
f 1593 1742 1966
f 1966 1742 1972
f 1957 1950 1958
f 1958 1950 1953
f 1583 1586 1974
f 1974 1586 1975
f 1940 1943 1978
f 1978 1943 1979
f 1943 1976 1979
f 1979 1976 1975
f 1951 2875 1952
f 1952 2875 1947
f 1968 1940 1969
f 1969 1940 1978
f 1973 1959 1974
f 1974 1959 1965
f 1923 1971 1920
f 1920 1971 1921
f 1919 2875 1920
f 1920 2875 1924
f 2875 1951 1924
f 1924 1951 1926
f 1950 1957 1929
f 1929 1957 1930
f 2244 2243 1934
f 1934 2243 1935
f 1973 1976 1937
f 1937 1976 1938
f 1944 1980 1941
f 1941 1980 1942
f 1940 1968 1941
f 1941 1968 1945
f 2287 2244 1960
f 1960 2244 1934
f 1970 2245 1962
f 1962 2245 1963
f 2243 1931 1935
f 1935 1931 1930
f 1927 1926 1928
f 1928 1926 1929
f 1961 1922 1962
f 1962 1922 1921
f 2245 1946 1963
f 1963 1946 1945
f 1976 1943 1938
f 1938 1943 1942
f 1936 2287 1937
f 1937 2287 1960
f 743 1238 608
f 608 1238 609
f 607 1811 608
f 608 1811 744
f 1304 2876 1305
f 1305 2876 2877
f 586 585 1298
f 1298 585 1299
f 585 702 1299
f 1299 702 1300
f 702 1428 1300
f 1300 1428 1301
f 1238 586 609
f 609 586 1298
f 2878 2879 1218
f 1218 2879 2877
f 2880 2881 1812
f 1812 2881 1819
f 2883 1821 2882
f 2882 1821 1820
f 2840 2841 620
f 620 2841 621
f 2842 2843 795
f 795 2843 796
f 892 895 2844
f 2844 895 2845
f 2848 2840 942
f 942 2840 620
f 2849 927 1202
f 1202 927 1203
f 2852 2842 1270
f 1270 2842 795
f 2841 2852 621
f 621 2852 1270
f 941 1759 942
f 942 1759 2884
f 659 929 1427
f 1427 929 2847
f 1237 2851 751
f 751 2851 2850
f 1216 2885 1217
f 1217 2885 1754
f 2887 734 2886
f 2886 734 733
f 2889 1816 2888
f 2888 1816 1815
f 2890 1245 2889
f 2889 1245 1816
f 1824 2891 1825
f 1825 2891 1246
f 2892 2893 2895
f 2895 2893 2894
f 1854 1833 1851
f 1851 1833 1832
f 1851 1832 1884
f 1884 1832 1876
f 1884 1876 1441
f 1441 1876 1443
f 1441 1443 1442
f 1442 1443 1446
f 1442 1446 2896
f 2896 1446 1507
f 2897 2823 2898
f 2898 2823 1543
f 1542 2899 1543
f 1543 2899 2898
f 1542 1905 2899
f 2899 1905 2900
f 1905 1259 2900
f 2900 1259 2901
f 1262 1431 2902
f 2902 1431 1904
f 1431 1434 1904
f 1904 1434 1902
f 1902 1434 2903
f 2903 1434 719
f 2903 719 2904
f 2904 719 718
f 1869 1881 718
f 718 1881 2904
f 1881 1869 1880
f 1880 1869 756
f 1880 756 2905
f 2905 756 755
f 2905 755 2906
f 2906 755 758
f 762 2907 763
f 763 2907 2908
f 724 723 2909
f 2909 723 894
f 796 895 723
f 723 895 894
f 2843 2845 796
f 796 2845 895
f 2826 1496 2843
f 2843 1496 2845
f 2825 1497 2826
f 2826 1497 1496
f 1189 2836 2825
f 2825 2836 1497
f 797 891 798
f 798 891 2837
f 802 888 797
f 797 888 891
f 2910 2911 2913
f 2913 2911 2912
f 1780 1783 2915
f 2915 1783 2914
f 2916 2917 831
f 831 2917 832
f 2918 2919 845
f 845 2919 846
f 2920 2916 847
f 847 2916 831
f 2921 2922 857
f 857 2922 858
f 2923 2924 860
f 860 2924 861
f 2919 2912 846
f 846 2912 887
f 2925 2920 940
f 940 2920 847
f 2924 2926 861
f 861 2926 1204
f 2917 2918 832
f 832 2918 845
f 2927 2928 1449
f 1449 2928 1450
f 2929 2930 889
f 889 2930 2931
f 2896 1507 2897
f 2897 1507 2823
f 2902 2901 1262
f 1262 2901 1259
f 2932 2933 750
f 750 2933 1236
f 2933 2934 1236
f 1236 2934 1835
f 2936 2937 2935
f 2935 2937 2938
f 2940 2941 2939
f 2939 2941 2942
f 2943 2944 1841
f 1841 2944 1842
f 2945 1860 2944
f 2944 1860 1842
f 2945 2946 1860
f 1860 2946 1859
f 1889 2947 1890
f 1890 2947 1856
f 1856 2947 1857
f 1857 2947 2948
f 2950 709 2949
f 2949 709 1829
f 2952 730 2951
f 2951 730 729
f 2866 2953 2867
f 2867 2953 1761
f 2953 2954 1761
f 1761 2954 1420
f 2954 2955 1420
f 1420 2955 742
f 2955 2956 742
f 742 2956 739
f 2956 2957 739
f 739 2957 760
f 2957 2958 760
f 760 2958 761
f 2958 2959 761
f 761 2959 2960
f 2959 2961 2960
f 2960 2961 2962
f 2963 2964 1839
f 1839 2964 1840
f 2964 2965 1840
f 1840 2965 2942
f 2966 2950 2939
f 2939 2950 2949
f 2935 2967 2936
f 2936 2967 2968
f 2969 2970 736
f 736 2970 735
f 734 2887 1815
f 1815 2887 2888
f 2887 2882 2888
f 2888 2882 2881
f 1819 1820 1817
f 1817 1820 748
f 1195 1757 1197
f 1197 1757 1424
f 1757 647 1424
f 1424 647 646
f 647 648 646
f 646 648 643
f 648 1271 643
f 643 1271 737
f 1271 725 737
f 737 725 765
f 725 724 765
f 765 724 762
f 762 724 2907
f 2907 724 2909
f 1254 1437 2909
f 2909 1437 2907
f 1438 1253 1836
f 1836 1253 1835
f 1836 1835 2938
f 2938 1835 2934
f 2971 2972 2935
f 2935 2972 2967
f 897 896 2969
f 2969 896 2970
f 1815 1814 734
f 734 1814 731
f 728 1215 896
f 896 1215 732
f 2885 1216 733
f 733 1216 2886
f 1216 1219 2886
f 2886 1219 2883
f 2876 1304 1821
f 1821 1304 749
f 1304 1303 749
f 749 1303 746
f 1818 2973 1817
f 1817 2973 1810
f 747 2974 1818
f 1818 2974 2973
f 747 746 2974
f 2974 746 1303
f 2976 2977 2975
f 2975 2977 2978
f 2976 2979 2901
f 2901 2979 2900
f 2980 2981 2982
f 2982 2981 2979
f 2981 2980 2983
f 2983 2980 2984
f 2985 2897 2983
f 2983 2897 2898
f 2987 2988 2986
f 2986 2988 2985
f 2896 2988 1442
f 1442 2988 1439
f 1903 2977 1904
f 1904 2977 2902
f 1856 1855 1890
f 1890 1855 2989
f 2989 2990 1890
f 1890 2990 1359
f 2990 2991 1359
f 1359 2991 1356
f 2946 2992 1859
f 1859 2992 1893
f 2992 2993 1893
f 1893 2993 775
f 2993 2994 775
f 775 2994 776
f 2986 1356 2987
f 2987 1356 2991
f 2975 2978 776
f 776 2978 777
f 2982 2994 2980
f 2980 2994 2995
f 1357 2984 2995
f 2995 2984 2980
f 2995 2996 1357
f 1357 2996 1358
f 2996 2997 1358
f 1358 2997 1889
f 2998 2999 2932
f 2932 2999 2933
f 2999 2971 2933
f 2933 2971 2934
f 1837 1836 2937
f 2937 1836 2938
f 2943 1841 2941
f 2941 1841 1838
f 3001 2944 3000
f 3000 2944 2943
f 3001 3002 2944
f 2944 3002 2945
f 3002 3003 2945
f 2945 3003 2946
f 2997 3003 1889
f 1889 3003 2947
f 2947 3003 2948
f 2948 3003 3002
f 3001 3004 3002
f 3002 3004 2948
f 3000 3005 3001
f 3001 3005 3004
f 2940 3006 3000
f 3000 3006 3005
f 2999 3007 2971
f 2971 3007 2972
f 2998 2951 2999
f 2999 2951 3007
f 3008 2952 2998
f 2998 2952 2951
f 2966 2965 2936
f 2936 2965 2937
f 2935 2938 2971
f 2971 2938 2934
f 3003 2997 2946
f 2946 2997 2992
f 2997 2996 2992
f 2992 2996 2993
f 2996 2995 2993
f 2993 2995 2994
f 1356 2986 1357
f 1357 2986 2984
f 2982 2975 2994
f 2994 2975 776
f 1844 1843 1899
f 1899 1843 3009
f 1843 638 3009
f 3009 638 3010
f 638 637 3010
f 3010 637 3011
f 637 1830 3011
f 3011 1830 3012
f 1830 1833 3012
f 3012 1833 2894
f 1833 1854 2894
f 2894 1854 2895
f 1854 1853 2895
f 2895 1853 1888
f 1858 1857 1885
f 1885 1857 1892
f 1899 3009 1898
f 1898 3009 1874
f 3009 3010 1874
f 1874 3010 1865
f 3010 3011 1865
f 1865 3011 1862
f 3011 3012 1862
f 1862 3012 1882
f 3012 2894 1882
f 1882 2894 2893
f 1850 2890 782
f 782 2890 2889
f 783 2880 1811
f 1811 2880 1812
f 744 1810 745
f 745 1810 2973
f 745 2973 805
f 805 2973 806
f 2973 2974 806
f 806 2974 815
f 1303 812 2974
f 2974 812 815
f 1303 1302 812
f 812 1302 1221
f 1307 3013 1302
f 1302 3013 1221
f 1734 3014 1633
f 1633 3014 1634
f 1646 1649 1636
f 1636 1649 1637
f 1654 1657 1641
f 1641 1657 1642
f 1639 1736 1636
f 1636 1736 1684
f 1716 1713 1698
f 1698 1713 1699
f 1718 1721 1705
f 1705 1721 1706
f 1653 1654 1709
f 1709 1654 1641
f 1620 1623 1714
f 1714 1623 1699
f 1712 1682 1714
f 1714 1682 1740
f 1668 1671 1746
f 1746 1671 1747
f 1752 1650 1749
f 1749 1650 1750
f 1750 1650 1709
f 1709 1650 1653
f 1632 1668 1633
f 1633 1668 1746
f 1649 1752 1637
f 1637 1752 1749
f 1682 1643 1740
f 1740 1643 1642
f 3014 1685 1634
f 1634 1685 1684
f 1704 1748 1705
f 1705 1748 1747
f 1697 1707 1698
f 1698 1707 1706
f 1739 1701 1621
f 1621 1701 1622
f 1567 1566 1647
f 1647 1566 1648
f 1664 1695 1651
f 1651 1695 1652
f 1614 1617 1655
f 1655 1617 1656
f 1704 1707 1659
f 1659 1707 1660
f 3014 1734 1662
f 1662 1734 1663
f 1650 1752 1651
f 1651 1752 1665
f 1741 1657 1667
f 1667 1657 1656
f 1695 1614 1652
f 1652 1614 1655
f 1724 1567 1726
f 1726 1567 1647
f 1645 1628 1733
f 1733 1628 1663
f 1685 3014 1726
f 1726 3014 1662
f 1620 1741 1621
f 1621 1741 1667
f 1566 1666 1648
f 1648 1666 1665
f 1658 1737 1659
f 1659 1737 1901
f 1911 1661 1910
f 1910 1661 1660
f 1701 1911 1622
f 1622 1911 1910
f 1732 1748 1733
f 1733 1748 1901
f 1857 2948 1892
f 1892 2948 3004
f 1892 3004 1891
f 1891 3004 3005
f 1828 3006 1829
f 1829 3006 2949
f 2967 736 2968
f 2968 736 710
f 2972 2969 2967
f 2967 2969 736
f 2969 2972 897
f 897 2972 3007
f 897 3007 729
f 729 3007 2951
f 3016 753 3015
f 3015 753 752
f 3018 767 3017
f 3017 767 766
f 3019 3020 1249
f 1249 3020 3021
f 2915 2914 3019
f 3019 2914 3020
f 3023 2914 3022
f 3022 2914 1783
f 2827 2839 769
f 769 2839 766
f 3025 2838 3024
f 3024 2838 3021
f 768 767 2850
f 2850 767 3026
f 2850 3026 751
f 751 3026 752
f 750 753 2932
f 2932 753 3027
f 3008 2998 3027
f 3027 2998 2932
f 3028 3029 3008
f 3008 3029 2952
f 3029 3030 2952
f 2952 3030 730
f 3032 3033 3031
f 3031 3033 3034
f 3036 3037 3035
f 3035 3037 3038
f 2870 3039 612
f 612 3039 3040
f 3041 3042 3031
f 3031 3042 3038
f 3034 1352 3043
f 3043 1352 944
f 612 3040 613
f 613 3040 3044
f 613 3044 1425
f 1425 3044 1422
f 3045 3042 669
f 669 3042 670
f 3041 3043 599
f 599 3043 600
f 772 771 1544
f 1544 771 781
f 1503 771 1866
f 1866 771 770
f 771 1503 781
f 781 1503 778
f 61 281 416
f 416 281 1907
f 283 103 3046
f 3046 103 3047
f 76 79 3048
f 3048 79 3049
f 280 76 1906
f 1906 76 3048
f 3051 335 3050
f 3050 335 334
f 3053 417 3052
f 3052 417 416
f 3055 435 3054
f 3054 435 434
f 428 435 419
f 419 435 1908
f 420 1909 293
f 293 1909 443
f 79 294 3049
f 3049 294 444
f 3057 444 3056
f 3056 444 443
f 3051 3058 335
f 335 3058 452
f 216 215 1332
f 1332 215 452
f 308 283 462
f 462 283 3046
f 3050 334 3059
f 3059 334 462
f 103 62 3047
f 3047 62 417
f 313 312 434
f 434 312 463
f 3061 574 3060
f 3060 574 573
f 1310 3062 1428
f 1428 3062 3063
f 1258 3064 1255
f 1255 3064 2871
f 932 3065 2853
f 2853 3065 3066
f 699 2814 931
f 931 2814 3067
f 3068 1301 3063
f 3063 1301 1428
f 571 574 1310
f 1310 574 3062
f 3060 573 3069
f 3069 573 1332
f 3070 3071 1906
f 1906 3071 1907
f 3072 3073 1908
f 1908 3073 1909
f 3075 2814 3074
f 3074 2814 2813
f 2854 3076 1258
f 1258 3076 3064
f 2871 3077 2872
f 2872 3077 3078
f 3074 2813 3079
f 3079 2813 2873
f 2872 3078 1349
f 1349 3078 3080
f 2873 701 3068
f 3068 701 1301
f 1330 1201 3080
f 3080 1201 1349
f 1264 1263 3081
f 3081 1263 3082
f 3083 3084 3082
f 3082 3084 3081
f 811 1448 3086
f 3086 1448 3085
f 808 811 3087
f 3087 811 3086
f 3088 3083 833
f 833 3083 3082
f 884 3089 885
f 885 3089 3090
f 3087 1790 808
f 808 1790 816
f 1790 3087 1787
f 1787 3087 3091
f 3092 3091 3086
f 3086 3091 3087
f 3093 3094 3084
f 3084 3094 3095
f 3089 3096 3090
f 3090 3096 3088
f 3097 3093 3083
f 3083 3093 3084
f 3099 3100 3098
f 3098 3100 1786
f 3101 1788 2913
f 2913 1788 3102
f 838 837 885
f 885 837 886
f 886 837 3103
f 3103 837 1541
f 3094 3093 3104
f 3104 3093 3097
f 3105 3106 3089
f 3089 3106 3096
f 3108 3109 3107
f 3107 3109 3110
f 3111 3112 3091
f 3091 3112 1787
f 3114 3108 3113
f 3113 3108 3107
f 3114 3115 3112
f 3112 3115 3102
f 3091 3092 3111
f 3111 3092 3116
f 839 838 835
f 835 838 836
f 885 3090 838
f 838 3090 836
f 3110 3117 1247
f 1247 3117 3118
f 1247 3118 1248
f 1248 3118 3119
f 3120 3121 3119
f 3119 3121 1248
f 1247 844 3110
f 3110 844 3107
f 844 843 3107
f 3107 843 3113
f 843 3099 3113
f 3113 3099 3122
f 1781 3123 3098
f 3098 3123 3124
f 2915 2931 1780
f 1780 2931 2930
f 3019 3125 2915
f 2915 3125 2931
f 890 3125 2834
f 2834 3125 1252
f 3125 3019 1252
f 1252 3019 1249
f 907 908 946
f 946 908 947
f 1185 1188 1369
f 1369 1188 948
f 954 957 951
f 951 957 952
f 910 965 953
f 953 965 950
f 905 958 960
f 960 958 961
f 3126 978 949
f 949 978 962
f 936 935 967
f 967 935 968
f 994 993 969
f 969 993 966
f 902 904 971
f 971 904 972
f 983 985 973
f 973 985 970
f 906 905 974
f 974 905 960
f 977 981 959
f 959 981 975
f 911 910 1143
f 1143 910 953
f 952 957 1142
f 1142 957 1145
f 911 1143 1366
f 1366 1143 1368
f 1185 1369 1145
f 1145 1369 1142
f 993 1519 966
f 966 1519 1456
f 965 1454 950
f 950 1454 1457
f 900 899 1459
f 1459 899 1460
f 988 991 1461
f 1461 991 1458
f 899 963 1460
f 1460 963 1462
f 985 987 970
f 970 987 1463
f 904 906 972
f 972 906 974
f 981 983 975
f 975 983 973
f 935 900 968
f 968 900 1459
f 991 994 1458
f 1458 994 969
f 1154 1526 1088
f 1088 1526 1089
f 1109 1112 1092
f 1092 1112 1093
f 1083 1098 1084
f 1084 1098 1097
f 1078 1471 1100
f 1100 1471 1101
f 1075 1078 1104
f 1104 1078 1100
f 1152 1154 1156
f 1156 1154 1088
f 1156 1155 1372
f 1372 1155 1373
f 1372 1373 1104
f 1104 1373 1075
f 1467 1109 1465
f 1465 1109 1092
f 1465 1182 1468
f 1468 1182 1184
f 1474 1470 1096
f 1096 1470 1097
f 1102 1101 1083
f 1083 1101 1098
f 1112 1531 1093
f 1093 1531 1529
f 1102 1073 1099
f 1099 1073 1072
f 1526 1154 1079
f 1079 1154 1080
f 1081 1091 1082
f 1082 1091 1094
f 1069 1068 1085
f 1085 1068 1086
f 1153 1151 1080
f 1080 1151 1058
f 1371 1177 1179
f 1179 1177 1176
f 1099 1072 1103
f 1103 1072 1176
f 1068 1071 1086
f 1086 1071 1073
f 1085 1084 1180
f 1180 1084 1469
f 1066 1065 1183
f 1183 1065 1181
f 1153 1152 1177
f 1177 1152 1178
f 1091 1081 1182
f 1182 1081 1183
f 1057 1525 1079
f 1079 1525 1527
f 1120 1117 1076
f 1076 1117 1077
f 1087 1090 1107
f 1107 1090 1108
f 1127 1126 1110
f 1110 1126 1111
f 1095 1116 1096
f 1096 1116 1115
f 1471 1078 1119
f 1119 1078 1077
f 1087 1107 1155
f 1155 1107 1158
f 1376 1374 1157
f 1157 1374 1158
f 1076 1075 1374
f 1374 1075 1373
f 1109 1467 1110
f 1110 1467 1472
f 1467 1466 1472
f 1472 1466 1473
f 1135 1475 1114
f 1114 1475 1115
f 1471 1119 1095
f 1095 1119 1116
f 1126 1532 1111
f 1111 1532 1530
f 914 1276 1480
f 1480 1276 1517
f 3127 3128 1223
f 1223 3128 1224
f 824 933 1455
f 1455 933 3129
f 3131 1448 3130
f 3130 1448 1447
f 3132 3133 1452
f 1452 3133 1453
f 3130 1447 1322
f 1322 1447 1455
f 933 1514 3129
f 3129 1514 3134
f 1161 3135 1480
f 1480 3135 1481
f 3128 3136 1224
f 1224 3136 1499
f 3133 1162 1453
f 1453 1162 1517
f 1515 3127 1535
f 1535 3127 1223
f 3095 3085 3131
f 3131 3085 1448
f 3137 3092 3085
f 3085 3092 3086
f 3138 3116 3137
f 3137 3116 3092
f 3110 3109 3117
f 3117 3109 3139
f 3105 3140 3117
f 3117 3140 3118
f 3140 3141 3118
f 3118 3141 3119
f 3142 3120 3141
f 3141 3120 3119
f 1498 3143 1277
f 1277 3143 882
f 3144 3145 1340
f 1340 3145 1339
f 1340 3146 3144
f 3144 3146 3147
f 3145 3144 3143
f 3143 3144 3148
f 871 901 872
f 872 901 1362
f 3149 3148 3147
f 3147 3148 3144
f 1208 3150 1209
f 3098 1786 1781
f 1781 1786 1782
f 2930 2929 3123
f 3123 2929 2911
f 1794 1791 2916
f 2916 1791 2917
f 1793 3101 2918
f 2918 3101 2919
f 1796 1794 2920
f 2920 1794 2916
f 3151 3152 2921
f 2921 3152 2922
f 3153 3154 2923
f 2923 3154 2924
f 2919 3101 2912
f 2912 3101 2913
f 3155 1796 2925
f 2925 1796 2920
f 3154 3156 2924
f 2924 3156 2926
f 1791 1793 2917
f 2917 1793 2918
f 3157 3158 2927
f 2927 3158 2928
f 1780 2930 1781
f 1781 2930 3123
f 2825 1267 1189
f 1189 1267 1190
f 2827 2828 1250
f 1250 2828 1251
f 1489 2830 1324
f 1324 2830 1325
f 923 1328 1334
f 1334 1328 1335
f 1485 2832 1482
f 1482 2832 1483
f 1266 1490 1492
f 1492 1490 1493
f 1333 1346 1334
f 1334 1346 2824
f 722 799 1492
f 1492 799 1190
f 664 657 1482
f 1482 657 2833
f 631 634 1324
f 1324 634 1493
f 2828 1494 1251
f 1251 1494 2835
f 1249 3021 1250
f 1250 3021 2838
f 798 2837 1189
f 1189 2837 2836
f 3100 842 3160
f 3160 842 3159
f 1788 3101 1789
f 1789 3101 1793
f 1792 816 1789
f 1789 816 1790
f 817 816 1795
f 1795 816 1792
f 938 817 1797
f 1797 817 1795
f 1796 3155 1797
f 1797 3155 1798
f 3155 3158 1798
f 1798 3158 1799
f 3157 3152 1801
f 1801 3152 1802
f 3151 3156 1803
f 1803 3156 1804
f 3154 3153 1805
f 1805 3153 1806
f 3153 3161 1806
f 1806 3161 1807
f 3099 843 3100
f 3100 843 842
f 1788 1787 3102
f 3102 1787 3112
f 2910 3115 3124
f 3124 3115 3122
f 3099 3098 3122
f 3122 3098 3124
f 416 1907 3052
f 3052 1907 3071
f 3046 3047 3163
f 3163 3047 3162
f 249 445 259
f 259 445 3164
f 425 3165 424
f 424 3165 461
f 408 410 329
f 329 410 330
f 39 331 40
f 40 331 332
f 305 304 423
f 423 304 464
f 385 254 458
f 458 254 392
f 250 415 251
f 251 415 412
f 233 337 234
f 234 337 3166
f 435 3055 1908
f 1908 3055 3072
f 443 1909 3056
f 3056 1909 3073
f 3167 3049 3057
f 3057 3049 444
f 452 3058 1332
f 1332 3058 3069
f 234 3166 346
f 346 3166 411
f 3046 3163 462
f 462 3163 3059
f 259 3164 260
f 260 3164 336
f 3047 417 3162
f 3162 417 3053
f 463 3168 434
f 434 3168 3054
f 454 830 425
f 425 830 3165
f 3062 3169 3063
f 3063 3169 3170
f 1355 1354 1534
f 1534 1354 3171
f 3063 3170 3068
f 3068 3170 3172
f 574 3061 3062
f 3062 3061 3169
f 1534 3171 1535
f 1535 3171 3173
f 3079 2873 3172
f 3172 2873 3068
f 2838 3025 2839
f 2839 3025 3174
f 3176 3177 3175
f 3175 3177 3178
f 3180 1125 3179
f 3179 1125 1128
f 3182 3183 3181
f 3181 3183 3184
f 1134 3185 1130
f 1130 3185 3182
f 3186 3187 3189
f 3189 3187 3188
f 3191 3189 3190
f 3190 3189 3188
f 1137 1122 3190
f 3190 1122 3192
f 3175 3178 3193
f 3193 3178 3194
f 3181 3184 3179
f 3179 3184 3195
f 3197 3198 3196
f 3196 3198 3180
f 3200 3178 3199
f 3199 3178 3177
f 3202 3196 3201
f 3201 3196 3195
f 3204 3184 3203
f 3203 3184 3183
f 3206 3207 3205
f 3205 3207 3186
f 3205 3186 3208
f 3208 3186 3189
f 3209 3208 3191
f 3191 3208 3189
f 3210 3194 3200
f 3200 3194 3178
f 3201 3195 3204
f 3204 3195 3184
f 3197 3211 3177
f 3177 3211 3199
f 3213 3214 3212
f 3212 3214 3215
f 3217 3218 3216
f 3216 3218 3219
f 3221 3222 3220
f 3220 3222 3223
f 3225 3226 3224
f 3224 3226 3227
f 3229 3230 3228
f 3228 3230 3231
f 3233 3234 3232
f 3232 3234 3235
f 3237 3238 3236
f 3236 3238 3239
f 3238 3240 3239
f 3239 3240 3241
f 3232 3235 3242
f 3242 3235 3243
f 3245 3246 3244
f 3244 3246 3247
f 3248 3249 3245
f 3245 3249 3246
f 3251 3252 3250
f 3250 3252 3253
f 3255 3252 3254
f 3254 3252 3251
f 3256 3257 3259
f 3259 3257 3258
f 3261 3262 3260
f 3260 3262 3263
f 3265 3263 3264
f 3264 3263 3262
f 3256 3259 3266
f 3266 3259 3267
f 3269 3270 3268
f 3268 3270 3271
f 3269 3272 3270
f 3270 3272 3273
f 3274 3275 3277
f 3277 3275 3276
f 3278 3279 3276
f 3276 3279 3277
f 3281 3282 3280
f 3280 3282 3283
f 3280 3284 3281
f 3281 3284 3285
f 3287 3288 3286
f 3286 3288 3289
f 3290 3291 3288
f 3288 3291 3289
f 3234 3218 3235
f 3235 3218 3217
f 3232 3292 3233
f 3233 3292 3293
f 3239 3294 3236
f 3236 3294 3219
f 3233 3293 3237
f 3237 3293 3295
f 3296 3294 3241
f 3241 3294 3239
f 3240 3238 3297
f 3297 3238 3298
f 3217 3216 3235
f 3235 3216 3243
f 3297 3299 3240
f 3240 3299 3242
f 3246 3300 3247
f 3247 3300 3223
f 3301 3302 3254
f 3254 3302 3244
f 3249 3303 3246
f 3246 3303 3300
f 3245 3304 3248
f 3248 3304 3292
f 3252 3221 3253
f 3253 3221 3220
f 3250 3248 3299
f 3299 3248 3292
f 3222 3221 3255
f 3255 3221 3252
f 3297 3301 3251
f 3251 3301 3254
f 3258 3214 3259
f 3259 3214 3213
f 3257 3256 3304
f 3304 3256 3305
f 3263 3306 3260
f 3260 3306 3215
f 3261 3257 3302
f 3302 3257 3304
f 3307 3306 3265
f 3265 3306 3263
f 3262 3301 3264
f 3264 3301 3308
f 3259 3213 3267
f 3267 3213 3212
f 3308 3309 3264
f 3264 3309 3266
f 3270 3310 3271
f 3271 3310 3231
f 3311 3312 3278
f 3278 3312 3268
f 3270 3273 3310
f 3310 3273 3313
f 3272 3269 3305
f 3305 3269 3314
f 3277 3229 3274
f 3274 3229 3228
f 3275 3272 3309
f 3309 3272 3305
f 3279 3230 3277
f 3277 3230 3229
f 3276 3308 3278
f 3278 3308 3311
f 3281 3315 3282
f 3282 3315 3227
f 3290 3316 3283
f 3283 3316 3317
f 3281 3285 3315
f 3315 3285 3318
f 3284 3280 3314
f 3314 3280 3319
f 3289 3225 3286
f 3286 3225 3224
f 3287 3284 3312
f 3284 3314 3312
f 3291 3226 3289
f 3289 3226 3225
f 3288 3311 3290
f 3290 3311 3316
f 3212 3215 3307
f 3307 3215 3306
f 3294 3296 3219
f 3219 3296 3216
f 3303 3220 3300
f 3300 3220 3223
f 3224 3227 3318
f 3318 3227 3315
f 3228 3231 3313
f 3313 3231 3310
f 3234 3233 3236
f 3236 3233 3237
f 3243 3241 3242
f 3242 3241 3240
f 3247 3255 3244
f 3244 3255 3254
f 3253 3249 3250
f 3250 3249 3248
f 3260 3258 3261
f 3261 3258 3257
f 3266 3267 3264
f 3264 3267 3265
f 3268 3271 3278
f 3278 3271 3279
f 3274 3273 3275
f 3275 3273 3272
f 3283 3282 3290
f 3290 3282 3291
f 3286 3285 3287
f 3287 3285 3284
f 3218 3234 3219
f 3219 3234 3236
f 3295 3298 3237
f 3237 3298 3238
f 3216 3296 3243
f 3243 3296 3241
f 3242 3299 3232
f 3232 3299 3292
f 3223 3222 3247
f 3247 3222 3255
f 3244 3302 3245
f 3245 3302 3304
f 3303 3249 3220
f 3220 3249 3253
f 3297 3251 3299
f 3299 3251 3250
f 3215 3214 3260
f 3260 3214 3258
f 3301 3262 3302
f 3302 3262 3261
f 3212 3307 3267
f 3267 3307 3265
f 3266 3309 3256
f 3256 3309 3305
f 3271 3231 3279
f 3279 3231 3230
f 3268 3312 3269
f 3269 3312 3314
f 3228 3313 3274
f 3274 3313 3273
f 3308 3276 3309
f 3309 3276 3275
f 3282 3227 3291
f 3291 3227 3226
f 3317 3319 3283
f 3283 3319 3280
f 3224 3318 3286
f 3286 3318 3285
f 3312 3311 3287
f 3311 3288 3287
f 3320 3321 3194
f 3194 3321 3193
f 1375 3321 1121
f 1121 3321 3322
f 3323 3324 3322
f 3322 3324 3192
f 3175 1124 3176
f 3176 1124 1123
f 3179 3195 3180
f 3180 3195 3196
f 3181 1131 3182
f 3182 1131 1130
f 3207 3185 3186
f 3186 3185 3187
f 1136 3188 1133
f 1133 3188 3187
f 3190 3188 1137
f 1137 3188 1136
f 3193 1159 3175
f 3175 1159 1124
f 3179 1128 3181
f 3181 1128 1131
f 1533 3198 1123
f 1123 3198 3176
f 3321 1375 3193
f 3193 1375 1159
f 3321 3320 3322
f 3322 3320 3323
f 1122 1121 3192
f 3192 1121 3322
f 3194 3210 3320
f 3320 3210 3325
f 3324 3323 3327
f 3327 3323 3326
f 3320 3325 3323
f 3323 3325 3326
f 3208 3328 3205
f 3205 3328 3329
f 3330 3206 3329
f 3329 3206 3205
f 3203 3331 3204
f 3204 3331 3332
f 3210 3333 3325
f 3325 3333 3334
f 3325 3334 3326
f 3326 3334 3335
f 3327 3326 3336
f 3336 3326 3335
f 3327 3209 3324
f 3324 3209 3191
f 3190 3192 3191
f 3191 3192 3324
f 3338 3339 3337
f 3337 3339 3340
f 3338 3341 3339
f 3339 3341 3342
f 3341 3343 3342
f 3342 3343 3344
f 3343 3345 3344
f 3344 3345 3346
f 3345 3347 3346
f 3346 3347 3348
f 3347 3349 3348
f 3348 3349 3350
f 3337 3340 3351
f 3351 3340 3352
f 3351 3352 3353
f 3353 3352 3354
f 3353 3354 3355
f 3355 3354 3356
f 3350 3349 3357
f 3357 3349 3358
f 3355 3356 3359
f 3359 3356 3360
f 3359 3360 3361
f 3361 3360 3362
f 3361 3362 3363
f 3363 3362 3364
f 3363 3364 3358
f 3358 3364 3357
f 3339 3342 3365
f 3365 3342 3366
f 3342 3344 3366
f 3366 3344 3367
f 3344 3346 3367
f 3367 3346 3368
f 3346 3348 3368
f 3368 3348 3369
f 3348 3350 3369
f 3369 3350 3370
f 3368 3369 3371
f 3371 3369 3372
f 3369 3370 3372
f 3372 3370 3373
f 3373 3374 3372
f 3372 3374 3375
f 3377 3378 3376
f 3376 3378 3379
f 3377 3375 3378
f 3378 3375 3374
f 3375 3380 3372
f 3372 3380 3371
f 3377 3381 3375
f 3375 3381 3380
f 3376 3382 3377
f 3377 3382 3381
f 3384 3385 3383
f 3383 3385 3386
f 3384 3383 3388
f 3388 3383 3387
f 3388 3387 3389
f 3389 3387 3390
f 3392 3385 3391
f 3391 3385 3384
f 3388 3393 3384
f 3384 3393 3391
f 3389 3394 3388
f 3388 3394 3393
f 3389 3395 3394
f 3394 3395 3396
f 3395 3389 3397
f 3397 3389 3390
f 3339 3365 3340
f 3340 3365 3398
f 3340 3398 3352
f 3352 3398 3399
f 3371 3400 3368
f 3368 3400 3367
f 3400 3401 3367
f 3367 3401 3366
f 3366 3401 3365
f 3365 3401 3402
f 3398 3365 3403
f 3403 3365 3402
f 3398 3403 3399
f 3399 3403 3404
f 3403 3405 3404
f 3404 3405 3406
f 3352 3399 3354
f 3354 3399 3407
f 3399 3404 3407
f 3407 3404 3408
f 3404 3406 3408
f 3408 3406 3409
f 3405 3410 3406
f 3406 3410 3411
f 3410 3412 3411
f 3411 3412 3413
f 3397 3414 3395
f 3395 3414 3415
f 3417 3415 3416
f 3416 3415 3412
f 3410 3418 3412
f 3412 3418 3416
f 3410 3405 3418
f 3418 3405 3419
f 3405 3403 3419
f 3419 3403 3402
f 3370 3350 3420
f 3420 3350 3357
f 3373 3370 3421
f 3421 3370 3420
f 3374 3373 3422
f 3422 3373 3421
f 3378 3374 3423
f 3423 3374 3422
f 3378 3423 3379
f 3379 3423 3424
f 3424 3425 3379
f 3379 3425 3386
f 3383 3426 3387
f 3387 3426 3427
f 3387 3427 3390
f 3390 3427 3428
f 3390 3428 3397
f 3397 3428 3429
f 3429 3430 3397
f 3397 3430 3414
f 3411 3413 3431
f 3431 3413 3432
f 3406 3411 3409
f 3409 3411 3431
f 3401 3400 3335
f 3335 3400 3336
f 3401 3335 3402
f 3402 3335 3334
f 3402 3334 3419
f 3419 3334 3333
f 3419 3333 3418
f 3418 3333 3433
f 3418 3433 3416
f 3416 3433 3434
f 3435 3417 3434
f 3434 3417 3416
f 3394 3396 3436
f 3436 3396 3437
f 3393 3394 3332
f 3332 3394 3436
f 3393 3332 3391
f 3391 3332 3331
f 3330 3392 3331
f 3331 3392 3391
f 3382 3329 3381
f 3381 3329 3328
f 3354 3407 3356
f 3356 3407 3438
f 3356 3438 3360
f 3360 3438 3439
f 3360 3439 3362
f 3362 3439 3440
f 3362 3440 3364
f 3364 3440 3441
f 3364 3441 3357
f 3357 3441 3420
f 3421 3420 3442
f 3442 3420 3441
f 3442 3441 3443
f 3443 3441 3440
f 3443 3440 3444
f 3444 3440 3439
f 3444 3439 3445
f 3445 3439 3438
f 3445 3438 3408
f 3408 3438 3407
f 3422 3421 3446
f 3446 3421 3442
f 3446 3442 3447
f 3447 3442 3443
f 3447 3443 3448
f 3448 3443 3444
f 3448 3444 3449
f 3449 3444 3445
f 3449 3445 3409
f 3409 3445 3408
f 3409 3431 3449
f 3449 3431 3450
f 3449 3450 3448
f 3448 3450 3451
f 3451 3452 3448
f 3448 3452 3447
f 3447 3452 3446
f 3446 3452 3453
f 3446 3453 3422
f 3422 3453 3423
f 3424 3423 3454
f 3454 3423 3453
f 3452 3455 3453
f 3453 3455 3454
f 3452 3451 3455
f 3455 3451 3456
f 3450 3457 3451
f 3451 3457 3456
f 3431 3432 3450
f 3450 3432 3457
f 3454 3458 3424
f 3424 3458 3425
f 3427 3426 3459
f 3459 3426 3460
f 3428 3427 3461
f 3461 3427 3459
f 3428 3461 3429
f 3429 3461 3462
f 3462 3463 3429
f 3429 3463 3430
f 3464 3465 3462
f 3462 3465 3463
f 3455 3466 3454
f 3454 3466 3458
f 3465 3464 3466
f 3466 3464 3467
f 3461 3459 3468
f 3468 3459 3469
f 3468 3469 3464
f 3464 3469 3467
f 3464 3462 3468
f 3468 3462 3461
f 3459 3460 3469
f 3469 3460 3467
f 3295 3351 3298
f 3298 3351 3353
f 3353 3355 3298
f 3298 3355 3297
f 3297 3355 3301
f 3301 3355 3359
f 3301 3359 3308
f 3308 3359 3361
f 3308 3361 3311
f 3311 3361 3363
f 3311 3363 3316
f 3316 3363 3358
f 3316 3358 3317
f 3317 3358 3349
f 3349 3347 3317
f 3317 3347 3319
f 3347 3345 3319
f 3319 3345 3314
f 3345 3343 3314
f 3314 3343 3305
f 3343 3341 3305
f 3305 3341 3304
f 3304 3341 3292
f 3292 3341 3338
f 3292 3338 3293
f 3293 3338 3337
f 3293 3337 3295
f 3295 3337 3351
f 3437 3202 3436
f 3436 3202 3201
f 3436 3201 3332
f 3332 3201 3204
f 3433 3200 3434
f 3434 3200 3199
f 3211 3435 3199
f 3199 3435 3434
f 3333 3210 3433
f 3433 3210 3200
f 3380 3470 3371
f 3400 3371 3336
f 3336 3371 3470
f 3381 3328 3380
f 3380 3328 3470
f 3470 3328 3209
f 3209 3328 3208
f 3336 3470 3327
f 3327 3470 3209
f 1545 1763 1546
f 1546 1763 1762
f 1403 1546 773
f 773 1546 770
f 1221 3013 1220
f 1220 3013 3471
f 1305 2877 1306
f 1306 2877 2879
f 1220 3471 828
f 828 3471 829
f 1217 1754 3472
f 3472 1754 1756
f 1049 3473 1048
f 1048 3473 3474
f 1371 1179 3473
f 3473 1179 3474
f 1074 3475 1179
f 1179 3475 3474
f 3474 3475 1048
f 1048 3475 1056
f 919 666 1345
f 1345 666 665
f 856 680 919
f 919 680 666
f 679 680 1449
f 1449 680 858
f 1367 878 1500
f 1500 878 877
f 1366 908 1367
f 1367 908 878
f 1512 916 1513
f 1513 916 915
f 947 1368 948
f 948 1368 1369
f 1047 1021 1044
f 1044 1021 1020
f 1370 1049 1019
f 1019 1049 1020
f 1173 1030 1174
f 1174 1030 1033
f 3126 1188 1464
f 1464 1188 1187
f 1800 1451 1512
f 1512 1451 916
f 1175 1174 1186
f 1186 1174 1187
f 1030 1173 1047
f 1047 1173 1021
f 1513 915 3476
f 3476 915 1481
f 1345 665 3477
f 3477 665 1483
f 1502 1501 876
f 876 1501 877
f 1205 1451 1803
f 1803 1451 1802
f 3479 2832 3478
f 3478 2832 2831
f 1449 858 2927
f 2927 858 2922
f 908 1366 947
f 947 1366 1368
f 949 948 3126
f 3126 948 1188
f 3480 3135 1502
f 1502 3135 1501
f 2927 2922 3157
f 3157 2922 3152
f 3477 1483 3479
f 3479 1483 2832
f 1803 1802 3151
f 3151 1802 3152
f 663 658 664
f 664 658 657
f 655 658 939
f 939 658 706
f 1512 870 1800
f 1800 870 869
f 875 874 876
f 876 874 873
f 849 874 905
f 905 874 958
f 949 962 946
f 946 962 961
f 978 3126 979
f 979 3126 1464
f 1031 1168 1032
f 1032 1168 1022
f 1045 1013 1046
f 1046 1013 1012
f 1045 1044 1056
f 1056 1044 1048
f 1047 1046 1030
f 1030 1046 1031
f 939 706 940
f 940 706 1450
f 979 1464 1032
f 1032 1464 1033
f 3480 1478 3476
f 3476 1478 3134
f 2829 1487 2830
f 2830 1487 1486
f 848 1230 873
f 873 1230 1479
f 867 870 933
f 933 870 1514
f 1800 869 1801
f 1801 869 1799
f 2830 1486 1325
f 1325 1486 2833
f 940 1450 2925
f 2925 1450 2928
f 946 961 907
f 907 961 958
f 959 962 977
f 977 962 978
f 3476 3134 1513
f 1513 3134 1514
f 2925 2928 3155
f 3155 2928 3158
f 1325 2833 656
f 656 2833 657
f 1801 1799 3157
f 3157 1799 3158
f 1074 1055 3475
f 3475 1055 1056
f 1371 3473 1370
f 1370 3473 1049
f 2884 615 3481
f 3481 615 618
f 3478 2831 2846
f 2846 2831 617
f 2831 1484 617
f 617 1484 618
f 1484 1487 618
f 618 1487 3481
f 2848 3481 2829
f 2829 3481 1487
f 1480 1517 1161
f 1161 1517 1162
f 3129 1323 1455
f 1455 1323 1322
f 3129 3134 1323
f 1323 3134 1478
f 1535 3173 1515
f 1515 3173 1516
f 3085 3095 3137
f 3137 3095 3094
f 3137 3094 3138
f 3138 3094 3104
f 3117 3139 3105
f 3105 3139 3106
f 1138 1141 3127
f 3127 1141 3128
f 3081 3131 1264
f 1264 3131 3130
f 1227 1226 3132
f 3132 1226 3133
f 1264 3130 1229
f 1229 3130 1322
f 1160 1501 1161
f 1161 1501 3135
f 1141 1476 3128
f 3128 1476 3136
f 1226 1163 3133
f 3133 1163 1162
f 1363 1138 1515
f 1515 1138 3127
f 3084 3095 3081
f 3081 3095 3131
f 3089 884 3105
f 3105 884 3140
f 884 883 3140
f 3140 883 3141
f 883 3482 3141
f 3141 3482 3142
f 3476 1481 3480
f 3480 1481 3135
f 1502 1479 3480
f 3480 1479 1478
f 3168 463 440
f 714 1880 715
f 715 1880 2905
f 896 732 2970
f 2970 732 731
f 1263 834 3082
f 3082 834 833
f 898 1231 853
f 853 1231 854
f 3125 890 2931
f 2931 890 889
f 1237 893 2851
f 2851 893 892
f 898 853 899
f 899 853 963
f 988 987 989
f 989 987 986
f 1002 1007 1003
f 1003 1007 1006
f 1038 1036 1007
f 1007 1036 1004
f 1070 1052 1005
f 1005 1052 1006
f 1069 1067 1070
f 1070 1067 1052
f 1130 1129 1134
f 1134 1129 1135
f 879 1167 880
f 880 1167 1166
f 1171 1169 1037
f 1037 1169 1038
f 1085 1180 1069
f 1069 1180 1067
f 1209 1210 879
f 879 1210 1167
f 2885 1215 1754
f 1754 1215 1214
f 1263 855 834
f 834 855 854
f 708 1244 1826
f 1826 1244 1243
f 2909 894 1254
f 1254 894 893
f 1228 1361 964
f 964 1361 1360
f 2908 2907 1436
f 1436 2907 1437
f 2990 1440 2991
f 2991 1440 1439
f 964 1360 965
f 965 1360 1454
f 950 1457 951
f 951 1457 1456
f 970 1463 971
f 971 1463 1462
f 1025 1169 984
f 984 1169 986
f 1084 1097 1469
f 1469 1097 1470
f 1096 1115 1474
f 1474 1115 1475
f 1140 1361 1141
f 1141 1361 1476
f 1212 1495 2828
f 2828 1495 1494
f 880 1166 1452
f 1452 1166 1499
f 715 2905 1504
f 1504 2905 2906
f 954 1519 955
f 955 1519 1518
f 1026 1520 992
f 992 1520 1518
f 1029 1520 1043
f 1043 1520 1521
f 997 1522 1040
f 1040 1522 1521
f 1015 1522 1016
f 1016 1522 1523
f 1523 996 1524
f 1524 996 1062
f 1057 1060 1525
f 1525 1060 1524
f 1094 1528 1082
f 1082 1528 1527
f 1526 1528 1089
f 1089 1528 1529
f 1090 1531 1108
f 1108 1531 1530
f 1125 1533 1126
f 1126 1533 1532
f 3483 1755 727
f 727 1755 1214
f 735 1814 707
f 707 1814 1813
f 2891 1834 1246
f 1246 1834 1243
f 2904 1881 1847
f 1847 1881 1848
f 1852 1855 1853
f 1853 1855 1858
f 1902 2903 1877
f 1877 2903 1878
f 2903 2904 1878
f 1878 2904 1847
f 714 713 1848
f 1848 713 1849
f 1440 2990 1883
f 1883 2990 2989
f 1883 2989 1852
f 1852 2989 1855
f 2895 1888 2892
f 2892 1888 1887
f 774 777 1877
f 1877 777 1903
f 1251 2835 1252
f 1252 2835 2834
f 1213 2844 1212
f 1212 2844 1495
f 2851 892 1213
f 1213 892 2844
f 3123 2911 3124
f 3124 2911 2910
f 887 2929 888
f 888 2929 889
f 1435 2963 1436
f 1436 2963 2961
f 1253 1438 1254
f 1254 1438 1437
f 2970 731 735
f 735 731 1814
f 733 732 2885
f 2885 732 1215
f 2901 2902 2976
f 2976 2902 2977
f 2975 2982 2976
f 2976 2982 2979
f 2899 2900 2981
f 2981 2900 2979
f 2899 2981 2898
f 2898 2981 2983
f 2986 2985 2984
f 2984 2985 2983
f 2897 2985 2896
f 2896 2985 2988
f 2991 1439 2987
f 2987 1439 2988
f 777 2978 1903
f 1903 2978 2977
f 1885 1888 1858
f 1858 1888 1853
f 3090 3088 836
f 836 3088 833
f 3083 3088 3097
f 3097 3088 3096
f 3097 3096 3104
f 3104 3096 3106
f 3111 3116 3108
f 3108 3116 3109
f 3112 3111 3114
f 3114 3111 3108
f 3113 3122 3114
f 3114 3122 3115
f 891 890 2837
f 2837 890 2834
f 951 1456 954
f 954 1456 1519
f 967 1457 936
f 936 1457 1454
f 971 1462 902
f 902 1462 963
f 1461 1463 988
f 988 1463 987
f 1466 1468 1474
f 1474 1468 1470
f 1089 1529 1090
f 1090 1529 1531
f 1184 1181 1469
f 1469 1181 1180
f 1082 1527 1061
f 1061 1527 1525
f 1129 1473 1135
f 1135 1473 1475
f 1108 1530 1105
f 1105 1530 1532
f 1452 1499 3132
f 3132 1499 3136
f 3109 3116 3139
f 3139 3116 3138
f 2912 2911 887
f 887 2911 2929
f 2836 2835 1497
f 1497 2835 1494
f 2913 3102 2910
f 2910 3102 3115
f 1133 3187 1134
f 1134 3187 3185
f 3177 3176 3197
f 3197 3176 3198
f 3203 3183 3206
f 3206 3183 3207
f 3196 3202 3197
f 3197 3202 3211
f 3183 3182 3207
f 3207 3182 3185
f 1125 3180 1533
f 1533 3180 3198
f 3331 3203 3330
f 3330 3203 3206
f 3376 3379 3385
f 3385 3379 3386
f 3382 3376 3392
f 3392 3376 3385
f 3412 3415 3413
f 3413 3415 3414
f 3417 3396 3415
f 3415 3396 3395
f 3383 3386 3426
f 3426 3386 3425
f 3413 3414 3432
f 3432 3414 3430
f 3437 3396 3435
f 3435 3396 3417
f 3329 3382 3330
f 3330 3382 3392
f 3426 3425 3460
f 3460 3425 3458
f 3432 3430 3457
f 3457 3430 3463
f 3457 3463 3456
f 3456 3463 3465
f 3460 3458 3467
f 3467 3458 3466
f 3466 3455 3465
f 3465 3455 3456
f 3202 3437 3211
f 3211 3437 3435
f 3104 3106 3138
f 3138 3106 3139
f 3132 3136 1227
f 1227 3136 1476
f 943 687 600
f 600 687 601
f 596 625 667
f 667 625 1297
f 687 686 601
f 601 686 653
f 1319 784 711
f 711 784 712
f 1811 607 783
f 783 607 712
f 862 921 917
f 917 921 920
f 3478 925 3479
f 3479 925 924
f 2846 926 3478
f 3478 926 925
f 659 662 929
f 929 662 930
f 856 921 857
f 857 921 1204
f 1206 864 1207
f 1207 864 863
f 2876 1219 2877
f 2877 1219 1218
f 667 1297 593
f 593 1297 1296
f 917 920 1333
f 1333 920 1346
f 686 693 653
f 653 693 930
f 1277 913 1498
f 1498 913 1207
f 592 1536 610
f 610 1536 711
f 864 1206 1805
f 1805 1206 1804
f 1317 1536 1900
f 1900 1536 1809
f 1900 1809 1295
f 1295 1809 1296
f 3479 924 3477
f 3477 924 2824
f 927 926 1203
f 1203 926 2847
f 3484 2859 3032
f 3032 2859 3033
f 3472 2878 1217
f 1217 2878 1218
f 2889 2888 2880
f 2880 2888 2881
f 2886 2883 2887
f 2887 2883 2882
f 929 928 2847
f 2847 928 1203
f 857 1204 2921
f 2921 1204 2926
f 1820 1819 2882
f 2882 1819 2881
f 1821 2883 2876
f 2876 2883 1219
f 782 2889 783
f 783 2889 2880
f 1352 3034 1353
f 1353 3034 3033
f 3031 3034 3041
f 3041 3034 3043
f 944 943 3043
f 3043 943 600
f 1339 3145 1498
f 1498 3145 3143
f 1208 882 3148
f 3148 882 3143
f 2921 2926 3151
f 3151 2926 3156
f 3477 2824 1345
f 1345 2824 1346
f 1805 1804 3154
f 3154 1804 3156
f 886 3103 883
f 883 3103 3482
f 841 1248 3485
f 3485 1248 3121
f 2811 2819 2812
f 2812 2819 2816
f 2818 2815 2817
f 2817 2815 2806
f 2817 2816 2818
f 2818 2816 2819
f 2793 2795 2819
f 2819 2795 2818
f 243 352 2793
f 2793 352 2795
f 242 353 243
f 243 353 352
f 359 191 242
f 242 191 353
f 247 192 359
f 359 192 191
f 157 193 247
f 247 193 192
f 156 194 157
f 157 194 193
f 378 261 156
f 156 261 194
f 378 381 261
f 261 381 195
f 195 381 196
f 196 381 376
f 196 376 198
f 198 376 375
f 375 1776 198
f 198 1776 197
f 1776 1767 197
f 197 1767 274
f 181 274 199
f 199 274 1767
f 568 566 564
f 564 566 563
f 568 569 566
f 566 569 567
f 501 1773 1771
f 1771 1773 578
f 547 579 1773
f 1773 579 578
f 3486 470 474
f 474 470 469
f 450 582 3487
f 3487 582 3488
f 582 583 3488
f 3488 583 3489
f 583 584 3489
f 3489 584 3490
f 3490 584 3491
f 3491 584 543
f 470 3486 466
f 466 3486 467
f 3489 3490 503
f 503 3490 504
f 503 3492 3489
f 3489 3492 3488
f 3492 503 3493
f 3493 503 502
f 3495 3492 3494
f 3494 3492 3493
f 3487 3488 3495
f 3495 3488 3492
f 468 1774 465
f 465 1774 570
f 3494 3493 1775
f 1775 3493 1771
f 3490 3491 504
f 504 3491 1772
f 3491 543 1772
f 1772 543 548
f 450 3487 474
f 474 3487 3486
f 3495 467 3487
f 3487 467 3486
f 3494 468 3495
f 3495 468 467
f 468 3494 1774
f 1774 3494 1775
f 501 1771 502
f 502 1771 3493
f 527 366 384
f 384 366 365
f 522 524 527
f 527 524 366
f 521 534 522
f 522 534 524
f 530 535 521
f 521 535 534
f 508 486 513
f 513 486 532
f 513 532 541
f 541 532 535
f 667 668 596
f 596 668 597
f 1294 1297 624
f 624 1297 625
f 603 641 604
f 604 641 640
f 1290 1293 650
f 650 1293 651
f 1758 691 660
f 660 691 661
f 602 671 599
f 599 671 670
f 654 662 690
f 690 662 661
f 2856 598 695
f 695 598 597
f 602 654 671
f 671 654 690
f 604 640 676
f 676 640 704
f 1826 1829 708
f 708 1829 709
f 1288 1284 740
f 740 1284 741
f 755 754 758
f 758 754 759
f 2853 2856 932
f 932 2856 695
f 689 691 1192
f 1192 691 1193
f 784 1319 1240
f 1240 1319 1241
f 1813 1816 1244
f 1244 1816 1245
f 754 1288 759
f 759 1288 740
f 1894 1242 1318
f 1318 1242 1241
f 2867 1348 1418
f 1418 1348 1347
f 676 704 673
f 673 704 1347
f 1284 1287 741
f 741 1287 1419
f 1421 1426 1422
f 1422 1426 1425
f 1758 660 615
f 615 660 616
f 1192 1191 1421
f 1421 1191 1426
f 2962 1839 1504
f 1504 1839 1505
f 941 1194 1759
f 1759 1194 1193
f 1287 1537 1419
f 1419 1537 1760
f 1882 2893 1823
f 1823 2893 1824
f 1886 1891 1827
f 1827 1891 1828
f 1887 1886 1834
f 1834 1886 1827
f 1841 716 1838
f 1838 716 1505
f 782 784 1850
f 1850 784 1240
f 1239 1242 1863
f 1863 1242 1864
f 1242 1894 1864
f 1864 1894 1873
f 1822 1239 1823
f 1823 1239 1863
f 1318 1317 1895
f 1895 1317 1900
f 1894 1896 1873
f 1873 1896 1897
f 1291 1896 1292
f 1292 1896 1895
f 605 1898 606
f 606 1898 1897
f 1258 1257 2854
f 2854 1257 2855
f 1257 1351 2855
f 2855 1351 2857
f 1351 1353 2857
f 2857 1353 2858
f 1353 3033 2858
f 2858 3033 2859
f 2860 2861 3036
f 3036 2861 3037
f 2862 2863 2870
f 2870 2863 3039
f 2870 2869 2862
f 2862 2869 2864
f 2868 2865 2869
f 2869 2865 2864
f 1764 2866 2868
f 2868 2866 2865
f 1537 1199 1760
f 1760 1199 1348
f 615 2884 1758
f 1758 2884 1759
f 1825 1246 2890
f 2890 1246 1245
f 2893 2892 1824
f 1824 2892 2891
f 761 2960 758
f 758 2960 2906
f 3000 2943 2940
f 2940 2943 2941
f 2968 710 2950
f 2950 710 709
f 1764 1423 2866
f 2866 1423 2953
f 1423 645 2953
f 2953 645 2954
f 645 644 2954
f 2954 644 2955
f 644 738 2955
f 2955 738 2956
f 738 764 2956
f 2956 764 2957
f 764 763 2957
f 2957 763 2958
f 763 2908 2958
f 2958 2908 2959
f 2908 1436 2959
f 2959 1436 2961
f 1837 2964 1435
f 1435 2964 2963
f 1837 2937 2964
f 2964 2937 2965
f 2936 2968 2966
f 2966 2968 2950
f 1840 2942 1838
f 1838 2942 2941
f 2939 2949 2940
f 2940 2949 3006
f 2939 2942 2966
f 2966 2942 2965
f 1822 1825 1850
f 1850 1825 2890
f 1891 3005 1828
f 1828 3005 3006
f 3035 3038 3045
f 3045 3038 3042
f 3045 3044 3035
f 3035 3044 3040
f 669 1422 3045
f 3045 1422 3044
f 599 670 3041
f 3041 670 3042
f 931 3067 932
f 932 3067 3065
f 2853 3066 2854
f 2854 3066 3076
f 3067 3496 3065
f 3065 3496 3497
f 3066 3498 3076
f 3076 3498 3499
f 707 1813 708
f 708 1813 1244
f 2960 2962 2906
f 2906 2962 1504
f 2892 1887 2891
f 2891 1887 1834
f 1839 2962 2963
f 2963 2962 2961
f 595 626 596
f 596 626 625
f 623 626 3484
f 3484 626 2859
f 1291 1290 606
f 606 1290 603
f 1290 650 603
f 603 650 641
f 641 650 642
f 642 650 649
f 2860 2863 649
f 649 2863 642
f 3036 3039 2860
f 2860 3039 2863
f 3035 3040 3036
f 3036 3040 3039
f 1294 1293 1295
f 1295 1293 1292
f 624 651 1294
f 1294 651 1293
f 623 652 624
f 624 652 651
f 3484 2861 623
f 623 2861 652
f 3032 3037 3484
f 3484 3037 2861
f 3031 3038 3032
f 3032 3038 3037
f 3481 2848 2884
f 2884 2848 942
f 2846 617 1427
f 1427 617 616
f 3049 3167 3048
f 3048 3167 3500
f 1906 3048 3070
f 3070 3048 3500
f 1337 1768 3501
f 3501 1768 3502
f 3020 3503 3021
f 3021 3503 3024
f 2914 3023 3020
f 3020 3023 3503
f 859 1770 860
f 860 1770 3504
f 1336 3505 1768
f 1768 3505 3502
f 3065 3497 3066
f 3066 3497 3498
f 2814 3075 3067
f 3067 3075 3496
f 2839 3174 766
f 766 3174 3017
f 1337 3501 1338
f 1338 3501 1769
f 767 3018 3026
f 3026 3018 3506
f 3076 3499 3064
f 3064 3499 3507
f 727 730 3483
f 3483 730 3030
f 3064 3507 2871
f 2871 3507 3077
f 3100 3160 1786
f 1786 3160 1784
f 3026 3506 752
f 752 3506 3015
f 860 3504 2923
f 2923 3504 3508
f 753 3016 3027
f 3027 3016 3509
f 3027 3509 3008
f 3008 3509 3028
f 1782 1785 1783
f 1783 1785 3022
f 2923 3508 3153
f 3153 3508 3161
f 3148 3149 1208
f 1208 3149 3150
f 1335 1328 3510
f 3510 1328 1327
f 1336 1335 3505
f 3505 1335 3510
f 866 3511 1340
f 1340 3511 3146
f 865 1808 866
f 866 1808 3511
f 842 841 3159
f 3159 841 3485
f 2849 3512 1329
f 1329 3512 1326
f 1202 1331 2849
f 2849 1331 3512
f 3514 3515 3513
f 3513 3515 3516
f 3518 3516 3517
f 3517 3516 3515
f 3519 3520 3514
f 3514 3520 3515
f 3522 3523 3521
f 3521 3523 3524
f 3526 3527 3525
f 3525 3527 3528
f 3530 3531 3529
f 3529 3531 3532
f 3534 3535 3533
f 3533 3535 3536
f 3529 3532 3537
f 3537 3532 3538
f 3537 3539 3529
f 3529 3539 3540
f 3542 3543 3541
f 3541 3543 3544
f 3546 3547 3545
f 3545 3547 3548
f 3550 3534 3549
f 3549 3534 3533
f 3550 3543 3551
f 3551 3543 3552
f 3537 3545 3539
f 3539 3545 3548
f 3553 3554 3556
f 3556 3554 3555
f 3537 3557 3545
f 3545 3557 3546
f 3558 3559 3561
f 3561 3559 3560
f 3563 3564 3562
f 3562 3564 3565
f 3564 3563 3566
f 3566 3563 3567
f 3569 3570 3568
f 3568 3570 3571
f 3573 3574 3572
f 3572 3574 3575
f 3577 3578 3576
f 3576 3578 3579
f 3581 3582 3580
f 3580 3582 3583
f 3585 3586 3584
f 3584 3586 3579
f 3586 3587 3579
f 3579 3587 3576
f 3589 3590 3588
f 3588 3590 3591
f 3592 3593 3595
f 3595 3593 3594
f 3597 3598 3596
f 3596 3598 3595
f 3583 3600 3599
f 3599 3600 3601
f 3603 3599 3602
f 3602 3599 3601
f 3605 3606 3604
f 3604 3606 3607
f 3608 3555 3596
f 3596 3555 3554
f 3597 3610 3609
f 3609 3610 3565
f 3564 3611 3565
f 3565 3611 3609
f 3611 3564 3612
f 3612 3564 3566
f 3613 3614 3569
f 3569 3614 3570
f 3615 3616 3573
f 3573 3616 3574
f 3517 3617 3518
f 3518 3617 3618
f 3620 3621 3619
f 3619 3621 3622
f 3624 3625 3623
f 3623 3625 3626
f 3628 3629 3627
f 3627 3629 3630
f 3632 3633 3631
f 3631 3633 3634
f 3636 3637 3635
f 3635 3637 3638
f 3640 3641 3639
f 3639 3641 3642
f 3643 3644 3639
f 3639 3644 3640
f 3646 3513 3645
f 3645 3513 3647
f 3648 3514 3646
f 3646 3514 3513
f 3649 3519 3648
f 3648 3519 3514
f 3650 3651 3527
f 3527 3651 3652
f 3654 3651 3653
f 3653 3651 3650
f 3568 3571 3655
f 3655 3571 3656
f 3657 3658 3653
f 3653 3658 3659
f 3661 3662 3660
f 3660 3662 3658
f 3664 3665 3663
f 3663 3665 3666
f 3667 3657 3650
f 3650 3657 3653
f 3669 3523 3668
f 3668 3523 3670
f 3672 3673 3671
f 3671 3673 3674
f 3676 3677 3675
f 3675 3677 3678
f 3671 3674 3676
f 3676 3674 3677
f 3680 3681 3679
f 3679 3681 3682
f 3683 3684 3680
f 3680 3684 3681
f 3685 3686 3661
f 3661 3686 3662
f 3686 3687 3662
f 3662 3687 3688
f 3684 3683 3689
f 3689 3683 3690
f 3692 3693 3691
f 3691 3693 3694
f 3691 3694 3695
f 3695 3694 3696
f 3698 3699 3697
f 3697 3699 3700
f 3702 3703 3701
f 3701 3703 3704
f 3705 3706 3519
f 3519 3706 3520
f 3673 3672 3707
f 3707 3672 3708
f 3709 3710 3682
f 3682 3710 3679
f 3711 3712 3692
f 3692 3712 3693
f 3714 3715 3713
f 3713 3715 3716
f 3718 3700 3717
f 3717 3700 3699
f 3720 3721 3719
f 3719 3721 3722
f 3724 3725 3723
f 3723 3725 3726
f 3727 3728 3730
f 3730 3728 3729
f 3722 3721 3731
f 3731 3721 3732
f 3697 3700 3733
f 3733 3700 3714
f 3733 3714 3734
f 3734 3714 3713
f 3721 3723 3732
f 3732 3723 3735
f 3720 3736 3724
f 3724 3736 3737
f 3700 3718 3714
f 3714 3718 3715
f 3717 3699 3738
f 3738 3699 3739
f 3536 3740 3533
f 3533 3740 3540
f 3742 3743 3741
f 3741 3743 3744
f 3746 3747 3745
f 3745 3747 3748
f 3750 3751 3749
f 3749 3751 3752
f 3627 3632 3628
f 3628 3632 3631
f 3754 3755 3753
f 3753 3755 3626
f 3562 3565 3756
f 3756 3565 3610
f 3527 3652 3528
f 3528 3652 3757
f 3758 3524 3669
f 3669 3524 3523
f 3582 3598 3583
f 3583 3598 3600
f 3759 3670 3522
f 3522 3670 3523
f 3675 3678 3760
f 3760 3678 3761
f 3762 3763 3690
f 3690 3763 3689
f 3765 3766 3764
f 3764 3766 3767
f 3768 3739 3698
f 3698 3739 3699
f 3726 3725 3770
f 3770 3725 3769
f 3645 3647 3771
f 3771 3647 3772
f 3645 3678 3646
f 3646 3678 3677
f 3646 3677 3648
f 3648 3677 3674
f 3673 3649 3674
f 3674 3649 3648
f 3707 3773 3673
f 3673 3773 3649
f 3775 3776 3774
f 3774 3776 3777
f 3779 3526 3778
f 3778 3526 3525
f 3526 3779 3667
f 3667 3779 3780
f 3780 3781 3667
f 3667 3781 3657
f 3672 3679 3708
f 3708 3679 3710
f 3671 3680 3672
f 3672 3680 3679
f 3676 3683 3671
f 3671 3683 3680
f 3675 3690 3676
f 3676 3690 3683
f 3760 3762 3675
f 3675 3762 3690
f 3682 3681 3783
f 3783 3681 3782
f 3689 3784 3684
f 3684 3784 3785
f 3684 3785 3681
f 3681 3785 3782
f 3786 3709 3783
f 3783 3709 3682
f 3784 3689 3787
f 3787 3689 3763
f 3789 3557 3788
f 3788 3557 3790
f 3792 3793 3791
f 3791 3793 3794
f 3616 3615 3795
f 3795 3615 3796
f 3797 3798 3727
f 3727 3798 3728
f 3800 3801 3799
f 3799 3801 3802
f 3803 3578 3592
f 3592 3578 3593
f 3805 3806 3804
f 3804 3806 3807
f 3599 3603 3585
f 3585 3603 3586
f 3587 3586 3604
f 3604 3586 3603
f 3588 3591 3794
f 3794 3591 3791
f 3581 3803 3582
f 3582 3803 3592
f 3594 3561 3608
f 3608 3561 3790
f 3662 3688 3808
f 3808 3688 3809
f 3665 3664 3810
f 3810 3664 3811
f 3719 3812 3720
f 3720 3812 3736
f 3717 3813 3718
f 3718 3813 3737
f 3723 3721 3724
f 3724 3721 3720
f 3813 3717 3814
f 3814 3717 3738
f 3815 3816 303
f 303 3816 304
f 3818 3819 3817
f 3817 3819 3820
f 3578 3803 3579
f 3579 3803 3584
f 3558 3593 3577
f 3577 3593 3578
f 3822 3823 3821
f 3821 3823 3824
f 3546 3826 3825
f 3825 3826 3827
f 3828 3829 3547
f 3547 3829 3541
f 3831 3542 3830
f 3830 3542 3832
f 3834 3822 3833
f 3833 3822 3821
f 3835 3836 3827
f 3827 3836 3825
f 3800 3799 3828
f 3828 3799 3829
f 3830 3832 3837
f 3837 3832 3838
f 331 330 3551
f 3551 330 3839
f 3831 333 3552
f 3552 333 332
f 3819 3797 3841
f 3841 3797 3840
f 3513 3516 3647
f 3647 3516 3746
f 337 336 3745
f 3745 336 3772
f 3525 3528 3775
f 3775 3528 3749
f 3610 3597 3554
f 3554 3597 3596
f 3706 3702 3520
f 3520 3702 3701
f 3756 3610 3553
f 3553 3610 3554
f 3757 3750 3528
f 3528 3750 3749
f 3517 3515 3701
f 3701 3515 3520
f 3842 3584 3581
f 3581 3584 3803
f 3525 3775 3778
f 3778 3775 3774
f 3638 3843 3635
f 3635 3843 3618
f 3617 3621 3618
f 3618 3621 3635
f 3617 3517 3704
f 3704 3517 3701
f 3521 3624 3522
f 3522 3624 3623
f 3749 3844 3775
f 3775 3844 3776
f 3846 3847 3845
f 3845 3847 3848
f 3843 3747 3618
f 3618 3747 3518
f 3850 3851 3849
f 3849 3851 3748
f 3853 3854 3852
f 3852 3854 3855
f 3856 3857 3622
f 3622 3857 3619
f 3859 3860 3858
f 3858 3860 3861
f 3862 3844 3752
f 3752 3844 3749
f 3863 3759 3623
f 3623 3759 3522
f 3864 3777 3630
f 3630 3777 3776
f 3713 3865 3734
f 3734 3865 3866
f 3868 3869 3867
f 3867 3869 3870
f 3872 3873 3871
f 3871 3873 3874
f 3876 3877 3875
f 3875 3877 3878
f 3879 3880 3878
f 3878 3880 3881
f 3882 3883 3885
f 3885 3883 3884
f 3780 3886 3781
f 3781 3886 3887
f 3888 3685 3869
f 3869 3685 3661
f 3880 3879 3883
f 3883 3879 3884
f 3693 3783 3694
f 3694 3783 3782
f 3696 3785 3764
f 3764 3785 3784
f 3694 3782 3696
f 3696 3782 3785
f 3693 3786 3783
f 3787 3765 3784
f 3784 3765 3764
f 386 385 3765
f 3765 385 3766
f 3695 3889 3691
f 3691 3889 3890
f 3691 3890 3692
f 3692 3890 3891
f 3892 3711 3891
f 3891 3711 3692
f 3767 3893 3695
f 3695 3893 3889
f 3766 3894 3767
f 3767 3894 3893
f 3882 3885 3895
f 3895 3885 3896
f 3898 3698 3897
f 3897 3698 3697
f 3897 3697 3899
f 3899 3697 3733
f 3899 3733 3900
f 3900 3733 3734
f 3901 3768 3898
f 3898 3768 3698
f 3901 3902 3768
f 3768 3902 3903
f 3904 3905 3907
f 3907 3905 3906
f 3869 3661 3870
f 3870 3661 3660
f 3908 3909 3896
f 3896 3909 3895
f 3909 3758 3895
f 3895 3758 3669
f 3751 3531 3752
f 3752 3531 3848
f 3858 3536 3854
f 3854 3536 3535
f 3652 3562 3757
f 3757 3562 3756
f 3651 3654 3563
f 3563 3654 3567
f 3655 3656 3808
f 3808 3656 3659
f 3530 3740 3845
f 3845 3740 3861
f 3751 3750 3556
f 3556 3750 3553
f 3817 3820 3796
f 3796 3820 3795
f 410 409 3910
f 3910 409 3855
f 3750 3757 3553
f 3553 3757 3756
f 3908 3886 3909
f 3909 3886 3780
f 409 411 3855
f 3855 411 3851
f 413 412 3760
f 3760 412 3762
f 415 414 3763
f 3763 414 3787
f 3790 3557 3538
f 3538 3557 3537
f 3555 3608 3538
f 3538 3608 3790
f 3574 3911 3575
f 3575 3911 3912
f 3535 3534 3910
f 3910 3534 3839
f 3831 3552 3542
f 3542 3552 3543
f 3534 3550 3839
f 3839 3550 3551
f 3543 3550 3544
f 3544 3550 3549
f 3913 3914 3916
f 3916 3914 3915
f 3806 3805 3589
f 3589 3805 3590
f 3849 3843 3917
f 3917 3843 3638
f 3853 3644 3859
f 3859 3644 3742
f 3747 3746 3518
f 3518 3746 3516
f 3695 3696 3767
f 3767 3696 3764
f 3903 3918 3768
f 3768 3918 3739
f 3738 3739 3816
f 3816 3739 3918
f 3919 3920 3769
f 3769 3920 3770
f 3921 3726 3922
f 3922 3726 3770
f 3678 3645 3761
f 3761 3645 3771
f 3924 3913 3923
f 3923 3913 3916
f 3802 3925 3838
f 3838 3925 3837
f 3577 3926 3558
f 3558 3926 3559
f 3815 3919 3814
f 3814 3919 3769
f 3927 3928 3822
f 3822 3928 3823
f 3829 3832 3541
f 3541 3832 3542
f 3834 3927 3822
f 3832 3829 3838
f 3838 3829 3799
f 3745 3772 3746
f 3746 3772 3647
f 3849 3748 3843
f 3843 3748 3747
f 3854 3853 3858
f 3858 3853 3859
f 3854 3535 3855
f 3855 3535 3910
f 3557 3789 3546
f 3546 3789 3826
f 3923 3823 3924
f 3924 3823 3928
f 3823 3923 3929
f 3929 3923 3930
f 3531 3751 3532
f 3532 3751 3556
f 3532 3556 3538
f 3538 3556 3555
f 3932 3634 3931
f 3931 3634 3633
f 3814 3769 3813
f 3813 3769 3725
f 3620 3636 3621
f 3621 3636 3635
f 3847 3862 3848
f 3848 3862 3752
f 3531 3530 3848
f 3848 3530 3845
f 3933 3934 3830
f 3830 3934 3831
f 3925 3933 3837
f 3837 3933 3830
f 3934 440 3831
f 3831 440 333
f 3925 3802 3833
f 3833 3802 3801
f 3776 3844 3630
f 3630 3844 3627
f 3808 3659 3662
f 3662 3659 3658
f 3667 3650 3526
f 3526 3650 3527
f 3935 3666 3936
f 3936 3666 3665
f 3718 3737 3715
f 3715 3737 3736
f 3663 3809 3664
f 3664 3809 3688
f 3807 3806 3938
f 3938 3806 3937
f 445 413 3761
f 3761 413 3760
f 3902 447 3903
f 3903 447 446
f 3897 3890 3898
f 3898 3890 3889
f 3899 3891 3897
f 3897 3891 3890
f 3898 3889 3901
f 3901 3889 3893
f 3893 3894 3901
f 3901 3894 3902
f 414 386 3787
f 3787 386 3765
f 3940 3941 3939
f 3939 3941 3942
f 3840 3797 3943
f 3943 3797 3727
f 3665 3810 3936
f 3936 3810 3944
f 3921 3735 3726
f 3726 3735 3723
f 3920 3945 3770
f 3770 3945 3922
f 3521 3524 3774
f 3774 3524 3778
f 3864 3946 3625
f 3625 3946 3947
f 3773 3705 3649
f 3649 3705 3519
f 3779 3778 3758
f 3758 3778 3524
f 3812 3716 3736
f 3736 3716 3715
f 3624 3521 3777
f 3777 3521 3774
f 3703 3856 3704
f 3704 3856 3622
f 3900 3892 3899
f 3899 3892 3891
f 3641 3917 3642
f 3642 3917 3948
f 3895 3669 3882
f 3882 3669 3668
f 3855 3851 3852
f 3852 3851 3850
f 3894 458 3902
f 3902 458 447
f 3781 3887 3660
f 3660 3887 3870
f 3570 3566 3571
f 3571 3566 3567
f 3950 3576 3949
f 3949 3576 3587
f 3605 3602 3614
f 3614 3602 3612
f 3614 3612 3570
f 3570 3612 3566
f 3571 3567 3656
f 3656 3567 3654
f 3660 3658 3781
f 3781 3658 3657
f 3604 3607 3587
f 3587 3607 3949
f 3653 3659 3654
f 3654 3659 3656
f 3529 3540 3530
f 3530 3540 3740
f 3687 3811 3688
f 3688 3811 3664
f 3813 3725 3737
f 3737 3725 3724
f 3919 3815 461
f 461 3815 303
f 3818 3798 3819
f 3819 3798 3797
f 3819 3841 3820
f 3820 3841 3951
f 3816 3815 3738
f 3738 3815 3814
f 3540 3539 3533
f 3533 3539 3549
f 3548 3547 3544
f 3544 3547 3541
f 3539 3548 3549
f 3549 3548 3544
f 3741 3931 3860
f 3860 3931 3846
f 3801 3800 3835
f 3835 3800 3836
f 3934 3933 3824
f 3824 3933 3821
f 3825 3828 3546
f 3546 3828 3547
f 3833 3821 3925
f 3925 3821 3933
f 3800 3828 3836
f 3836 3828 3825
f 3824 3952 3934
f 3934 3952 440
f 3860 3846 3861
f 3861 3846 3845
f 3629 3946 3630
f 3630 3946 3864
f 3740 3536 3861
f 3861 3536 3858
f 3833 3801 3834
f 3834 3801 3835
f 3583 3599 3580
f 3580 3599 3585
f 3651 3563 3652
f 3652 3563 3562
f 3758 3909 3779
f 3779 3909 3780
f 3621 3617 3622
f 3622 3617 3704
f 3625 3947 3626
f 3626 3947 3753
f 3633 3632 3847
f 3847 3632 3862
f 3852 3850 3640
f 3640 3850 3641
f 3644 3853 3640
f 3640 3853 3852
f 3859 3742 3860
f 3860 3742 3741
f 3632 3627 3862
f 3862 3627 3844
f 3755 3863 3626
f 3626 3863 3623
f 3917 3638 3948
f 3948 3638 3637
f 3644 3643 3742
f 3742 3643 3743
f 3931 3633 3846
f 3846 3633 3847
f 3625 3624 3864
f 3864 3624 3777
f 3917 3641 3849
f 3849 3641 3850
f 3744 3932 3741
f 3741 3932 3931
f 3903 446 3918
f 3918 446 464
f 3953 3954 3956
f 3956 3954 3955
f 3958 3959 3957
f 3957 3959 3960
f 3876 3958 3877
f 3877 3958 3957
f 3877 3957 3961
f 3961 3957 3962
f 3963 3964 3958
f 3958 3964 3959
f 3965 3966 3876
f 3876 3966 3958
f 3966 3963 3958
f 3966 3967 3963
f 3963 3967 3968
f 3878 3877 3879
f 3879 3877 3961
f 3967 3969 3968
f 3968 3969 3970
f 3969 3971 3970
f 3970 3971 3972
f 3974 3904 3973
f 3973 3904 3907
f 3971 3975 3972
f 3972 3975 3976
f 3976 3975 3978
f 3978 3975 3977
f 3979 3980 3977
f 3977 3980 3978
f 3981 3982 3979
f 3979 3982 3980
f 3983 3984 3981
f 3981 3984 3982
f 3972 3985 3970
f 3970 3985 3986
f 3871 3987 3969
f 3969 3987 3971
f 3872 3871 3967
f 3967 3871 3969
f 3965 3872 3966
f 3966 3872 3967
f 3970 3986 3968
f 3968 3986 3988
f 3879 3961 3884
f 3884 3961 3940
f 3884 3940 3885
f 3885 3940 3939
f 3989 3990 3992
f 3992 3990 3991
f 3942 3993 3995
f 3995 3993 3994
f 3994 3996 3995
f 3995 3996 3974
f 3997 3998 3994
f 3994 3998 3996
f 3999 3997 3993
f 3993 3997 3994
f 4001 3996 4000
f 4000 3996 3998
f 4000 3998 4002
f 4002 3998 4003
f 4004 4003 3997
f 3997 4003 3998
f 3997 3999 4004
f 4004 3999 4005
f 4006 3995 3973
f 3973 3995 3974
f 3939 3942 4006
f 4006 3942 3995
f 3906 3887 3907
f 3907 3887 3886
f 3887 3906 3870
f 3870 3906 3867
f 3908 3973 3886
f 3886 3973 3907
f 3865 4007 3866
f 3866 4007 4008
f 3984 3983 4009
f 4009 3983 4010
f 3961 3962 3940
f 3940 3962 3941
f 4012 3868 4011
f 4011 3868 3867
f 4013 3975 3987
f 3987 3975 3971
f 4014 3977 4013
f 4013 3977 3975
f 4015 4010 4007
f 4007 4010 3983
f 4007 3983 4008
f 4008 3983 3981
f 4008 3981 4016
f 4016 3981 3979
f 4017 3984 4018
f 4018 3984 4009
f 3977 4014 3979
f 3979 4014 4016
f 3982 3984 4019
f 4019 3984 4017
f 4021 4022 4020
f 4020 4022 4023
f 4022 4012 4023
f 4023 4012 4011
f 4023 3904 4020
f 4020 3904 3974
f 4024 4025 4018
f 4018 4025 4017
f 4026 4027 4024
f 4024 4027 4025
f 4028 4026 4029
f 4029 4026 4024
f 4018 4021 4024
f 4024 4021 4029
f 4030 4031 4026
f 4026 4031 4027
f 4032 4030 4028
f 4028 4030 4026
f 4029 4001 4028
f 4028 4001 4000
f 4028 4000 4032
f 4032 4000 4002
f 4034 4035 4033
f 4033 4035 4036
f 4037 4038 4019
f 4019 4038 4039
f 4041 4039 4040
f 4040 4039 4038
f 4040 4038 4042
f 4042 4038 4036
f 4042 4036 4043
f 4043 4036 4035
f 3985 4044 4046
f 4046 4044 4045
f 4047 4048 4045
f 4045 4048 4046
f 4047 4049 4048
f 4048 4049 4050
f 4042 4047 4040
f 4040 4047 4045
f 4043 4049 4042
f 4042 4049 4047
f 4040 4045 4041
f 4041 4045 4044
f 4052 3959 4051
f 4051 3959 3964
f 4053 4054 4051
f 4051 4054 4055
f 3956 3960 4052
f 4052 3960 3959
f 3953 3956 4056
f 4056 3956 4052
f 4058 3953 4057
f 4057 3953 4056
f 4060 4061 4059
f 4059 4061 4062
f 4063 4064 4054
f 4054 4064 4057
f 4054 4053 4063
f 4063 4053 4065
f 4066 4067 4069
f 4069 4067 4068
f 4048 4050 4063
f 4063 4050 4064
f 4063 4065 4048
f 4048 4065 4046
f 3985 4046 3986
f 3986 4046 4065
f 3986 4065 3988
f 3988 4065 4053
f 3988 4053 3964
f 3964 4053 4051
f 3976 3978 4044
f 4044 3978 4041
f 3980 3982 4039
f 4039 3982 4019
f 4039 4041 3980
f 3980 4041 3978
f 3973 3908 4006
f 4006 3908 3896
f 3885 3939 3896
f 3896 3939 4006
f 4031 4034 4027
f 4027 4034 4033
f 4027 4033 4025
f 4025 4033 4037
f 4019 4017 4037
f 4037 4017 4025
f 3993 3942 4070
f 4070 3942 3941
f 3999 3993 4071
f 4071 3993 4070
f 3999 4071 4005
f 4005 4071 4072
f 4073 4074 4076
f 4076 4074 4075
f 4078 4079 4077
f 4077 4079 4080
f 4082 4080 4081
f 4081 4080 4079
f 4084 4085 4083
f 4083 4085 4086
f 4087 4088 4090
f 4090 4088 4089
f 4092 4093 4091
f 4091 4093 4094
f 4096 4097 4095
f 4095 4097 4098
f 4100 4101 4099
f 4099 4101 4102
f 4103 4104 4106
f 4106 4104 4105
f 4108 4109 4107
f 4107 4109 4110
f 4112 4113 4111
f 4111 4113 4114
f 4116 4117 4115
f 4115 4117 4118
f 4120 4121 4119
f 4119 4121 4122
f 4123 4124 4126
f 4126 4124 4125
f 4127 4128 4130
f 4130 4128 4129
f 4132 4133 4131
f 4131 4133 4134
f 4136 4108 4135
f 4135 4108 4107
f 4138 4139 4137
f 4137 4139 4140
f 4141 4142 4088
f 4088 4142 4089
f 4144 4145 4143
f 4143 4145 4146
f 4148 4149 4147
f 4147 4149 4150
f 4152 4153 4151
f 4151 4153 4154
f 4156 4082 4155
f 4155 4082 4081
f 4157 4158 4160
f 4160 4158 4159
f 4161 4162 4164
f 4164 4162 4163
f 4166 4122 4165
f 4165 4122 4121
f 4168 4152 4167
f 4167 4152 4151
f 4169 4170 4172
f 4172 4170 4171
f 4174 4175 4173
f 4173 4175 4176
f 4178 4149 4177
f 4177 4149 4179
f 4173 4176 4180
f 4180 4176 4181
f 4156 4085 4182
f 4182 4085 4183
f 4182 4184 4156
f 4156 4184 4082
f 4185 4186 4184
f 4184 4186 4187
f 4186 4188 4187
f 4187 4188 4189
f 4190 4191 4073
f 4073 4191 4074
f 4177 4179 4158
f 4158 4179 4159
f 4193 4127 4192
f 4192 4127 4130
f 4144 4194 4151
f 4151 4194 4167
f 4196 4197 4195
f 4195 4197 4198
f 4095 4199 4096
f 4096 4199 4200
f 4201 4202 4204
f 4204 4202 4203
f 4205 4206 4208
f 4208 4206 4207
f 4121 4120 4209
f 4209 4120 4210
f 4212 4213 4211
f 4211 4213 4214
f 4216 4217 4215
f 4215 4217 4218
f 4220 4221 4219
f 4219 4221 4222
f 4224 4196 4223
f 4223 4196 4195
f 4225 4226 4134
f 4134 4226 4131
f 4228 4229 4227
f 4227 4229 4230
f 4232 4233 4231
f 4231 4233 4098
f 4235 4236 4234
f 4234 4236 4237
f 4239 4240 4238
f 4238 4240 4241
f 4242 4243 4245
f 4245 4243 4244
f 4246 4247 4249
f 4249 4247 4248
f 4251 4252 4250
f 4250 4252 4253
f 4255 4256 4254
f 4254 4256 4257
f 4259 4260 4258
f 4258 4260 4261
f 4263 4264 4262
f 4262 4264 4265
f 4267 4268 4266
f 4266 4268 4269
f 4271 4199 4270
f 4270 4199 4272
f 4273 4274 4276
f 4276 4274 4275
f 4115 4118 4277
f 4277 4118 4278
f 4280 4281 4279
f 4279 4281 4282
f 4211 4283 4212
f 4212 4283 4284
f 4286 4287 4285
f 4285 4287 4288
f 4165 4121 4289
f 4289 4121 4209
f 4291 4286 4290
f 4290 4286 4285
f 4293 4294 4292
f 4292 4294 4295
f 4297 4298 4296
f 4296 4298 4299
f 4301 4302 4300
f 4300 4302 4303
f 4299 4304 4296
f 4296 4304 4305
f 4306 4292 4307
f 4307 4292 4295
f 4307 4308 4306
f 4306 4308 4309
f 4310 4309 4075
f 4075 4309 4308
f 4299 4298 4312
f 4312 4298 4311
f 4302 4301 4293
f 4293 4301 4294
f 3735 3921 4313
f 4313 3921 4314
f 4315 4314 3922
f 3922 4314 3921
f 4316 3945 829
f 829 3945 830
f 4289 4317 4165
f 4165 4317 4318
f 4320 4321 4319
f 4319 4321 4322
f 4324 4325 4323
f 4323 4325 4326
f 4327 4328 4330
f 4330 4328 4329
f 4290 4331 4291
f 4291 4331 4332
f 4165 4318 4166
f 4166 4318 4333
f 4334 4335 4337
f 4337 4335 4336
f 4339 4340 4338
f 4338 4340 4341
f 4168 4343 4342
f 4342 4343 4344
f 4346 4347 4345
f 4345 4347 4348
f 4350 4351 4349
f 4349 4351 4352
f 4354 4355 4353
f 4353 4355 4356
f 4357 4358 4324
f 4324 4358 4325
f 4337 4359 4334
f 4334 4359 4360
f 4362 4363 4361
f 4361 4363 4364
f 4366 4367 4365
f 4365 4367 4368
f 4369 4370 4372
f 4372 4370 4371
f 4331 4290 4374
f 4374 4290 4373
f 4373 4376 4375
f 4375 4376 4377
f 4379 4380 4378
f 4378 4380 4381
f 4217 4382 4218
f 4218 4382 4383
f 4385 4386 4384
f 4384 4386 4387
f 4388 4389 4338
f 4338 4389 4390
f 4337 4336 4392
f 4392 4336 4391
f 4394 4362 4393
f 4393 4362 4361
f 4396 4397 4395
f 4395 4397 4398
f 4400 4401 4399
f 4399 4401 4402
f 4345 4403 4346
f 4346 4403 4404
f 4405 4406 4342
f 4342 4406 4407
f 4409 4410 4408
f 4408 4410 4411
f 4408 4412 4409
f 4409 4412 4413
f 4181 4415 4414
f 4414 4415 4416
f 4182 4183 4417
f 4417 4183 4418
f 4419 4353 4311
f 4311 4353 4312
f 4421 4422 4420
f 4420 4422 4423
f 4353 4356 4312
f 4312 4356 4424
f 4166 4333 4425
f 4425 4333 4426
f 4425 4143 4166
f 4166 4143 4122
f 4427 4107 4428
f 4428 4107 4110
f 4429 4430 4174
f 4174 4430 4175
f 4335 4431 4336
f 4336 4431 4390
f 4336 4390 4391
f 4391 4390 4389
f 4432 4433 4435
f 4435 4433 4434
f 4437 4438 4436
f 4436 4438 4439
f 4441 4442 4440
f 4440 4442 4443
f 4359 4444 4361
f 4361 4444 4393
f 4446 4447 4445
f 4445 4447 4448
f 4338 4341 4388
f 4388 4341 4449
f 4450 4451 4398
f 4398 4451 4395
f 4453 4454 4452
f 4452 4454 4455
f 4457 4458 4456
f 4456 4458 4459
f 4460 4461 4448
f 4448 4461 4445
f 4463 4464 4462
f 4462 4464 4465
f 4462 4465 4466
f 4466 4465 4467
f 4468 4469 4467
f 4467 4469 4466
f 4469 4468 4470
f 4470 4468 4471
f 4472 4473 4471
f 4471 4473 4470
f 4475 4476 4474
f 4474 4476 4477
f 4479 4480 4478
f 4478 4480 4481
f 4483 4484 4482
f 4482 4484 4485
f 4487 4488 4486
f 4486 4488 4489
f 4491 4492 4490
f 4490 4492 4493
f 4494 4495 4493
f 4493 4495 4490
f 4496 4497 4494
f 4494 4497 4495
f 4497 4496 4498
f 4498 4496 4499
f 4500 4501 4503
f 4503 4501 4502
f 4505 4506 4504
f 4504 4506 4507
f 4466 4508 4462
f 4462 4508 4509
f 4470 4510 4469
f 4469 4510 4511
f 4513 4479 4512
f 4512 4479 4478
f 4515 4443 4514
f 4514 4443 4442
f 4516 4517 4519
f 4519 4517 4518
f 4521 4495 4520
f 4520 4495 4497
f 4522 4490 4521
f 4521 4490 4495
f 4491 4523 4488
f 4488 4523 4524
f 4525 4489 4524
f 4524 4489 4488
f 4484 4526 4485
f 4485 4526 4527
f 4503 4528 4500
f 4500 4528 4529
f 4530 4531 4533
f 4533 4531 4532
f 4535 4506 4534
f 4534 4506 4530
f 4486 4536 4487
f 4487 4536 4537
f 4487 4537 4492
f 4492 4537 4538
f 4494 4539 4496
f 4496 4539 4540
f 4542 4533 4541
f 4541 4533 4499
f 4544 4545 4543
f 4543 4545 4546
f 4548 4549 4547
f 4547 4549 4550
f 4536 4551 4537
f 4537 4551 4552
f 4537 4552 4538
f 4538 4552 4553
f 4554 4539 4556
f 4556 4539 4555
f 4557 4540 4554
f 4554 4540 4539
f 4559 4557 4558
f 4558 4557 4560
f 4540 4557 4541
f 4541 4557 4559
f 4562 4563 4561
f 4561 4563 4564
f 4546 4565 4543
f 4543 4565 4566
f 4547 4567 4548
f 4548 4567 4568
f 4570 4571 4569
f 4569 4571 4572
f 4574 4575 4573
f 4573 4575 4576
f 4578 4579 4577
f 4577 4579 4580
f 4582 4583 4581
f 4581 4583 4584
f 4585 4586 4588
f 4588 4586 4587
f 4589 4585 4590
f 4590 4585 4588
f 4592 4593 4591
f 4591 4593 4594
f 4596 4597 4595
f 4595 4597 4598
f 4600 4601 4599
f 4599 4601 4602
f 4563 4604 4603
f 4603 4604 4605
f 4603 4606 4608
f 4608 4606 4607
f 4609 4610 4594
f 4594 4610 4591
f 4611 4612 4614
f 4614 4612 4613
f 4616 4617 4615
f 4615 4617 4618
f 4602 4620 4619
f 4619 4620 4621
f 4619 4622 4602
f 4602 4622 4599
f 4605 4599 4623
f 4623 4599 4622
f 4605 4623 4603
f 4603 4623 4606
f 4625 4626 4624
f 4624 4626 4627
f 4438 4437 4628
f 4628 4437 4629
f 4442 4441 4630
f 4630 4441 4631
f 4630 4632 4442
f 4442 4632 4514
f 4633 4634 4529
f 4529 4634 4500
f 4500 4634 4501
f 4501 4634 4635
f 4637 4546 4636
f 4636 4546 4545
f 4639 4565 4638
f 4638 4565 4640
f 4573 4576 4641
f 4641 4576 4642
f 4593 4643 4594
f 4594 4643 4644
f 4645 4609 4644
f 4644 4609 4594
f 4647 4648 4646
f 4646 4648 4649
f 4651 4652 4650
f 4650 4652 4653
f 4654 4498 4519
f 4519 4498 4532
f 4520 4508 4521
f 4521 4508 4511
f 4522 4510 4523
f 4523 4510 4655
f 4524 4656 4525
f 4525 4656 4657
f 4514 4529 4515
f 4515 4529 4528
f 4658 4659 4661
f 4661 4659 4660
f 4496 4540 4499
f 4499 4540 4541
f 4493 4555 4494
f 4494 4555 4539
f 4549 4483 4550
f 4550 4483 4482
f 4545 4544 4501
f 4501 4544 4502
f 4636 4545 4635
f 4635 4545 4501
f 4589 4663 4662
f 4662 4663 4664
f 4662 4665 4558
f 4558 4665 4559
f 4569 4586 4570
f 4570 4586 4560
f 4552 4666 4553
f 4553 4666 4667
f 4668 4669 4670
f 4670 4669 4666
f 4672 4673 4671
f 4671 4673 4674
f 4287 4675 4288
f 4288 4675 4676
f 4678 4679 4677
f 4677 4679 4680
f 4681 4678 4682
f 4682 4678 4677
f 4682 4683 4681
f 4681 4683 4684
f 4161 4164 4685
f 4685 4164 4686
f 4414 4687 4689
f 4689 4687 4688
f 4405 4690 4346
f 4346 4690 4347
f 4691 4399 4693
f 4693 4399 4692
f 1209 4694 4365
f 4365 4694 4366
f 4650 1211 4651
f 4651 1211 1210
f 4695 4696 4255
f 4255 4696 4256
f 4697 4698 4218
f 4218 4698 4215
f 4700 4701 4699
f 4699 4701 4702
f 4703 4704 4303
f 4303 4704 4300
f 4315 3922 4316
f 4316 3922 3945
f 4653 4706 4705
f 4705 4706 4707
f 4709 4710 4708
f 4708 4710 4711
f 4335 4334 4713
f 4713 4334 4712
f 4714 4340 4321
f 4321 4340 4322
f 4716 4717 4715
f 4715 4717 4718
f 4238 4241 4719
f 4719 4241 4720
f 4231 4721 4307
f 4307 4721 4308
f 4723 4724 4722
f 4722 4724 4725
f 4727 4728 4726
f 4726 4728 4729
f 4730 4731 4327
f 4327 4731 4328
f 4733 4734 4732
f 4732 4734 4735
f 4720 4381 4736
f 4736 4381 4737
f 4738 4739 4741
f 4741 4739 4740
f 4743 4744 4742
f 4742 4744 4745
f 4338 4390 4339
f 4339 4390 4431
f 4746 4747 4431
f 4431 4747 4339
f 4291 4332 4289
f 4289 4332 4317
f 4289 4209 4291
f 4291 4209 4286
f 4287 4286 4210
f 4210 4286 4209
f 4749 4750 4748
f 4748 4750 4751
f 4212 4284 4752
f 4752 4284 4753
f 4752 4754 4212
f 4212 4754 4213
f 4252 4251 4225
f 4225 4251 4226
f 4227 4230 4248
f 4248 4230 4249
f 4205 4755 4757
f 4757 4755 4756
f 4708 4711 4758
f 4758 4711 4647
f 4367 4366 4759
f 4759 4366 4760
f 4526 4513 4527
f 4527 4513 4512
f 4420 4423 4385
f 4385 4423 4386
f 4705 4761 4653
f 4653 4761 4650
f 4761 1279 4650
f 4650 1279 1211
f 4762 4763 3944
f 3944 4763 3936
f 4274 4273 4765
f 4765 4273 4764
f 4767 4768 4766
f 4766 4768 4769
f 4770 4771 4769
f 4769 4771 4766
f 4771 4770 4242
f 4242 4770 4243
f 4093 4163 4094
f 4094 4163 4162
f 4772 4773 4775
f 4775 4773 4774
f 4777 4778 4776
f 4776 4778 4779
f 4417 4185 4182
f 4182 4185 4184
f 4780 4078 4781
f 4781 4078 4077
f 4781 4077 4782
f 4782 4077 4189
f 4188 4783 4189
f 4189 4783 4782
f 4295 4232 4307
f 4307 4232 4231
f 4785 4786 4784
f 4784 4786 4787
f 4784 1307 4785
f 4785 1307 1306
f 4078 4780 4096
f 4096 4780 4097
f 4075 4074 4310
f 4310 4074 4788
f 4788 4074 4789
f 4789 4074 4191
f 4789 4191 4059
f 4059 4191 4790
f 4791 4277 4792
f 4792 4277 4278
f 3732 3735 4793
f 4793 3735 4313
f 4793 4794 3732
f 3732 4794 3731
f 4792 4795 4791
f 4791 4795 4796
f 4797 4798 4799
f 4799 4798 4724
f 4763 4800 3936
f 3936 4800 3935
f 4801 4062 3729
f 3729 4062 3730
f 4713 4712 4802
f 4802 4712 4803
f 4146 4804 4119
f 4119 4804 4805
f 4498 4654 4497
f 4497 4654 4520
f 4806 4807 1326
f 1326 4807 1327
f 4689 4688 1330
f 1330 4688 1331
f 4801 4789 4062
f 4062 4789 4059
f 3730 4062 4808
f 4808 4062 4061
f 4810 4811 4809
f 4809 4811 4812
f 4813 4403 4814
f 4814 4403 4345
f 4815 4816 4349
f 4349 4816 4350
f 4817 4818 4820
f 4820 4818 4819
f 4406 4821 4407
f 4407 4821 4822
f 4823 4161 4824
f 4824 4161 4685
f 4181 4414 4825
f 4825 4414 4689
f 4741 4740 4826
f 4826 4740 4827
f 4828 4829 4827
f 4827 4829 4826
f 4142 4141 4415
f 4415 4141 4148
f 4830 1354 4761
f 4761 1354 1279
f 4832 4833 4831
f 4831 4833 4834
f 4835 4836 4626
f 4626 4836 4421
f 4451 4709 4395
f 4395 4709 4708
f 4627 4420 4837
f 4837 4420 4385
f 4837 1365 4838
f 4838 1365 1364
f 4397 4396 4839
f 4839 4396 4840
f 4842 4628 4841
f 4841 4628 4629
f 4671 4674 4631
f 4631 4674 4630
f 4674 4659 4630
f 4630 4659 4632
f 4633 4632 4658
f 4658 4632 4659
f 4658 4504 4633
f 4633 4504 4634
f 4635 4634 4507
f 4507 4634 4504
f 4843 4636 4507
f 4507 4636 4635
f 4844 4637 4843
f 4843 4637 4636
f 4637 4844 4640
f 4640 4844 4664
f 4638 4663 4642
f 4642 4663 4845
f 4847 4643 4846
f 4846 4643 4641
f 4644 4848 4645
f 4645 4848 4849
f 4851 4852 4850
f 4850 4852 4853
f 4855 4856 4854
f 4854 4856 4857
f 4859 4860 4858
f 4858 4860 4857
f 4715 4718 4859
f 4859 4718 4860
f 4862 4863 4861
f 4861 4863 4864
f 4866 4867 4865
f 4865 4867 4868
f 4870 4871 4869
f 4869 4871 4872
f 4869 4872 4116
f 4116 4872 4117
f 4820 4819 4874
f 4874 4819 4873
f 4876 4877 4875
f 4875 4877 4878
f 4880 4881 4879
f 4879 4881 4882
f 4884 4885 4883
f 4883 4885 4886
f 4887 4888 4280
f 4280 4888 4281
f 4818 4817 4889
f 4889 4817 4890
f 4891 4193 4823
f 4823 4193 4192
f 4892 4893 4228
f 4228 4893 4229
f 4158 4157 4894
f 4894 4157 4895
f 4896 4897 4132
f 4132 4897 4133
f 4099 4683 4100
f 4100 4683 4682
f 4101 4100 4899
f 4899 4100 4898
f 4150 4106 4147
f 4147 4106 4900
f 4100 4682 4898
f 4898 4682 4677
f 4080 4082 4187
f 4187 4082 4184
f 4077 4080 4189
f 4189 4080 4187
f 4191 4190 4790
f 4790 4190 4901
f 4177 4158 4680
f 4680 4158 4894
f 4108 4136 4752
f 4752 4136 4754
f 4752 4753 4108
f 4108 4753 4109
f 4817 4902 4890
f 4890 4902 4903
f 4904 4905 4907
f 4907 4905 4906
f 4909 4910 4908
f 4908 4910 4911
f 4913 4914 4912
f 4912 4914 4915
f 4916 4917 4919
f 4919 4917 4918
f 4312 4424 4299
f 4299 4424 4304
f 4920 4921 4297
f 4297 4921 4298
f 4194 4922 4167
f 4167 4922 4923
f 4924 4400 4691
f 4691 4400 4399
f 4395 4708 4396
f 4396 4708 4758
f 4367 4925 4368
f 4368 4925 4926
f 4919 4918 4873
f 4873 4918 4874
f 4836 4927 4421
f 4421 4927 4422
f 4921 4928 4298
f 4298 4928 4311
f 4143 4146 4122
f 4122 4146 4119
f 4929 4930 4455
f 4455 4930 4452
f 4932 4933 4931
f 4931 4933 4934
f 4935 4936 4932
f 4932 4936 4933
f 4461 4460 4457
f 4457 4460 4458
f 4480 4479 4475
f 4475 4479 4476
f 4660 4673 4517
f 4517 4673 4937
f 4661 4505 4658
f 4658 4505 4504
f 4484 4483 4489
f 4489 4483 4486
f 4462 4509 4463
f 4463 4509 4518
f 4469 4511 4466
f 4466 4511 4508
f 4655 4473 4656
f 4656 4473 4477
f 4476 4657 4477
f 4477 4657 4656
f 4479 4513 4476
f 4476 4513 4657
f 4489 4525 4484
f 4484 4525 4526
f 4483 4549 4486
f 4486 4549 4536
f 4549 4548 4536
f 4536 4548 4551
f 4548 4568 4551
f 4551 4568 4670
f 4663 4589 4845
f 4845 4589 4590
f 4668 4577 4938
f 4938 4577 4580
f 4940 4938 4939
f 4939 4938 4941
f 4940 4942 4669
f 4669 4942 4943
f 4587 4582 4944
f 4944 4582 4581
f 4848 4847 4608
f 4608 4847 4564
f 4616 4945 4613
f 4613 4945 4598
f 4615 4946 4616
f 4616 4946 4945
f 4947 4939 4948
f 4948 4939 4946
f 4599 4605 4600
f 4600 4605 4604
f 4608 4607 4848
f 4848 4607 4849
f 4613 4612 4616
f 4616 4612 4617
f 4835 4949 4709
f 4709 4949 4710
f 4357 1477 4837
f 4837 1477 1365
f 4712 4950 4803
f 4803 4950 4951
f 4401 4952 4402
f 4402 4952 4953
f 4759 4760 4402
f 4402 4760 4399
f 4508 4520 4509
f 4509 4520 4654
f 4510 4522 4511
f 4511 4522 4521
f 4513 4526 4657
f 4657 4526 4525
f 4632 4633 4514
f 4514 4633 4529
f 4931 4934 4453
f 4453 4934 4454
f 4153 4954 4154
f 4154 4954 4955
f 4957 4958 4956
f 4956 4958 4959
f 4961 4962 4960
f 4960 4962 4963
f 4120 4964 4210
f 4210 4964 4965
f 4967 4968 4966
f 4966 4968 4969
f 4349 4692 4815
f 4815 4692 4970
f 4652 4971 4653
f 4653 4971 4706
f 4758 4647 4972
f 4972 4647 4646
f 4973 4363 4646
f 4646 4363 4972
f 4950 4360 4974
f 4974 4360 4364
f 4431 4335 4746
f 4746 4335 4713
f 4358 4714 4325
f 4325 4714 4321
f 4765 4764 4266
f 4266 4764 4975
f 4202 4976 4203
f 4203 4976 4977
f 4917 4978 4918
f 4918 4978 4979
f 4279 4282 4854
f 4854 4282 4269
f 4820 4880 4817
f 4817 4880 4902
f 4890 4903 4980
f 4980 4903 4886
f 4982 4983 4981
f 4981 4983 4123
f 4795 4851 4796
f 4796 4851 4850
f 4918 4979 4874
f 4874 4979 4881
f 4809 4404 4810
f 4810 4404 4403
f 4354 4985 4984
f 4984 4985 4986
f 1364 1516 4838
f 4838 1516 4987
f 4759 4988 4367
f 4367 4988 4925
f 4989 4990 4481
f 4481 4990 4478
f 4443 4515 4990
f 4990 4515 4991
f 4527 4512 4992
f 4992 4512 4991
f 4528 4503 4992
f 4992 4503 4993
f 4993 4994 4485
f 4485 4994 4482
f 4544 4995 4502
f 4502 4995 4994
f 4995 4996 4550
f 4550 4996 4547
f 4998 4999 4997
f 4997 4999 4566
f 4998 5000 4578
f 4578 5000 4579
f 5001 5002 4596
f 4596 5002 4597
f 5003 4591 5004
f 5004 4591 4610
f 4626 4421 4627
f 4627 4421 4420
f 4837 4838 4627
f 4627 4838 4624
f 4761 4705 4830
f 4830 4705 5005
f 4705 4707 5005
f 5005 4707 5006
f 4308 4721 4075
f 4075 4721 4076
f 5007 4200 4797
f 4797 4200 4798
f 4685 4686 5008
f 5008 4686 5009
f 4889 4890 5010
f 5010 4890 4980
f 4323 1541 4324
f 4324 1541 1540
f 4385 4384 4358
f 4358 4384 4714
f 4396 4758 4840
f 4840 4758 4972
f 4866 4852 5011
f 5011 4852 5012
f 5013 4260 4980
f 4980 4260 5010
f 4875 4878 5014
f 5014 4878 5015
f 5017 5018 5016
f 5016 5018 5019
f 5016 5019 5020
f 5020 5019 5021
f 5023 5024 5022
f 5022 5024 5025
f 5027 5028 5026
f 5026 5028 5029
f 5031 5032 5030
f 5030 5032 5033
f 5035 5036 5034
f 5034 5036 5037
f 5039 5040 5038
f 5038 5040 5041
f 5043 5044 5042
f 5042 5044 5045
f 5038 5046 5039
f 5039 5046 5047
f 5049 5050 5048
f 5048 5050 5051
f 5053 5054 5052
f 5052 5054 5055
f 5057 5024 5056
f 5056 5024 5058
f 5060 5061 5059
f 5059 5061 5062
f 5064 5065 5063
f 5063 5065 5066
f 5043 5050 5064
f 5064 5050 5065
f 5038 5041 5067
f 5067 5041 5068
f 5070 5071 5069
f 5069 5071 5072
f 5074 5075 5073
f 5073 5075 5076
f 5034 5077 5035
f 5035 5077 5078
f 5080 5081 5079
f 5079 5081 5082
f 5084 5085 5083
f 5083 5085 5086
f 5085 5084 5087
f 5087 5084 5088
f 5090 5091 5089
f 5089 5091 5092
f 5094 5095 5093
f 5093 5095 5096
f 5098 5099 5097
f 5097 5099 5100
f 5102 5103 5101
f 5101 5103 5104
f 5105 5106 5108
f 5108 5106 5107
f 5110 5111 5109
f 5109 5111 5112
f 5114 5094 5113
f 5113 5094 5093
f 5116 5117 5115
f 5115 5117 5118
f 5120 5121 5119
f 5119 5121 5122
f 5124 5125 5123
f 5123 5125 5126
f 5128 5129 5127
f 5127 5129 5130
f 5097 5131 5098
f 5098 5131 5132
f 5134 5135 5133
f 5133 5135 5122
f 5084 5125 5088
f 5088 5125 5136
f 5138 5139 5137
f 5137 5139 5140
f 5142 5102 5141
f 5141 5102 5101
f 5106 5143 5107
f 5107 5143 5144
f 5146 5147 5145
f 5145 5147 5148
f 5149 5150 5109
f 5109 5150 5110
f 5151 5110 5152
f 5152 5110 5150
f 4715 5140 4716
f 4716 5140 5139
f 5143 4870 5144
f 5144 4870 4869
f 4115 5146 4116
f 4116 5146 5145
f 4791 4796 5149
f 5149 4796 5150
f 4796 4850 5150
f 5150 4850 5152
f 4858 5142 4859
f 4859 5142 5141
f 5153 5154 5115
f 5115 5154 5105
f 5156 5157 5155
f 5155 5157 5158
f 5159 5160 5053
f 5053 5160 5054
f 5161 5162 5020
f 5020 5162 5068
f 5026 5029 5163
f 5163 5029 5021
f 5083 5086 5164
f 5164 5086 5165
f 5090 5167 5166
f 5166 5167 5168
f 5169 5170 5172
f 5172 5170 5171
f 5174 5175 5173
f 5173 5175 5176
f 5177 5109 5178
f 5178 5109 5112
f 5179 5180 5182
f 5182 5180 5181
f 5123 5126 5120
f 5120 5126 5121
f 5180 5167 5181
f 5181 5167 5183
f 5184 5185 5179
f 5179 5185 5180
f 5186 5149 5177
f 5177 5149 5109
f 4868 5184 4865
f 4865 5184 5179
f 5188 5189 5187
f 5187 5189 5190
f 4277 4791 5186
f 5186 4791 5149
f 5179 5182 4865
f 4865 5182 4853
f 5189 4862 5190
f 5190 4862 4861
f 5156 5075 5191
f 5191 5075 5192
f 5036 5035 5193
f 5193 5035 5194
f 5115 5118 5153
f 5153 5118 5195
f 5022 5025 5196
f 5196 5025 5197
f 5155 5158 5069
f 5069 5158 5062
f 5063 5066 5198
f 5198 5066 5199
f 5073 5076 5200
f 5200 5076 5072
f 5202 5131 5201
f 5201 5131 5203
f 5143 5106 5204
f 5204 5106 5205
f 5114 5113 5206
f 5206 5113 5127
f 5098 5132 5193
f 5193 5132 5195
f 5204 5207 5143
f 5143 5207 4870
f 5088 5136 5208
f 5208 5136 5092
f 5209 5210 5089
f 5089 5210 5183
f 5211 5018 5060
f 5060 5018 5061
f 5017 5040 5070
f 5070 5040 5071
f 5191 5160 5156
f 5156 5160 5157
f 5048 5028 5049
f 5049 5028 5058
f 5207 5204 4858
f 4858 5204 5142
f 4859 5141 4715
f 4715 5141 5140
f 5212 5162 5042
f 5042 5162 5051
f 5182 5152 4853
f 4853 5152 4850
f 5214 5134 5213
f 5213 5134 5133
f 5164 5165 5133
f 5133 5165 5213
f 5215 5216 5201
f 5201 5216 5217
f 5147 5218 5148
f 5148 5218 5219
f 5147 5177 5218
f 5218 5177 5178
f 5141 5101 5140
f 5140 5101 5137
f 5201 5217 5202
f 5202 5217 5104
f 5146 5186 5147
f 5147 5186 5177
f 4277 5186 4115
f 4115 5186 5146
f 5191 5192 5031
f 5031 5192 5032
f 5052 5055 5220
f 5220 5055 5197
f 4116 5145 4869
f 4869 5145 5144
f 5034 5037 5214
f 5214 5037 5134
f 5097 5100 5114
f 5114 5100 5094
f 5108 5107 5219
f 5219 5107 5148
f 5221 5135 5116
f 5116 5135 5117
f 5124 5111 5209
f 5209 5111 5210
f 5107 5144 5148
f 5148 5144 5145
f 5152 5182 5151
f 5151 5182 5181
f 5208 5222 5088
f 5088 5222 5087
f 5222 5208 5171
f 5171 5208 5172
f 5223 1756 4698
f 4698 1756 1755
f 4427 5224 4107
f 4107 5224 4135
f 4178 4679 5225
f 5225 4679 5226
f 5227 5228 4892
f 4892 5228 4893
f 5229 5230 4171
f 4171 5230 4172
f 4855 4268 4884
f 4884 4268 4885
f 4884 4871 4855
f 4855 4871 4856
f 4684 5231 4896
f 4896 5231 4897
f 4768 4767 5009
f 5009 4767 5008
f 5205 5154 5102
f 5102 5154 5103
f 5099 5098 5194
f 5194 5098 5193
f 5198 5199 5079
f 5079 5199 5033
f 5102 5142 5205
f 5205 5142 5204
f 5224 4427 4681
f 4681 4427 4678
f 3712 3711 5232
f 5232 3711 5233
f 3968 3988 3963
f 3963 3988 3964
f 3976 4044 3972
f 3972 4044 3985
f 4038 4037 4036
f 4036 4037 4033
f 4794 4762 3731
f 3731 4762 3944
f 3731 3944 3722
f 3722 3944 3810
f 3874 5234 5232
f 5232 5234 3712
f 3906 3905 3867
f 3867 3905 4011
f 3904 4023 3905
f 3905 4023 4011
f 3719 3722 3811
f 3811 3722 3810
f 3812 3719 3687
f 3687 3719 3811
f 3716 3812 3686
f 3686 3812 3687
f 3713 3716 3685
f 3685 3716 3686
f 4810 4403 5235
f 5235 4403 4813
f 4345 1770 4814
f 4814 1770 1769
f 4067 4066 4058
f 4058 4066 5236
f 4043 4068 4049
f 4049 4068 4050
f 4034 5237 3989
f 3989 5237 3990
f 4031 4030 4072
f 4072 4030 4005
f 4003 4004 4002
f 4002 4004 4032
f 4004 4005 4032
f 4032 4005 4030
f 4067 4064 4068
f 4068 4064 4050
f 4058 4057 4067
f 4067 4057 4064
f 4035 4034 5238
f 5238 4034 3989
f 5236 5239 4058
f 4058 5239 5240
f 5234 3874 5241
f 5241 3874 3873
f 5241 3873 3881
f 3881 3873 3878
f 4800 4763 4788
f 4788 4763 4310
f 4763 4762 4310
f 4310 4762 4309
f 4762 4794 4309
f 4309 4794 4306
f 4794 4793 4306
f 4306 4793 4292
f 4293 4313 4302
f 4302 4313 4314
f 4302 4314 4303
f 4303 4314 4315
f 4303 4315 4703
f 4703 4315 4316
f 4035 4069 4043
f 4043 4069 4068
f 4324 1540 4357
f 4357 1540 1477
f 5232 3987 3874
f 3874 3987 3871
f 3987 5232 4013
f 4013 5232 5233
f 4013 5233 4014
f 4014 5233 5242
f 3888 4015 3865
f 3865 4015 4007
f 3866 4008 5243
f 5243 4008 4016
f 3873 5244 3878
f 3878 5244 3875
f 3965 5244 3872
f 3872 5244 3873
f 3876 3875 3965
f 3965 3875 5244
f 5243 4016 5242
f 5242 4016 4014
f 5246 5247 5245
f 5245 5247 5248
f 3576 3950 3577
f 3577 3950 3926
f 3584 3842 3585
f 3585 3842 3580
f 5249 5247 1784
f 1784 5247 1785
f 5250 5251 5253
f 5253 5251 5252
f 5255 5252 5254
f 5254 5252 5256
f 5254 5256 5258
f 5258 5256 5257
f 5258 5257 5260
f 5260 5257 5259
f 4356 5261 4424
f 4424 5261 5259
f 4355 5262 4356
f 4356 5262 5261
f 4924 5264 5263
f 5263 5264 5265
f 4693 5266 4691
f 4691 5266 5267
f 4351 5268 4352
f 4352 5268 5269
f 1808 1807 4351
f 4351 1807 5268
f 3580 3842 3581
f 3799 3802 3838
f 4800 4788 4801
f 4801 4788 4789
f 3729 3935 4801
f 4801 3935 4800
f 3728 3666 3729
f 3729 3666 3935
f 3728 3798 3666
f 3666 3798 3663
f 3798 3818 3663
f 3663 3818 3809
f 3818 3817 3809
f 3809 3817 3808
f 3796 3655 3817
f 3817 3655 3808
f 3615 3568 3796
f 3796 3568 3655
f 3573 3569 3615
f 3615 3569 3568
f 3572 3613 3573
f 3573 3613 3569
f 3792 3606 3572
f 3572 3606 3613
f 3607 3791 3949
f 3949 3791 3591
f 3590 3950 3591
f 3591 3950 3949
f 3805 3926 3590
f 3590 3926 3950
f 3804 3559 3805
f 3805 3559 3926
f 3804 3914 3559
f 3559 3914 3560
f 3924 3789 3913
f 3913 3789 3788
f 3924 3928 3789
f 3789 3928 3826
f 3928 3927 3826
f 3826 3927 3827
f 3927 3834 3827
f 3827 3834 3835
f 4079 4078 5270
f 5270 4078 5007
f 5271 5272 4233
f 4233 5272 5273
f 5275 5276 5274
f 5274 5276 5277
f 5278 5279 4236
f 4236 5279 4237
f 5278 5280 5271
f 5271 5280 5272
f 4235 5281 4236
f 4236 5281 5282
f 5284 5285 5283
f 5283 5285 5286
f 5288 5289 5287
f 5287 5289 5290
f 5292 5293 5291
f 5291 5293 5294
f 5287 5290 4726
f 4726 5290 5295
f 4293 4292 4313
f 4313 4292 4793
f 4720 4736 4719
f 4719 4736 5296
f 5297 4909 5298
f 5298 4909 4908
f 5299 5300 4976
f 4976 5300 5301
f 5302 4202 5303
f 5303 4202 4201
f 5304 5305 4983
f 4983 5305 5306
f 5308 5309 5307
f 5307 5309 5310
f 4722 4725 5283
f 5283 4725 5311
f 5291 5294 4125
f 4125 5294 4126
f 5313 5314 5312
f 5312 5314 5315
f 5316 5317 5319
f 5319 5317 5318
f 5321 5308 5320
f 5320 5308 5307
f 4819 4981 4873
f 4873 4981 5322
f 4981 4123 5322
f 5322 4123 4126
f 5324 5325 5323
f 5323 5325 5326
f 4764 5327 4975
f 4975 5327 5328
f 4172 5327 4169
f 4169 5327 5329
f 4768 4171 4769
f 4769 4171 4170
f 4243 4755 4244
f 4244 4755 5330
f 4755 4205 5330
f 5330 4205 4208
f 4206 4906 4207
f 4207 4906 4905
f 4686 5014 5009
f 5009 5014 5229
f 4756 4770 4170
f 4170 4770 4769
f 4170 4169 4756
f 4756 4169 4757
f 4273 5329 4764
f 4764 5329 5327
f 4276 5331 4273
f 4273 5331 5329
f 4770 4756 4243
f 4243 4756 4755
f 5333 4889 5332
f 5332 4889 5010
f 4877 5332 4878
f 4878 5332 4259
f 4875 4164 4876
f 4876 4164 4163
f 5334 5335 5324
f 5324 5335 5325
f 4983 5306 4123
f 4123 5306 4124
f 4818 4982 4819
f 4819 4982 4981
f 5332 5010 4259
f 4259 5010 4260
f 5014 4686 4875
f 4875 4686 4164
f 4171 4768 5229
f 5229 4768 5009
f 5337 4916 5336
f 5336 4916 4919
f 5293 5337 5294
f 5294 5337 5336
f 4982 4818 5333
f 5333 4818 4889
f 5338 5339 4262
f 4262 5339 5340
f 5307 5310 5338
f 5338 5310 5339
f 5341 5342 4204
f 4204 5342 5309
f 5336 4919 5322
f 5322 4919 4873
f 5294 5336 4126
f 4126 5336 5322
f 5323 5326 5343
f 5343 5326 5286
f 4914 5344 4915
f 4915 5344 5345
f 5312 5315 5344
f 5344 5315 5345
f 5347 5348 5346
f 5346 5348 5349
f 5350 5351 4832
f 4832 5351 4833
f 5352 5353 5349
f 5349 5353 5346
f 5354 5338 4265
f 4265 5338 4262
f 5320 5307 5354
f 5354 5307 5338
f 4201 5308 5303
f 5303 5308 5321
f 5356 5357 5355
f 5355 5357 4799
f 5358 5359 5334
f 5334 5359 5335
f 5358 5360 4093
f 4093 5360 4163
f 5360 5305 4163
f 4163 5305 4876
f 5305 5304 4876
f 4876 5304 4877
f 5270 4778 4079
f 4079 4778 4081
f 4779 5361 4774
f 4774 5361 5357
f 5356 5359 4775
f 4775 5359 4092
f 5333 5304 4982
f 4982 5304 4983
f 5332 4877 5333
f 5333 4877 5304
f 5015 4258 5230
f 5230 4258 5328
f 5327 4172 5328
f 5328 4172 5230
f 4169 5329 4757
f 4757 5329 5331
f 4757 5331 4205
f 4205 5331 4206
f 5331 4276 4206
f 4206 4276 4906
f 4276 4275 4906
f 4906 4275 4907
f 4275 4888 4907
f 4907 4888 4744
f 4887 4717 4745
f 4745 4717 4864
f 4716 5139 4861
f 4861 5139 5190
f 5139 5138 5190
f 5190 5138 5187
f 5138 5216 5187
f 5187 5216 5176
f 5215 5362 5173
f 5173 5362 5130
f 5364 5365 5363
f 5363 5365 5340
f 4742 4863 5366
f 5366 4863 4867
f 4862 5189 4868
f 4868 5189 5184
f 5189 5188 5184
f 5184 5188 5185
f 5188 5175 5185
f 5185 5175 5168
f 3560 3788 3561
f 3561 3788 3790
f 3596 3595 3608
f 3608 3595 3594
f 3598 3582 3595
f 3595 3582 3592
f 3600 3609 3601
f 3601 3609 3611
f 3602 3601 3612
f 3612 3601 3611
f 3606 3605 3613
f 3613 3605 3614
f 3793 5367 3794
f 3794 5367 5368
f 3598 3597 3600
f 3600 3597 3609
f 3793 3792 3575
f 3575 3792 3572
f 3561 3594 3558
f 3558 3594 3593
f 3807 3915 3804
f 3804 3915 3914
f 3916 3915 5370
f 5370 3915 5369
f 3602 3605 3603
f 3603 3605 3604
f 3606 3792 3607
f 3607 3792 3791
f 3914 3913 3560
f 3560 3913 3788
f 5174 5129 5166
f 5166 5129 5371
f 5170 5169 5093
f 5093 5169 5113
f 5166 5371 5090
f 5090 5371 5091
f 5128 5169 5372
f 5372 5169 5172
f 5127 5113 5128
f 5128 5113 5169
f 5114 5206 5203
f 5203 5206 5362
f 5200 5373 5073
f 5073 5373 5096
f 5374 5375 5200
f 5200 5375 5373
f 5039 5047 5374
f 5374 5047 5375
f 5087 5046 5085
f 5085 5046 5376
f 5212 5377 5067
f 5067 5377 5376
f 5042 5045 5212
f 5212 5045 5377
f 5064 5378 5043
f 5043 5378 5044
f 5063 5077 5064
f 5064 5077 5378
f 5079 5082 5198
f 5198 5082 5078
f 5099 5081 5100
f 5100 5081 5379
f 5100 5379 5094
f 5094 5379 5095
f 5381 5382 5380
f 5380 5382 5383
f 5385 5386 5384
f 5384 5386 5383
f 5385 5387 5386
f 5386 5387 5388
f 5390 5391 5389
f 5389 5391 5392
f 5393 5394 5396
f 5396 5394 5395
f 5398 5399 5397
f 5397 5399 5400
f 5402 5403 5401
f 5401 5403 5404
f 5406 5407 5405
f 5405 5407 5404
f 5408 5409 5163
f 5163 5409 5410
f 5411 5412 5414
f 5414 5412 5413
f 5057 5416 5415
f 5415 5416 5417
f 5393 5416 5418
f 5418 5416 5419
f 5396 5395 5420
f 5420 5395 5421
f 5423 5424 5422
f 5422 5424 5425
f 5415 5417 5220
f 5220 5417 5426
f 5418 5391 5393
f 5393 5391 5394
f 5414 5388 5411
f 5411 5388 5392
f 5059 5427 5060
f 5060 5427 5428
f 5423 5427 5429
f 5429 5427 5430
f 5432 5382 5431
f 5431 5382 5425
f 5429 5407 5423
f 5423 5407 5424
f 5380 5409 5381
f 5381 5409 5433
f 5381 5433 5422
f 5422 5433 5428
f 5027 5412 5056
f 5056 5412 5419
f 5435 5436 5434
f 5434 5436 5437
f 5159 5439 5438
f 5438 5439 5440
f 5053 5436 5159
f 5159 5436 5439
f 5441 5403 5398
f 5398 5403 5399
f 5163 5410 5026
f 5026 5410 5413
f 5438 5440 5442
f 5442 5440 5430
f 5444 5445 5443
f 5443 5445 5446
f 5447 5448 5450
f 5450 5448 5449
f 5451 5446 5452
f 5452 5446 5445
f 5454 5455 5453
f 5453 5455 5451
f 5456 5454 5458
f 5458 5454 5457
f 5460 5461 5459
f 5459 5461 5462
f 5464 5465 5463
f 5463 5465 5466
f 5468 5469 5467
f 5467 5469 5470
f 5472 5473 5471
f 5471 5473 5474
f 5475 5476 5478
f 5478 5476 5477
f 5479 5480 5482
f 5482 5480 5481
f 5483 5484 5448
f 5448 5484 5485
f 5448 5485 5449
f 5449 5485 5486
f 5487 5476 5488
f 5488 5476 5475
f 5490 5491 5489
f 5489 5491 5492
f 5494 5495 5493
f 5493 5495 5496
f 5498 5494 5497
f 5497 5494 5493
f 5500 5501 5499
f 5499 5501 5502
f 5503 5504 5446
f 5446 5504 5443
f 5506 5507 5505
f 5505 5507 5508
f 5510 5511 5509
f 5509 5511 5512
f 5514 5515 5513
f 5513 5515 5516
f 5518 5519 5517
f 5517 5519 5520
f 5495 5521 5496
f 5496 5521 5522
f 5524 5525 5523
f 5523 5525 5526
f 5527 5528 5494
f 5494 5528 5495
f 5499 5502 5529
f 5529 5502 5530
f 5531 5532 5485
f 5485 5532 5486
f 5485 5484 5531
f 5531 5484 5533
f 5482 5481 5534
f 5534 5481 5535
f 5536 5512 5506
f 5506 5512 5511
f 5455 5503 5451
f 5451 5503 5446
f 5467 5470 5511
f 5511 5470 5537
f 5538 5467 5510
f 5510 5467 5511
f 5540 5541 5539
f 5539 5541 5542
f 5543 5544 5546
f 5546 5544 5545
f 5548 5472 5547
f 5547 5472 5471
f 5493 5496 5549
f 5549 5496 5550
f 5496 5522 5550
f 5550 5522 5551
f 5553 5554 5552
f 5552 5554 5555
f 5557 5447 5556
f 5556 5447 5558
f 5557 5483 5447
f 5447 5483 5448
f 5478 5477 5553
f 5553 5477 5559
f 5477 5560 5559
f 5559 5560 5561
f 5476 5562 5477
f 5477 5562 5560
f 5476 5487 5562
f 5562 5487 5563
f 5560 5564 5561
f 5561 5564 5565
f 5564 5560 5566
f 5566 5560 5562
f 5563 5567 5562
f 5562 5567 5566
f 5569 5521 5568
f 5568 5521 5570
f 5481 5572 5571
f 5571 5572 5573
f 5574 5535 5571
f 5571 5535 5481
f 5576 5577 5575
f 5575 5577 5578
f 5579 5580 5456
f 5456 5580 5581
f 5475 5582 5488
f 5488 5582 5583
f 5584 5536 5505
f 5505 5536 5506
f 5585 5586 5588
f 5588 5586 5587
f 5590 5591 5589
f 5589 5591 5592
f 5519 5593 5520
f 5520 5593 5594
f 5595 5596 5462
f 5462 5596 5597
f 5599 5600 5598
f 5598 5600 5514
f 5602 5603 5601
f 5601 5603 5604
f 5524 5543 5525
f 5525 5543 5546
f 5543 5524 5606
f 5606 5524 5605
f 5607 5608 5500
f 5500 5608 5501
f 5610 5551 5609
f 5609 5551 5522
f 5611 5510 5598
f 5598 5510 5509
f 5612 5597 5457
f 5457 5597 5458
f 5510 5611 5538
f 5538 5611 5613
f 5580 5508 5581
f 5581 5508 5507
f 5615 5616 5614
f 5614 5616 5617
f 5619 5620 5618
f 5618 5620 5621
f 5623 5624 5622
f 5622 5624 5625
f 5627 5624 5626
f 5626 5624 5623
f 5629 5630 5628
f 5628 5630 5631
f 5633 5634 5632
f 5632 5634 5466
f 5635 5636 5463
f 5463 5636 5637
f 5523 5638 5524
f 5524 5638 5605
f 5639 5640 5641
f 5641 5640 5595
f 5611 5513 5613
f 5613 5513 5642
f 5643 5586 5608
f 5608 5586 5501
f 5622 5625 5590
f 5590 5625 5591
f 5598 5514 5611
f 5611 5514 5513
f 5645 5646 5644
f 5644 5646 5647
f 5620 5619 5491
f 5491 5619 5648
f 5649 5643 5492
f 5492 5643 5608
f 5650 5651 5653
f 5653 5651 5652
f 5463 5466 5635
f 5635 5466 5634
f 5597 5612 5462
f 5462 5612 5459
f 5635 5634 5523
f 5523 5634 5638
f 5654 5638 5633
f 5633 5638 5634
f 5655 5656 5525
f 5525 5656 5526
f 5658 5659 5657
f 5657 5659 5527
f 5660 5464 5637
f 5637 5464 5463
f 5632 5466 5661
f 5661 5466 5465
f 5661 5662 5632
f 5632 5662 5658
f 5662 5663 5658
f 5658 5663 5659
f 5665 5659 5664
f 5664 5659 5663
f 5632 5658 5633
f 5633 5658 5657
f 5666 5629 5530
f 5530 5629 5667
f 5528 5527 5665
f 5665 5527 5659
f 5668 5669 5570
f 5570 5669 5568
f 5669 5668 5670
f 5670 5668 5671
f 5646 5672 5673
f 5672 5674 5673
f 5673 5674 5675
f 5674 5460 5675
f 5675 5460 5459
f 5461 5676 5462
f 5462 5676 5595
f 5677 5678 5680
f 5680 5678 5679
f 5628 5681 5629
f 5629 5681 5667
f 5682 5529 5667
f 5667 5529 5530
f 5675 5459 5683
f 5683 5459 5612
f 5585 5666 5502
f 5502 5666 5530
f 5589 5684 5602
f 5602 5684 5603
f 5646 5645 5663
f 5663 5645 5664
f 5685 5647 5673
f 5673 5647 5646
f 5686 5687 5683
f 5683 5687 5685
f 5688 5689 5533
f 5533 5689 5531
f 5690 5691 5535
f 5535 5691 5534
f 5692 5690 5574
f 5574 5690 5535
f 5685 5687 5689
f 5689 5687 5693
f 5489 5694 5490
f 5490 5694 5695
f 5690 5692 5696
f 5696 5692 5697
f 5696 5644 5690
f 5690 5644 5691
f 5447 5450 5558
f 5558 5450 5698
f 5699 5700 5642
f 5642 5700 5613
f 5701 5702 5540
f 5540 5702 5541
f 5431 5703 5432
f 5432 5703 5697
f 5385 5384 5574
f 5574 5384 5692
f 5389 5387 5573
f 5573 5387 5571
f 5565 5390 5573
f 5573 5390 5389
f 5390 5565 5704
f 5704 5565 5564
f 5566 5705 5564
f 5564 5705 5704
f 5569 5441 5609
f 5609 5441 5398
f 5568 5405 5569
f 5569 5405 5441
f 5670 5706 5669
f 5669 5706 5406
f 5703 5431 5670
f 5670 5431 5706
f 5432 5697 5384
f 5384 5697 5692
f 5574 5571 5385
f 5385 5571 5387
f 5607 5707 5489
f 5489 5707 5694
f 5518 5708 5519
f 5519 5708 5709
f 5711 5576 5710
f 5710 5576 5575
f 5713 5714 5712
f 5712 5714 5715
f 5553 5552 5478
f 5478 5552 5716
f 5717 5475 5716
f 5716 5475 5478
f 5718 5719 5605
f 5605 5719 5606
f 5505 5622 5584
f 5584 5622 5590
f 5508 5623 5505
f 5505 5623 5622
f 5626 5623 5580
f 5580 5623 5508
f 5580 5579 5626
f 5626 5579 5720
f 5579 5721 5720
f 5720 5721 5722
f 5666 5585 5723
f 5723 5585 5588
f 5724 5725 5639
f 5639 5725 5640
f 5554 5726 5555
f 5555 5726 5727
f 5453 5728 5729
f 5689 5688 5685
f 5685 5688 5647
f 5604 5730 5512
f 5512 5730 5509
f 5628 5631 5618
f 5618 5631 5592
f 5601 5604 5536
f 5536 5604 5512
f 5732 5676 5731
f 5731 5676 5660
f 5730 5604 5733
f 5733 5604 5603
f 5563 5487 5551
f 5551 5487 5550
f 5489 5492 5607
f 5607 5492 5608
f 5573 5572 5565
f 5565 5572 5561
f 5609 5522 5569
f 5569 5522 5521
f 5499 5734 5500
f 5500 5734 5735
f 5596 5736 5721
f 5721 5736 5722
f 5737 5600 5594
f 5594 5600 5520
f 5599 5730 5517
f 5517 5730 5733
f 5660 5738 5731
f 5731 5738 5739
f 5648 5649 5491
f 5491 5649 5492
f 5501 5586 5502
f 5502 5586 5585
f 5525 5546 5655
f 5655 5546 5740
f 5600 5599 5520
f 5520 5599 5517
f 5708 5739 5709
f 5709 5739 5738
f 5636 5635 5526
f 5526 5635 5523
f 5670 5671 5703
f 5703 5671 5741
f 5490 5695 5742
f 5742 5695 5743
f 5682 5678 5744
f 5744 5678 5677
f 5678 5681 5679
f 5679 5681 5621
f 5742 5743 5679
f 5679 5743 5680
f 5618 5621 5628
f 5628 5621 5681
f 5725 5724 5589
f 5589 5724 5684
f 5456 5458 5579
f 5579 5458 5721
f 5675 5683 5673
f 5673 5683 5685
f 5529 5682 5745
f 5745 5682 5744
f 5721 5458 5596
f 5596 5458 5597
f 5701 5540 5719
f 5719 5540 5606
f 5703 5741 5697
f 5697 5741 5696
f 5500 5735 5607
f 5607 5735 5707
f 5549 5746 5493
f 5493 5746 5497
f 5700 5747 5613
f 5613 5747 5538
f 5420 5421 5434
f 5434 5421 5400
f 5689 5693 5531
f 5531 5693 5532
f 5705 5566 5748
f 5748 5566 5567
f 5609 5398 5610
f 5610 5398 5397
f 5669 5406 5568
f 5568 5406 5405
f 5488 5583 5549
f 5549 5583 5746
f 5714 5713 5710
f 5710 5713 5711
f 5747 5468 5538
f 5538 5468 5467
f 5548 5547 5749
f 5749 5547 5750
f 5733 5603 5751
f 5751 5603 5684
f 5589 5602 5590
f 5590 5602 5584
f 5636 5752 5614
f 5614 5752 5615
f 5753 5754 5738
f 5738 5754 5755
f 5602 5601 5584
f 5584 5601 5536
f 5723 5736 5630
f 5630 5736 5640
f 5595 5640 5596
f 5596 5640 5736
f 5734 5499 5745
f 5745 5499 5529
f 5627 5587 5643
f 5643 5587 5586
f 5553 5559 5554
f 5554 5559 5480
f 5559 5561 5480
f 5480 5561 5572
f 5554 5480 5726
f 5726 5480 5479
f 5749 5750 5715
f 5715 5750 5712
f 5683 5612 5686
f 5686 5612 5457
f 5678 5682 5681
f 5681 5682 5667
f 5598 5509 5599
f 5599 5509 5730
f 5679 5621 5742
f 5742 5621 5620
f 5652 5616 5653
f 5653 5616 5615
f 5220 5426 5052
f 5052 5426 5437
f 5487 5488 5550
f 5550 5488 5549
f 5742 5620 5490
f 5490 5620 5491
f 5551 5610 5563
f 5563 5610 5567
f 5610 5397 5567
f 5567 5397 5748
f 5614 5617 5753
f 5753 5617 5754
f 5480 5572 5481
f 5755 5756 5738
f 5738 5756 5709
f 5745 5744 5758
f 5758 5744 5757
f 5745 5758 5734
f 5734 5758 5759
f 5735 5734 5760
f 5760 5734 5759
f 5707 5735 5761
f 5761 5735 5760
f 5744 5677 5757
f 5757 5677 5762
f 5677 5680 5762
f 5762 5680 5763
f 5763 5680 5764
f 5764 5680 5743
f 5765 5766 5762
f 5762 5766 5757
f 5768 5769 5767
f 5767 5769 5770
f 5771 5772 5770
f 5770 5772 5767
f 5770 5769 5774
f 5774 5769 5773
f 5775 5776 5774
f 5774 5776 5777
f 5773 5778 5774
f 5774 5778 5775
f 5779 5766 5773
f 5773 5766 5778
f 5777 5771 5774
f 5774 5771 5770
f 5780 5781 5783
f 5783 5781 5782
f 5781 5780 5771
f 5771 5780 5772
f 5773 5769 5779
f 5779 5769 5768
f 5768 5759 5779
f 5779 5759 5758
f 5768 5784 5759
f 5759 5784 5760
f 5767 5785 5768
f 5768 5785 5784
f 5785 5767 5786
f 5786 5767 5772
f 5766 5779 5757
f 5757 5779 5758
f 5780 5787 5772
f 5772 5787 5786
f 5785 5786 5788
f 5788 5786 5789
f 5786 5787 5789
f 5789 5787 5790
f 5788 5789 5791
f 5791 5789 5792
f 5791 5793 5788
f 5788 5793 5794
f 5795 5792 5790
f 5790 5792 5789
f 5785 5788 5784
f 5784 5788 5794
f 5784 5794 5760
f 5760 5794 5761
f 5787 5780 5796
f 5796 5780 5783
f 5775 5778 5797
f 5797 5778 5766
f 5797 5798 5775
f 5775 5798 5776
f 5766 5765 5797
f 5797 5765 5799
f 5798 5797 5800
f 5800 5797 5799
f 5798 5801 5776
f 5776 5801 5802
f 5707 5761 5694
f 5694 5761 5803
f 5695 5804 5743
f 5743 5804 5764
f 5804 5695 5803
f 5803 5695 5694
f 5803 5793 5804
f 5804 5793 5805
f 5793 5791 5805
f 5805 5791 5806
f 5804 5805 5764
f 5764 5805 5807
f 5803 5761 5793
f 5793 5761 5794
f 5808 5763 5807
f 5807 5763 5764
f 5808 5765 5763
f 5763 5765 5762
f 5809 5799 5808
f 5808 5799 5765
f 5809 5808 5810
f 5810 5808 5807
f 5811 5809 5812
f 5812 5809 5810
f 5805 5806 5807
f 5807 5806 5810
f 5806 5813 5810
f 5810 5813 5812
f 5799 5809 5800
f 5800 5809 5811
f 5815 5800 5814
f 5814 5800 5811
f 5814 5817 5816
f 5816 5817 5818
f 5814 5811 5817
f 5817 5811 5812
f 5814 5816 5815
f 5815 5816 5796
f 5815 5796 5801
f 5801 5796 5783
f 5801 5798 5815
f 5815 5798 5800
f 5791 5792 5806
f 5806 5792 5813
f 5818 5813 5795
f 5795 5813 5792
f 5818 5817 5813
f 5813 5817 5812
f 5816 5818 5790
f 5790 5818 5795
f 5790 5787 5816
f 5816 5787 5796
f 5771 5777 5781
f 5781 5777 5782
f 5782 5802 5783
f 5783 5802 5801
f 5782 5777 5802
f 5802 5777 5776
f 5588 5587 5722
f 5722 5587 5720
f 5591 5619 5592
f 5592 5619 5618
f 5625 5624 5648
f 5648 5624 5649
f 5624 5627 5649
f 5649 5627 5643
f 5631 5630 5725
f 5725 5630 5640
f 5625 5648 5591
f 5591 5648 5619
f 5588 5722 5723
f 5723 5722 5736
f 5631 5725 5592
f 5592 5725 5589
f 5723 5630 5666
f 5666 5630 5629
f 5587 5627 5720
f 5720 5627 5626
f 5820 5821 5819
f 5819 5821 5822
f 5824 5825 5823
f 5823 5825 5826
f 5823 5826 5827
f 5827 5826 5828
f 5829 5830 5832
f 5832 5830 5831
f 5518 5833 5708
f 5708 5833 5834
f 5835 5836 5824
f 5824 5836 5825
f 5838 5839 5837
f 5837 5839 5840
f 5751 5684 5842
f 5842 5684 5841
f 5843 5841 5724
f 5724 5841 5684
f 5845 5846 5844
f 5844 5846 5847
f 5848 5830 5836
f 5836 5830 5825
f 5518 5751 5833
f 5833 5751 5842
f 5839 5838 5821
f 5821 5838 5849
f 5850 5848 5822
f 5822 5848 5836
f 5851 5845 5828
f 5828 5845 5852
f 5854 5855 5853
f 5853 5855 5856
f 5845 5844 5852
f 5852 5844 5857
f 5858 5827 5852
f 5852 5827 5828
f 5851 5828 5829
f 5829 5828 5826
f 5819 5859 5820
f 5820 5859 5860
f 5835 5861 5819
f 5819 5861 5859
f 5851 5829 5862
f 5862 5829 5832
f 5844 5847 5837
f 5837 5847 5834
f 5819 5822 5835
f 5835 5822 5836
f 5823 5863 5824
f 5824 5863 5864
f 5849 5850 5821
f 5821 5850 5822
f 5825 5830 5826
f 5826 5830 5829
f 5820 5860 5865
f 5865 5860 5866
f 5858 5854 5867
f 5867 5854 5853
f 5854 5857 5855
f 5855 5857 5840
f 5855 5865 5856
f 5856 5865 5866
f 5837 5840 5844
f 5844 5840 5857
f 5827 5858 5868
f 5868 5858 5867
f 5824 5864 5835
f 5835 5864 5861
f 5732 5731 5862
f 5862 5731 5846
f 5863 5823 5868
f 5868 5823 5827
f 5843 5831 5848
f 5848 5831 5830
f 5854 5858 5857
f 5857 5858 5852
f 5855 5840 5865
f 5865 5840 5839
f 5865 5839 5820
f 5820 5839 5821
f 5868 5867 5870
f 5870 5867 5869
f 5868 5870 5863
f 5863 5870 5871
f 5863 5871 5864
f 5864 5871 5872
f 5864 5872 5861
f 5861 5872 5873
f 5867 5853 5869
f 5869 5853 5874
f 5853 5856 5874
f 5874 5856 5875
f 5856 5866 5875
f 5875 5866 5876
f 5877 5878 5874
f 5874 5878 5869
f 5880 5881 5879
f 5879 5881 5882
f 5883 5884 5880
f 5880 5884 5881
f 5881 5884 5886
f 5886 5884 5885
f 5887 5888 5886
f 5886 5888 5889
f 5885 5890 5886
f 5886 5890 5887
f 5889 5882 5886
f 5886 5882 5881
f 5882 5891 5879
f 5879 5891 5892
f 5885 5884 5893
f 5893 5884 5883
f 5883 5871 5893
f 5893 5871 5870
f 5883 5894 5871
f 5871 5894 5872
f 5880 5895 5883
f 5883 5895 5894
f 5896 5895 5879
f 5879 5895 5880
f 5893 5878 5885
f 5885 5878 5890
f 5878 5893 5869
f 5869 5893 5870
f 5897 5896 5892
f 5892 5896 5879
f 5895 5896 5898
f 5898 5896 5899
f 5896 5897 5899
f 5899 5897 5900
f 5898 5899 5901
f 5901 5899 5902
f 5901 5903 5898
f 5898 5903 5904
f 5900 5905 5899
f 5899 5905 5902
f 5898 5904 5895
f 5895 5904 5894
f 5894 5904 5872
f 5872 5904 5873
f 5897 5892 5907
f 5907 5892 5906
f 5892 5891 5906
f 5906 5891 5908
f 5887 5890 5909
f 5909 5890 5878
f 5888 5887 5910
f 5910 5887 5909
f 5878 5877 5909
f 5909 5877 5911
f 5909 5911 5910
f 5910 5911 5912
f 5913 5914 5910
f 5910 5914 5888
f 5908 5914 5906
f 5906 5914 5913
f 5861 5873 5859
f 5859 5873 5915
f 5860 5916 5866
f 5866 5916 5876
f 5916 5860 5915
f 5915 5860 5859
f 5915 5903 5916
f 5916 5903 5917
f 5903 5901 5917
f 5917 5901 5918
f 5916 5917 5876
f 5876 5917 5919
f 5903 5915 5904
f 5904 5915 5873
f 5920 5875 5919
f 5919 5875 5876
f 5920 5877 5875
f 5875 5877 5874
f 5920 5921 5877
f 5877 5921 5911
f 5921 5920 5922
f 5922 5920 5919
f 5923 5921 5924
f 5924 5921 5922
f 5917 5918 5919
f 5919 5918 5922
f 5918 5925 5922
f 5922 5925 5924
f 5921 5923 5911
f 5911 5923 5912
f 5927 5912 5926
f 5926 5912 5923
f 5926 5929 5928
f 5928 5929 5930
f 5926 5923 5929
f 5929 5923 5924
f 5926 5928 5927
f 5927 5928 5907
f 5927 5907 5913
f 5913 5907 5906
f 5913 5910 5927
f 5927 5910 5912
f 5901 5902 5918
f 5918 5902 5925
f 5930 5925 5905
f 5905 5925 5902
f 5930 5929 5925
f 5925 5929 5924
f 5928 5930 5900
f 5900 5930 5905
f 5900 5897 5928
f 5928 5897 5907
f 5882 5889 5891
f 5891 5889 5908
f 5908 5889 5914
f 5914 5889 5888
f 5832 5831 5641
f 5641 5831 5639
f 5833 5838 5834
f 5834 5838 5837
f 5842 5841 5849
f 5849 5841 5850
f 5841 5843 5850
f 5850 5843 5848
f 5847 5846 5739
f 5739 5846 5731
f 5842 5849 5833
f 5833 5849 5838
f 5862 5832 5732
f 5732 5832 5641
f 5847 5739 5834
f 5834 5739 5708
f 5862 5846 5851
f 5851 5846 5845
f 5831 5843 5639
f 5639 5843 5724
f 5676 5732 5595
f 5595 5732 5641
f 5676 5461 5660
f 5660 5461 5464
f 5461 5460 5464
f 5464 5460 5465
f 5460 5674 5465
f 5465 5674 5661
f 5931 5932 5934
f 5934 5932 5933
f 5936 5937 5935
f 5935 5937 5938
f 5935 5938 5939
f 5939 5938 5940
f 5942 5943 5941
f 5941 5943 5944
f 5945 5946 5936
f 5936 5946 5937
f 5948 5949 5947
f 5947 5949 5950
f 5951 5952 5519
f 5519 5952 5593
f 5953 5951 5709
f 5709 5951 5519
f 5955 5956 5954
f 5954 5956 5957
f 5958 5942 5946
f 5946 5942 5937
f 5948 5959 5949
f 5949 5959 5933
f 5960 5958 5934
f 5934 5958 5946
f 5961 5955 5940
f 5940 5955 5962
f 5963 5964 5966
f 5966 5964 5965
f 5955 5954 5962
f 5962 5954 5967
f 5968 5939 5962
f 5962 5939 5940
f 5961 5940 5941
f 5941 5940 5938
f 5931 5969 5932
f 5932 5969 5970
f 5945 5971 5931
f 5931 5971 5969
f 5941 5944 5961
f 5961 5944 5972
f 5954 5957 5947
f 5947 5957 5973
f 5945 5931 5946
f 5946 5931 5934
f 5935 5974 5936
f 5936 5974 5975
f 5959 5960 5933
f 5933 5960 5934
f 5937 5942 5938
f 5938 5942 5941
f 5932 5970 5976
f 5976 5970 5977
f 5968 5964 5978
f 5978 5964 5963
f 5965 5964 5950
f 5950 5964 5967
f 5976 5977 5965
f 5965 5977 5966
f 5947 5950 5954
f 5954 5950 5967
f 5939 5968 5979
f 5979 5968 5978
f 5936 5975 5945
f 5945 5975 5971
f 5972 5754 5956
f 5956 5754 5617
f 5974 5935 5979
f 5979 5935 5939
f 5953 5943 5958
f 5958 5943 5942
f 5964 5968 5967
f 5967 5968 5962
f 5965 5950 5976
f 5976 5950 5949
f 5976 5949 5932
f 5932 5949 5933
f 5979 5978 5981
f 5981 5978 5980
f 5979 5981 5974
f 5974 5981 5982
f 5974 5982 5975
f 5975 5982 5983
f 5975 5983 5971
f 5971 5983 5984
f 5978 5963 5980
f 5980 5963 5985
f 5963 5966 5985
f 5985 5966 5986
f 5986 5966 5987
f 5987 5966 5977
f 5988 5989 5985
f 5985 5989 5980
f 5991 5992 5990
f 5990 5992 5993
f 5994 5995 5991
f 5991 5995 5992
f 5992 5995 5997
f 5997 5995 5996
f 5998 5999 5997
f 5997 5999 6000
f 5996 6001 5997
f 5997 6001 5998
f 6000 5993 5997
f 5997 5993 5992
f 6002 6003 5993
f 5993 6003 5990
f 5995 5994 5996
f 5996 5994 6004
f 5994 5982 6004
f 6004 5982 5981
f 5994 6005 5982
f 5982 6005 5983
f 5991 6006 5994
f 5994 6006 6005
f 6006 5991 6007
f 6007 5991 5990
f 5996 6004 6001
f 6001 6004 5989
f 5989 6004 5980
f 5980 6004 5981
f 6003 6008 5990
f 5990 6008 6007
f 6009 6006 6010
f 6010 6006 6007
f 6008 6011 6007
f 6007 6011 6010
f 6012 6009 6013
f 6013 6009 6010
f 6009 6012 6015
f 6015 6012 6014
f 6011 6016 6010
f 6010 6016 6013
f 6006 6009 6005
f 6005 6009 6015
f 6005 6015 5983
f 5983 6015 5984
f 6008 6003 6018
f 6018 6003 6017
f 6003 6002 6017
f 6017 6002 6019
f 5998 6001 6020
f 6020 6001 5989
f 5999 5998 6021
f 6021 5998 6020
f 5989 5988 6020
f 6020 5988 6022
f 6021 6020 6023
f 6023 6020 6022
f 6021 6024 5999
f 5999 6024 6025
f 6019 6025 6017
f 6017 6025 6024
f 5971 5984 5969
f 5969 5984 6026
f 5970 6027 5977
f 5977 6027 5987
f 6027 5970 6026
f 6026 5970 5969
f 6026 6014 6027
f 6027 6014 6028
f 6014 6012 6028
f 6028 6012 6029
f 6027 6028 5987
f 5987 6028 6030
f 6026 5984 6014
f 6014 5984 6015
f 6031 5986 6030
f 6030 5986 5987
f 6031 5988 5986
f 5986 5988 5985
f 6032 6022 6031
f 6031 6022 5988
f 6032 6031 6033
f 6033 6031 6030
f 6034 6032 6035
f 6035 6032 6033
f 6028 6029 6030
f 6030 6029 6033
f 6029 6036 6033
f 6033 6036 6035
f 6032 6034 6022
f 6022 6034 6023
f 6038 6023 6037
f 6037 6023 6034
f 6037 6040 6039
f 6039 6040 6041
f 6037 6034 6040
f 6040 6034 6035
f 6037 6039 6038
f 6038 6039 6018
f 6038 6018 6024
f 6024 6018 6017
f 6024 6021 6038
f 6038 6021 6023
f 6012 6013 6029
f 6029 6013 6036
f 6041 6036 6016
f 6016 6036 6013
f 6041 6040 6036
f 6036 6040 6035
f 6041 6016 6039
f 6039 6016 6011
f 6011 6008 6039
f 6039 6008 6018
f 5993 6000 6002
f 6002 6000 6019
f 6019 6000 6025
f 6025 6000 5999
f 5943 5756 5944
f 5944 5756 5755
f 6042 5948 5973
f 5973 5948 5947
f 5952 5951 5959
f 5959 5951 5960
f 5951 5953 5960
f 5960 5953 5958
f 5616 5957 5617
f 5617 5957 5956
f 6042 5952 5948
f 5948 5952 5959
f 5944 5755 5972
f 5972 5755 5754
f 5957 5616 5973
f 5973 5616 5652
f 5956 5955 5972
f 5972 5955 5961
f 5943 5953 5756
f 5756 5953 5709
f 6044 6045 6043
f 6043 6045 6046
f 6048 6049 6047
f 6047 6049 6050
f 6047 6050 6051
f 6051 6050 6052
f 6054 6055 6053
f 6053 6055 6056
f 6057 6058 6060
f 6060 6058 6059
f 6061 6062 6048
f 6048 6062 6049
f 6063 6064 6066
f 6066 6064 6065
f 6067 6068 6070
f 6070 6068 6069
f 6071 6069 5653
f 5653 6069 6068
f 6072 6073 6075
f 6075 6073 6074
f 6062 6076 6049
f 6049 6076 6054
f 6058 6067 6059
f 6059 6067 6070
f 6064 6077 6065
f 6065 6077 6045
f 6078 6076 6046
f 6046 6076 6062
f 6073 6080 6079
f 6079 6080 6052
f 6082 6083 6081
f 6081 6083 6084
f 6072 6085 6073
f 6073 6085 6080
f 6086 6051 6080
f 6080 6051 6052
f 6079 6052 6053
f 6053 6052 6050
f 6043 6087 6044
f 6044 6087 6088
f 6061 6089 6043
f 6043 6089 6087
f 6053 6056 6079
f 6079 6056 6090
f 6063 6072 6060
f 6060 6072 6075
f 6043 6046 6061
f 6061 6046 6062
f 6047 6091 6048
f 6048 6091 6092
f 6077 6078 6045
f 6045 6078 6046
f 6049 6054 6050
f 6050 6054 6053
f 6044 6088 6093
f 6093 6088 6094
f 6086 6082 6095
f 6095 6082 6081
f 6083 6082 6066
f 6066 6082 6085
f 6093 6094 6083
f 6083 6094 6084
f 6072 6063 6085
f 6085 6063 6066
f 6051 6086 6096
f 6096 6086 6095
f 6048 6092 6061
f 6061 6092 6089
f 5656 5655 6090
f 6090 5655 6074
f 6091 6047 6096
f 6096 6047 6051
f 6071 6055 6076
f 6076 6055 6054
f 6082 6086 6085
f 6085 6086 6080
f 6093 6083 6065
f 6065 6083 6066
f 6044 6093 6045
f 6045 6093 6065
f 6096 6095 6098
f 6098 6095 6097
f 6096 6098 6091
f 6091 6098 6099
f 6091 6099 6092
f 6092 6099 6100
f 6092 6100 6089
f 6089 6100 6101
f 6095 6081 6097
f 6097 6081 6102
f 6081 6084 6102
f 6102 6084 6103
f 6103 6084 6104
f 6104 6084 6094
f 6106 6097 6105
f 6105 6097 6102
f 6107 6108 6110
f 6110 6108 6109
f 6111 6112 6108
f 6108 6112 6109
f 6109 6112 6114
f 6114 6112 6113
f 6114 6115 6117
f 6117 6115 6116
f 6113 6118 6114
f 6114 6118 6115
f 6117 6110 6114
f 6114 6110 6109
f 6110 6119 6107
f 6107 6119 6120
f 6112 6111 6113
f 6113 6111 6121
f 6111 6099 6121
f 6121 6099 6098
f 6111 6122 6099
f 6099 6122 6100
f 6123 6122 6108
f 6108 6122 6111
f 6124 6123 6107
f 6107 6123 6108
f 6113 6121 6118
f 6118 6121 6106
f 6106 6121 6097
f 6097 6121 6098
f 6125 6124 6120
f 6120 6124 6107
f 6126 6123 6127
f 6127 6123 6124
f 6125 6128 6124
f 6124 6128 6127
f 6129 6126 6130
f 6130 6126 6127
f 6126 6129 6132
f 6132 6129 6131
f 6128 6133 6127
f 6127 6133 6130
f 6123 6126 6122
f 6122 6126 6132
f 6122 6132 6100
f 6100 6132 6101
f 6120 6134 6125
f 6125 6134 6135
f 6120 6119 6134
f 6134 6119 6136
f 6115 6118 6137
f 6137 6118 6106
f 6115 6137 6116
f 6116 6137 6138
f 6137 6106 6139
f 6139 6106 6105
f 6138 6137 6140
f 6140 6137 6139
f 6141 6142 6138
f 6138 6142 6116
f 6136 6142 6134
f 6134 6142 6141
f 6089 6101 6087
f 6087 6101 6143
f 6088 6144 6094
f 6094 6144 6104
f 6143 6144 6087
f 6087 6144 6088
f 6131 6145 6143
f 6143 6145 6144
f 6129 6146 6131
f 6131 6146 6145
f 6144 6145 6104
f 6104 6145 6147
f 6143 6101 6131
f 6131 6101 6132
f 6148 6103 6147
f 6147 6103 6104
f 6103 6148 6102
f 6102 6148 6105
f 6148 6149 6105
f 6105 6149 6139
f 6149 6148 6150
f 6150 6148 6147
f 6151 6149 6152
f 6152 6149 6150
f 6145 6146 6147
f 6147 6146 6150
f 6146 6153 6150
f 6150 6153 6152
f 6149 6151 6139
f 6139 6151 6140
f 6155 6140 6154
f 6154 6140 6151
f 6154 6157 6156
f 6156 6157 6158
f 6154 6151 6157
f 6157 6151 6152
f 6154 6156 6155
f 6155 6156 6135
f 6155 6135 6141
f 6141 6135 6134
f 6141 6138 6155
f 6155 6138 6140
f 6146 6129 6153
f 6153 6129 6130
f 6158 6153 6133
f 6133 6153 6130
f 6158 6157 6153
f 6153 6157 6152
f 6156 6158 6128
f 6128 6158 6133
f 6128 6125 6156
f 6156 6125 6135
f 6110 6117 6119
f 6119 6117 6136
f 6136 6117 6142
f 6142 6117 6116
f 6055 5615 6056
f 6056 5615 5752
f 6060 6059 6063
f 6063 6059 6064
f 6077 6070 6078
f 6078 6070 6069
f 6069 6071 6078
f 6078 6071 6076
f 6159 6057 6075
f 6075 6057 6060
f 6059 6070 6064
f 6064 6070 6077
f 6056 5752 6090
f 6090 5752 5656
f 6090 6074 6079
f 6079 6074 6073
f 6055 6071 5615
f 5615 6071 5653
f 5547 5471 6160
f 6160 5471 6161
f 5729 5577 6163
f 6163 5577 6162
f 5577 5576 6162
f 6162 5576 6164
f 5713 6165 5711
f 5711 6165 6166
f 5474 5729 6167
f 6167 5729 6163
f 5750 5547 6168
f 6168 5547 6160
f 5471 5474 6161
f 6161 5474 6167
f 6169 5712 6168
f 6168 5712 5750
f 5711 6166 5576
f 5576 6166 6164
f 6165 5713 6169
f 6169 5713 5712
f 6168 6170 6169
f 6169 6170 6171
f 6169 6171 6165
f 6165 6171 6172
f 6165 6172 6166
f 6166 6172 6173
f 6166 6173 6164
f 6164 6173 6174
f 6168 6160 6170
f 6170 6160 6175
f 6160 6161 6175
f 6175 6161 6176
f 6161 6167 6176
f 6176 6167 6177
f 6179 6170 6178
f 6178 6170 6175
f 6181 6182 6180
f 6180 6182 6183
f 6184 6185 6181
f 6181 6185 6182
f 6186 6187 6185
f 6185 6187 6182
f 6186 6188 6187
f 6187 6188 6189
f 6190 6183 6187
f 6187 6183 6182
f 6183 6190 6191
f 6191 6190 6192
f 6191 6193 6183
f 6183 6193 6180
f 6186 6185 6194
f 6194 6185 6184
f 6184 6172 6194
f 6194 6172 6171
f 6184 6195 6172
f 6172 6195 6173
f 6181 6196 6184
f 6184 6196 6195
f 6196 6181 6197
f 6197 6181 6180
f 6186 6194 6188
f 6188 6194 6179
f 6179 6194 6170
f 6170 6194 6171
f 6193 6198 6180
f 6180 6198 6197
f 6199 6196 6200
f 6200 6196 6197
f 6198 6201 6197
f 6197 6201 6200
f 6202 6199 6203
f 6203 6199 6200
f 6199 6202 6205
f 6205 6202 6204
f 6201 6206 6200
f 6200 6206 6203
f 6196 6199 6195
f 6195 6199 6205
f 6195 6205 6173
f 6173 6205 6174
f 6198 6193 6208
f 6208 6193 6207
f 6193 6191 6207
f 6207 6191 6192
f 6189 6188 6209
f 6209 6188 6179
f 6210 6189 6211
f 6211 6189 6209
f 6209 6179 6212
f 6212 6179 6178
f 6211 6209 6213
f 6213 6209 6212
f 6211 6214 6210
f 6210 6214 6215
f 6192 6215 6207
f 6207 6215 6214
f 6190 6187 6210
f 6210 6187 6189
f 6192 6190 6215
f 6215 6190 6210
f 6162 6164 6216
f 6216 6164 6174
f 6167 6163 6177
f 6177 6163 6217
f 6216 6217 6162
f 6162 6217 6163
f 6204 6218 6216
f 6216 6218 6217
f 6202 6219 6204
f 6204 6219 6218
f 6217 6218 6177
f 6177 6218 6220
f 6216 6174 6204
f 6204 6174 6205
f 6221 6176 6220
f 6220 6176 6177
f 6176 6221 6175
f 6175 6221 6178
f 6221 6222 6178
f 6178 6222 6212
f 6222 6221 6223
f 6223 6221 6220
f 6224 6222 6225
f 6225 6222 6223
f 6218 6219 6220
f 6220 6219 6223
f 6219 6226 6223
f 6223 6226 6225
f 6222 6224 6212
f 6212 6224 6213
f 6228 6213 6227
f 6227 6213 6224
f 6229 6227 6231
f 6231 6227 6230
f 6227 6224 6230
f 6230 6224 6225
f 6227 6229 6228
f 6228 6229 6208
f 6228 6208 6214
f 6214 6208 6207
f 6214 6211 6228
f 6228 6211 6213
f 6219 6202 6226
f 6226 6202 6203
f 6231 6226 6206
f 6206 6226 6203
f 6231 6230 6226
f 6226 6230 6225
f 6229 6231 6201
f 6201 6231 6206
f 6201 6198 6229
f 6229 6198 6208
f 5674 5672 5661
f 5661 5672 5662
f 5662 5672 5663
f 5663 5672 5646
f 5651 6042 5652
f 5652 6042 5973
f 5518 5517 5751
f 5751 5517 5733
f 5738 5660 5753
f 5753 5660 5637
f 5752 5636 5656
f 5656 5636 5526
f 5952 6042 5593
f 5593 6042 5651
f 5593 5651 5594
f 5594 5651 5650
f 5600 5737 5514
f 5514 5737 5515
f 5546 5545 5740
f 5740 5545 6232
f 6232 6058 5740
f 5740 6058 6057
f 6067 6058 6233
f 6233 6058 6232
f 6233 6232 6234
f 6234 6232 5545
f 6234 5545 6235
f 6235 5545 5544
f 5606 6236 5543
f 5543 6236 5544
f 6235 5544 5539
f 5539 5544 6236
f 6237 6235 5542
f 5542 6235 5539
f 6235 6237 6234
f 6234 6237 6238
f 6234 6238 6233
f 6233 6238 6239
f 5653 6068 5650
f 5650 6068 6239
f 5642 5513 6240
f 6240 5513 5516
f 5539 6236 5540
f 5540 6236 5606
f 5636 5614 5637
f 5637 5614 5753
f 6239 5737 5650
f 5650 5737 5594
f 6239 6068 6233
f 6233 6068 6067
f 6075 6074 6159
f 6159 6074 5655
f 6057 6159 5740
f 5740 6159 5655
f 5515 5737 6238
f 6238 5737 6239
f 6238 6237 5515
f 5515 6237 5516
f 5542 6240 6237
f 6237 6240 5516
f 6240 5542 5642
f 5642 5542 5541
f 5702 5699 5541
f 5541 5699 5642
f 5582 5475 5717
f 5470 5443 5537
f 5537 5443 5504
f 5469 5444 5470
f 5470 5444 5443
f 5726 5557 5727
f 5727 5557 5556
f 5537 5504 5511
f 5511 5504 5506
f 5504 5503 5506
f 5506 5503 5507
f 5503 5455 5507
f 5507 5455 5581
f 5455 5454 5581
f 5581 5454 5456
f 5473 5453 5474
f 5474 5453 5729
f 5457 5454 5473
f 5473 5454 5453
f 5473 5472 5457
f 5457 5472 5686
f 5472 5548 5686
f 5686 5548 5687
f 5749 5693 5548
f 5548 5693 5687
f 5715 5532 5749
f 5749 5532 5693
f 5714 5486 5715
f 5715 5486 5532
f 5714 5710 5486
f 5486 5710 5449
f 5728 5578 5729
f 5729 5578 5577
f 5452 5445 5698
f 5698 5445 5558
f 5445 5444 5558
f 5558 5444 5556
f 5444 5469 5556
f 5556 5469 5727
f 5469 5468 5727
f 5727 5468 5555
f 5468 5747 5555
f 5555 5747 5552
f 5747 5700 5552
f 5552 5700 5716
f 5700 5699 5716
f 5716 5699 5717
f 5699 5702 5717
f 5717 5702 5582
f 5702 5701 5582
f 5582 5701 5583
f 5726 5479 5557
f 5557 5479 5483
f 5483 5479 5484
f 5484 5479 5482
f 5534 5533 5482
f 5482 5533 5484
f 5691 5688 5534
f 5534 5688 5533
f 5644 5647 5691
f 5691 5647 5688
f 5719 5746 5701
f 5701 5746 5583
f 5718 5497 5719
f 5719 5497 5746
f 5718 5605 5654
f 5654 5605 5638
f 5498 5654 5657
f 5657 5654 5633
f 5497 5718 5498
f 5498 5718 5654
f 5657 5527 5498
f 5498 5527 5494
f 5528 5570 5495
f 5495 5570 5521
f 5665 5668 5528
f 5528 5668 5570
f 5664 5671 5665
f 5665 5671 5668
f 5645 5741 5664
f 5664 5741 5671
f 5644 5696 5645
f 5645 5696 5741
f 5710 5575 5449
f 5449 5575 5450
f 5575 5578 5450
f 5450 5578 5698
f 5578 5728 5698
f 5698 5728 5452
f 5452 5728 5451
f 5451 5728 5453
f 3619 6241 3620
f 3620 6241 6242
f 6243 6244 3628
f 3628 6244 3629
f 6245 6246 3634
f 3634 6246 3631
f 6247 6248 3636
f 3636 6248 3637
f 6249 6250 3642
f 3642 6250 3639
f 3639 6250 3643
f 3643 6250 6251
f 3743 6252 3744
f 3744 6252 6253
f 6246 6243 3631
f 3631 6243 3628
f 3753 6254 3754
f 3754 6254 6255
f 3857 6256 3619
f 3619 6256 6241
f 6257 6245 3932
f 3932 6245 3634
f 6242 6247 3620
f 3620 6247 3636
f 6258 6259 3946
f 3946 6259 3947
f 6260 6249 3948
f 3948 6249 3642
f 6244 6258 3629
f 3629 6258 3946
f 3947 6259 3753
f 3753 6259 6254
f 6248 6260 3637
f 3637 6260 3948
f 3643 6251 3743
f 3743 6251 6252
f 3744 6253 3932
f 3932 6253 6257
f 6250 6249 6251
f 6251 6249 6252
f 6245 6261 6246
f 6246 6261 6262
f 6263 6264 6247
f 6247 6264 6248
f 6252 6265 6253
f 6253 6265 6266
f 6246 6262 6243
f 6243 6262 6267
f 6268 6261 6257
f 6257 6261 6245
f 6269 6263 6242
f 6242 6263 6247
f 6270 6271 6260
f 6260 6271 6249
f 6264 6270 6248
f 6248 6270 6260
f 6253 6266 6257
f 6257 6266 6268
f 6249 6271 6252
f 6252 6271 6265
f 6254 6259 6272
f 6272 6259 6273
f 6266 6265 6270
f 6270 6265 6271
f 6268 6266 6264
f 6264 6266 6270
f 6261 6268 6263
f 6263 6268 6264
f 6269 6262 6263
f 6263 6262 6261
f 4186 4185 6274
f 6274 4185 6275
f 6241 6276 6242
f 6242 6276 6269
f 6258 6244 6277
f 6277 6244 6278
f 6256 6279 6241
f 6241 6279 6276
f 6259 6258 6273
f 6273 6258 6277
f 6243 6267 6244
f 6244 6267 6278
f 6276 6267 6269
f 6269 6267 6262
f 6254 6272 6255
f 6255 6272 6280
f 3865 3713 3888
f 3888 3713 3685
f 5242 5233 3892
f 3892 5233 3711
f 3900 5243 3892
f 3892 5243 5242
f 3734 3866 3900
f 3900 3866 5243
f 4117 6281 4118
f 4118 6281 6282
f 4118 6282 4278
f 4278 6282 4879
f 4717 4887 4718
f 4718 4887 4280
f 4792 4278 4882
f 4882 4278 4879
f 4795 4792 6283
f 6283 4792 4882
f 4852 4851 5012
f 5012 4851 6284
f 4856 5207 4857
f 4857 5207 4858
f 4860 4279 4857
f 4857 4279 4854
f 4718 4280 4860
f 4860 4280 4279
f 4864 4863 4745
f 4745 4863 4742
f 5366 4867 5011
f 5011 4867 4866
f 4871 4884 4872
f 4872 4884 4883
f 4872 4883 4117
f 4117 4883 6281
f 6284 4851 6283
f 6283 4851 4795
f 4852 4866 4853
f 4853 4866 4865
f 4871 4870 4856
f 4856 4870 5207
f 4717 4716 4864
f 4864 4716 4861
f 4868 4867 4862
f 4862 4867 4863
f 4268 4855 4269
f 4269 4855 4854
f 4281 4274 4282
f 4282 4274 4765
f 4744 4743 4907
f 4907 4743 4904
f 4874 4881 4820
f 4820 4881 4880
f 4885 5013 4886
f 4886 5013 4980
f 4888 4275 4281
f 4281 4275 4274
f 4902 6282 4903
f 4903 6282 6281
f 6283 4979 6284
f 6284 4979 4978
f 4282 4765 4269
f 4269 4765 4266
f 4880 4879 4902
f 4902 4879 6282
f 4903 6281 4886
f 4886 6281 4883
f 4882 4881 6283
f 6283 4881 4979
f 5013 4885 4267
f 4267 4885 4268
f 4888 4887 4744
f 4744 4887 4745
f 4410 6285 4411
f 4411 6285 4812
f 4750 4749 6286
f 6286 4749 6287
f 6289 4695 6288
f 6288 4695 4255
f 4750 4675 4751
f 4751 4675 4965
f 6290 6291 4963
f 4963 6291 4960
f 4807 4806 4411
f 4411 4806 4408
f 6292 6293 4959
f 4959 6293 4956
f 4958 6294 4959
f 4959 6294 4955
f 4962 4964 4963
f 4963 4964 4805
f 4962 4961 4751
f 4751 4961 4748
f 6296 6297 6295
f 6295 6297 6298
f 6299 6300 6288
f 6288 6300 4735
f 6302 4961 6301
f 6301 4961 4960
f 6304 6287 6303
f 6303 6287 4749
f 4968 6305 4969
f 4969 6305 6306
f 4413 6308 6307
f 6307 6308 4900
f 6301 4960 6309
f 6309 4960 6291
f 4412 4408 6310
f 6310 4408 4806
f 4696 6311 4256
f 4256 6311 6312
f 6303 4749 6313
f 6313 4749 4748
f 6313 4748 6302
f 6302 4748 4961
f 6315 6316 6314
f 6314 6316 6317
f 4084 6318 6315
f 6315 6318 6316
f 4083 6319 4084
f 4084 6319 6318
f 4112 6320 4083
f 4083 6320 6319
f 6322 4138 6321
f 6321 4138 4137
f 6324 4128 6323
f 6323 4128 4127
f 4127 4193 6323
f 6323 4193 6325
f 4193 4891 6325
f 6325 4891 6326
f 4891 6327 6326
f 6326 6327 6328
f 6327 4824 5227
f 5227 4824 5228
f 5231 4684 6329
f 6329 4684 4683
f 4683 4099 6329
f 6329 4099 6330
f 4099 4102 6330
f 6330 4102 6331
f 4174 4826 4429
f 4429 4826 4829
f 4173 4741 4174
f 4174 4741 4826
f 4180 4738 4173
f 4173 4738 4741
f 6332 6333 4180
f 4180 6333 4738
f 6274 6334 4186
f 4186 6334 4188
f 4181 4825 4180
f 4180 4825 6332
f 5044 5213 5045
f 5045 5213 5165
f 5046 5087 5047
f 5047 5087 5222
f 5077 5063 5078
f 5078 5063 5198
f 5081 5099 5082
f 5082 5099 5194
f 5095 5074 5096
f 5096 5074 5073
f 5373 5170 5096
f 5096 5170 5093
f 5375 5171 5373
f 5373 5171 5170
f 5047 5222 5375
f 5375 5222 5171
f 5046 5038 5376
f 5376 5038 5067
f 5377 5086 5376
f 5376 5086 5085
f 5045 5165 5377
f 5377 5165 5086
f 5378 5214 5044
f 5044 5214 5213
f 5077 5034 5378
f 5378 5034 5214
f 5082 5194 5078
f 5078 5194 5035
f 5081 5080 5379
f 5379 5080 6335
f 5379 6335 5095
f 5095 6335 5074
f 5032 5080 5033
f 5033 5080 5079
f 5040 5017 5041
f 5041 5017 5016
f 5050 5043 5051
f 5051 5043 5042
f 5065 5023 5066
f 5066 5023 5022
f 5050 5049 5065
f 5065 5049 5023
f 5041 5016 5068
f 5068 5016 5020
f 5071 5374 5072
f 5072 5374 5200
f 5075 5156 5076
f 5076 5156 5155
f 5162 5212 5068
f 5068 5212 5067
f 5075 5074 5192
f 5192 5074 6335
f 5066 5022 5199
f 5199 5022 5196
f 5076 5155 5072
f 5072 5155 5069
f 5040 5039 5071
f 5071 5039 5374
f 5162 5161 5051
f 5051 5161 5048
f 5192 6335 5032
f 5032 6335 5080
f 5199 5196 5033
f 5033 5196 5030
f 5018 5211 5019
f 5019 5211 5408
f 5019 5408 5021
f 5021 5408 5163
f 5024 5057 5025
f 5025 5057 5415
f 5028 5048 5029
f 5029 5048 5161
f 5054 5031 5055
f 5055 5031 5030
f 5024 5023 5058
f 5058 5023 5049
f 5061 5070 5062
f 5062 5070 5069
f 5157 5438 5158
f 5158 5438 5442
f 5160 5191 5054
f 5054 5191 5031
f 5029 5161 5021
f 5021 5161 5020
f 5025 5415 5197
f 5197 5415 5220
f 5158 5442 5062
f 5062 5442 5059
f 5018 5017 5061
f 5061 5017 5070
f 5160 5159 5157
f 5157 5159 5438
f 5028 5027 5058
f 5058 5027 5056
f 5055 5030 5197
f 5197 5030 5196
f 5409 5380 5410
f 5410 5380 6336
f 5026 5413 5027
f 5027 5413 5412
f 5396 5417 5393
f 5393 5417 5416
f 5416 5057 5419
f 5419 5057 5056
f 5417 5396 5426
f 5426 5396 5420
f 5427 5423 5428
f 5428 5423 5422
f 5427 5059 5430
f 5430 5059 5442
f 5409 5408 5433
f 5433 5408 5211
f 5433 5211 5428
f 5428 5211 5060
f 5412 5411 5419
f 5419 5411 5418
f 5436 5053 5437
f 5437 5053 5052
f 5439 5402 5440
f 5440 5402 5401
f 5436 5435 5439
f 5439 5435 5402
f 5410 6336 5413
f 5413 6336 5414
f 5440 5401 5430
f 5430 5401 5429
f 5426 5420 5437
f 5437 5420 5434
f 5382 5432 5383
f 5383 5432 5384
f 5386 6336 5383
f 5383 6336 5380
f 6336 5386 5414
f 5414 5386 5388
f 5391 5418 5392
f 5392 5418 5411
f 5705 5395 5704
f 5704 5395 5394
f 5399 5435 5400
f 5400 5435 5434
f 5403 5441 5404
f 5404 5441 5405
f 5407 5429 5404
f 5404 5429 5401
f 5395 5705 5421
f 5421 5705 5748
f 5424 5706 5425
f 5425 5706 5431
f 5391 5390 5394
f 5394 5390 5704
f 5392 5388 5389
f 5389 5388 5387
f 5382 5381 5425
f 5425 5381 5422
f 5407 5406 5424
f 5424 5406 5706
f 5403 5402 5399
f 5399 5402 5435
f 5421 5748 5400
f 5400 5748 5397
f 4097 4721 4098
f 4098 4721 4231
f 4233 5273 4098
f 4098 5273 4095
f 6337 6338 4785
f 4785 6338 4786
f 4076 4780 4073
f 4073 4780 4781
f 4782 4190 4781
f 4781 4190 4073
f 4783 4901 4782
f 4782 4901 4190
f 4780 4076 4097
f 4097 4076 4721
f 6337 2879 4701
f 4701 2879 2878
f 5280 6339 5272
f 5272 6339 6340
f 5282 5281 6341
f 6341 5281 6342
f 4109 6302 4110
f 4110 6302 6301
f 4283 6304 4284
f 4284 6304 6303
f 6305 4379 6306
f 6306 4379 4378
f 4110 6301 4428
f 4428 6301 6309
f 6310 4688 4412
f 4412 4688 4687
f 4284 6303 4753
f 4753 6303 6313
f 4753 6313 4109
f 4109 6313 6302
f 6343 5226 4428
f 4428 5226 4427
f 4147 4900 4416
f 4416 4900 6308
f 6312 6311 4241
f 4241 6311 4720
f 5223 6344 4702
f 4702 6344 4699
f 4221 4220 6345
f 6345 4220 6346
f 5276 5275 6347
f 6347 5275 6348
f 5275 4728 6348
f 6348 4728 6349
f 4727 6350 5284
f 5284 6350 5285
f 6351 6352 6354
f 6354 6352 6353
f 5313 5312 5292
f 5292 5312 5293
f 5312 5344 5293
f 5293 5344 5337
f 5344 4914 5337
f 5337 4914 4916
f 4914 4913 4916
f 4916 4913 4917
f 4913 6355 4917
f 4917 6355 4978
f 6356 6357 6284
f 6284 6357 5012
f 6357 6358 5012
f 5012 6358 5011
f 5011 6358 5366
f 5366 6358 6359
f 6360 4742 6359
f 6359 4742 5366
f 4743 6361 4904
f 4904 6361 5364
f 5363 4905 5364
f 5364 4905 4904
f 5363 6362 4905
f 4905 6362 4207
f 6362 6363 4207
f 4207 6363 4208
f 6363 5342 4208
f 4208 5342 5330
f 5342 5341 5330
f 5330 5341 4244
f 5341 6364 4244
f 4244 6364 4245
f 6364 6365 4245
f 4245 6365 4246
f 6366 6367 4253
f 4253 6367 4250
f 4214 6368 4211
f 4211 6368 4380
f 4380 4379 4211
f 4211 4379 4283
f 4379 6305 4283
f 4283 6305 6304
f 6305 4968 6304
f 6304 4968 6287
f 4968 4967 6287
f 6287 4967 6286
f 4967 6297 6286
f 6286 6297 4676
f 6296 4376 4288
f 4288 4376 4285
f 4376 4373 4285
f 4285 4373 4290
f 6369 6370 6372
f 6372 6370 6371
f 5245 6373 5246
f 5246 6373 6374
f 4317 6375 4318
f 4318 6375 6376
f 4331 6377 4332
f 4332 6377 6378
f 6379 4333 6376
f 6376 4333 4318
f 4343 6380 4344
f 4344 6380 6381
f 4347 6382 4348
f 4348 6382 6383
f 4374 6371 4331
f 4331 6371 6377
f 4333 6379 4426
f 4426 6379 6384
f 4690 6385 4347
f 4347 6385 6382
f 4332 6378 4317
f 4317 6378 6375
f 4922 6386 4923
f 4923 6386 6387
f 6388 6389 4375
f 4375 6389 6390
f 6355 6356 4978
f 4978 6356 6284
f 4742 6360 4743
f 4743 6360 6361
f 6391 4238 6392
f 6392 4238 4719
f 6392 4719 6393
f 6393 4719 5296
f 6395 6396 6394
f 6394 6396 6397
f 6399 6400 6398
f 6398 6400 6401
f 6402 5302 6403
f 6403 5302 5303
f 5303 5321 6403
f 6403 5321 6404
f 5320 6405 5321
f 5321 6405 6404
f 5319 6406 5350
f 5350 6406 5351
f 5319 5318 6406
f 6406 5318 6407
f 5288 4197 6408
f 6408 4197 6409
f 4217 4216 6410
f 6410 4216 6411
f 5227 6412 6327
f 6327 6412 6328
f 4892 6413 5227
f 5227 6413 6412
f 4228 6414 4892
f 4892 6414 6413
f 4227 6415 4228
f 4228 6415 6414
f 4248 6416 4227
f 4227 6416 6415
f 4247 6417 4248
f 4248 6417 6416
f 6417 4247 6419
f 6419 4247 6418
f 6419 6418 6421
f 6421 6418 6420
f 6422 5301 6423
f 6423 5301 5300
f 6423 5300 6424
f 6424 5300 6399
f 6408 6409 6398
f 6398 6409 6425
f 6426 6427 6397
f 6397 6427 6394
f 6428 4224 6429
f 6429 4224 4223
f 6347 6346 5276
f 5276 6346 4220
f 6346 6347 6341
f 6341 6347 6339
f 5280 5278 5282
f 5282 5278 4236
f 4896 5224 4684
f 4684 5224 4681
f 4132 4135 4896
f 4896 4135 5224
f 4131 4136 4132
f 4132 4136 4135
f 4226 4754 4131
f 4131 4754 4136
f 4251 4213 4226
f 4226 4213 4754
f 4250 4214 4251
f 4251 4214 4213
f 4250 6367 4214
f 4214 6367 6368
f 6367 4910 6368
f 6368 4910 4737
f 4909 5297 4736
f 4736 5297 5296
f 5297 6395 5296
f 5296 6395 6393
f 6427 6430 6394
f 6394 6430 6431
f 6429 4383 6428
f 6428 4383 4382
f 4219 5277 4220
f 4220 5277 5276
f 4222 4697 4383
f 4383 4697 4218
f 6345 4699 4221
f 4221 4699 6344
f 6342 4700 6345
f 6345 4700 4699
f 4235 4786 5281
f 5281 4786 6338
f 4234 4787 4235
f 4235 4787 4786
f 5279 5278 6432
f 6432 5278 5271
f 4237 5279 6433
f 6433 5279 6432
f 4787 4234 6433
f 6433 4234 4237
f 6435 6436 6434
f 6434 6436 6437
f 6359 6438 6360
f 6360 6438 6437
f 6439 6440 6441
f 6441 6440 6438
f 6443 6439 6442
f 6442 6439 6441
f 6357 6356 6442
f 6442 6356 6444
f 6444 6446 6445
f 6445 6446 6447
f 4912 6446 4913
f 4913 6446 6355
f 6361 6436 5364
f 5364 6436 5365
f 5319 5350 5316
f 5316 5350 6448
f 4832 6449 5350
f 5350 6449 6448
f 4831 6450 4832
f 4832 6450 6449
f 5354 6451 5320
f 5320 6451 6405
f 4265 6452 5354
f 5354 6452 6451
f 4264 6453 4265
f 4265 6453 6452
f 6450 4831 6447
f 6447 4831 6445
f 4263 6435 4264
f 4264 6435 6434
f 6454 6453 6439
f 6439 6453 6440
f 6439 6443 6454
f 6454 6443 4834
f 4833 6455 4834
f 4834 6455 6454
f 5351 6456 4833
f 4833 6456 6455
f 6457 6391 6458
f 6458 6391 6392
f 6458 6392 6431
f 6431 6392 6393
f 5298 6396 5297
f 5297 6396 6395
f 6402 6400 5302
f 5302 6400 5299
f 6402 6403 6459
f 6459 6403 6460
f 6460 6403 6461
f 6461 6403 6404
f 6405 6462 6404
f 6404 6462 6461
f 6406 6462 5351
f 5351 6462 6456
f 6406 6407 6462
f 6462 6407 6461
f 6407 6463 6461
f 6461 6463 6460
f 6463 6464 6460
f 6460 6464 6459
f 6464 6465 6459
f 6459 6465 6401
f 6430 6466 6431
f 6431 6466 6458
f 6466 6410 6458
f 6458 6410 6457
f 6410 6411 6457
f 6457 6411 6467
f 6396 6424 6397
f 6397 6424 6425
f 6393 6395 6431
f 6431 6395 6394
f 6451 6456 6405
f 6405 6456 6462
f 6452 6455 6451
f 6451 6455 6456
f 6453 6454 6452
f 6452 6454 6455
f 6443 6445 4834
f 4834 6445 4831
f 6440 6453 6434
f 6434 6453 4264
f 6468 5306 5360
f 5360 5306 5305
f 6469 4124 6468
f 6468 4124 5306
f 6470 4125 6469
f 6469 4125 4124
f 6471 5291 6470
f 6470 5291 4125
f 6353 5292 6471
f 6471 5292 5291
f 5292 6353 5313
f 5313 6353 6352
f 5347 5314 6352
f 6352 5314 5313
f 5353 5318 5346
f 5346 5318 5317
f 5334 6468 5358
f 5358 6468 5360
f 5324 6469 5334
f 5334 6469 6468
f 5323 6470 5324
f 5324 6470 6469
f 5343 6471 5323
f 5323 6471 6470
f 6354 6353 5343
f 5343 6353 6471
f 6348 6349 4270
f 4270 6349 5311
f 5272 6340 5273
f 5273 6340 4272
f 6432 5271 4232
f 4232 5271 4233
f 4294 6432 4295
f 4295 6432 4232
f 6432 4294 6433
f 6433 4294 4301
f 4301 4300 6433
f 6433 4300 4787
f 4704 4784 4300
f 4300 4784 4787
f 4704 3013 4784
f 4784 3013 1307
f 5103 6472 5104
f 5104 6472 5202
f 5108 5116 5105
f 5105 5116 5115
f 5111 5124 5112
f 5112 5124 5123
f 5154 5205 5105
f 5105 5205 5106
f 5167 5180 5168
f 5168 5180 5185
f 5175 5188 5176
f 5176 5188 5187
f 5112 5123 5178
f 5178 5123 5120
f 5167 5090 5183
f 5183 5090 5089
f 5210 5151 5183
f 5183 5151 5181
f 5216 5138 5217
f 5217 5138 5137
f 5218 5119 5219
f 5219 5119 5221
f 5218 5178 5119
f 5119 5178 5120
f 5217 5137 5104
f 5104 5137 5101
f 5116 5108 5221
f 5221 5108 5219
f 5111 5110 5210
f 5210 5110 5151
f 5154 5153 5103
f 5103 5153 6472
f 5216 5215 5176
f 5176 5215 5173
f 5175 5174 5168
f 5168 5174 5166
f 5091 5172 5092
f 5092 5172 5208
f 5117 5037 5118
f 5118 5037 5036
f 5121 5164 5122
f 5122 5164 5133
f 5125 5084 5126
f 5126 5084 5083
f 5129 5174 5130
f 5130 5174 5173
f 5131 5202 5132
f 5132 5202 6472
f 5135 5221 5122
f 5122 5221 5119
f 5125 5124 5136
f 5136 5124 5209
f 5126 5083 5121
f 5121 5083 5164
f 5118 5036 5195
f 5195 5036 5193
f 5131 5097 5203
f 5203 5097 5114
f 5132 6472 5195
f 5195 6472 5153
f 5136 5209 5092
f 5092 5209 5089
f 5135 5134 5117
f 5117 5134 5037
f 5362 5206 5130
f 5130 5206 5127
f 5372 5371 5128
f 5128 5371 5129
f 5371 5372 5091
f 5091 5372 5172
f 5362 5215 5203
f 5203 5215 5201
f 6463 6407 5353
f 5353 6407 5318
f 6464 6463 5352
f 5352 6463 5353
f 6408 6465 5288
f 5288 6465 5289
f 4196 4224 6426
f 6426 4224 6427
f 6430 6427 6428
f 6428 6427 4224
f 6466 6430 4382
f 4382 6430 6428
f 6410 6466 4217
f 4217 6466 4382
f 4240 4239 3015
f 3015 4239 3016
f 4254 4257 3017
f 3017 4257 3018
f 6473 6474 4732
f 4732 6474 6475
f 6474 6374 6475
f 6475 6374 6373
f 5246 6374 3022
f 3022 6374 3023
f 4254 6299 4255
f 4255 6299 6288
f 6473 6300 3024
f 3024 6300 3025
f 6476 4257 6312
f 6312 4257 4256
f 4240 6476 4241
f 4241 6476 6312
f 6477 4239 6391
f 6391 4239 4238
f 6467 6477 6457
f 6457 6477 6391
f 6411 3029 6467
f 6467 3029 3028
f 4216 3030 6411
f 6411 3030 3029
f 6479 6480 6478
f 6478 6480 6481
f 6483 6484 6482
f 6482 6484 6485
f 6486 6487 4102
f 4102 6487 6331
f 6483 6488 6478
f 6478 6488 6489
f 4429 4829 6490
f 6490 4829 6479
f 6491 6486 4101
f 4101 6486 4102
f 4895 6491 4899
f 4899 6491 4101
f 4160 6488 4157
f 4157 6488 6492
f 6489 4087 6490
f 6490 4087 4090
f 4267 4261 5013
f 5013 4261 4260
f 4258 4261 5328
f 5328 4261 4975
f 4261 4267 4975
f 4975 4267 4266
f 5367 3793 3912
f 3912 3793 3575
f 6494 3616 6493
f 6493 3616 3795
f 6496 3589 6495
f 6495 3589 3588
f 6495 3588 5368
f 5368 3588 3794
f 3841 3840 3050
f 3050 3840 3051
f 3912 3911 3052
f 3052 3911 3053
f 3929 3930 3054
f 3054 3930 3055
f 5370 3930 3916
f 3916 3930 3923
f 3938 5369 3807
f 3807 5369 3915
f 3589 6496 3806
f 3806 6496 3937
f 3938 3937 3056
f 3056 3937 3057
f 3051 3840 3058
f 3058 3840 3943
f 3730 4808 3727
f 3727 4808 3943
f 3820 3951 3795
f 3795 3951 6493
f 3951 3841 3059
f 3059 3841 3050
f 3911 3574 6494
f 6494 3574 3616
f 3823 3929 3824
f 3824 3929 3952
f 4061 4060 3060
f 3060 4060 3061
f 6497 6498 4901
f 4901 6498 4790
f 6333 6499 4738
f 4738 6499 4739
f 6500 6501 6314
f 6314 6501 4418
f 6502 6275 4417
f 4417 6275 4185
f 6503 6497 4783
f 4783 6497 4901
f 6498 4060 4790
f 4790 4060 4059
f 4808 4061 3069
f 3069 4061 3060
f 5367 3071 5368
f 5368 3071 3070
f 5369 3073 5370
f 5370 3073 3072
f 6274 6275 3074
f 3074 6275 3075
f 6499 6504 4739
f 4739 6504 6317
f 6333 6332 3077
f 3077 6332 3078
f 6334 6274 3079
f 3079 6274 3074
f 6332 4825 3078
f 3078 4825 3080
f 6334 6503 4188
f 4188 6503 4783
f 4825 4689 3080
f 3080 4689 1330
f 6506 4747 6505
f 6505 4747 4746
f 6505 6507 6506
f 6506 6507 6508
f 4297 6509 4920
f 4920 6509 6510
f 4296 6511 4297
f 4297 6511 6509
f 6506 6508 4319
f 4319 6508 6512
f 4372 4371 6514
f 6514 4371 6513
f 6511 4296 5251
f 5251 4296 4305
f 5251 5250 6511
f 6511 5250 6515
f 6516 6509 6515
f 6515 6509 6511
f 6517 6507 6519
f 6519 6507 6518
f 6512 6520 6513
f 6513 6520 6514
f 6507 6517 6508
f 6508 6517 6521
f 5249 6523 6522
f 6522 6523 6524
f 6525 6370 5253
f 5253 6370 6526
f 4370 4323 4371
f 4371 4323 4326
f 4370 3103 4323
f 4323 3103 1541
f 6521 6517 6527
f 6527 6517 6519
f 6520 6528 6514
f 6514 6528 6529
f 6531 6532 6530
f 6530 6532 6533
f 5250 6534 6515
f 6515 6534 6535
f 6530 6533 6536
f 6536 6533 6537
f 6526 6538 6534
f 6534 6538 6537
f 6515 6535 6516
f 6516 6535 6539
f 4325 4321 4326
f 4326 4321 4320
f 4371 4326 6513
f 6513 4326 4320
f 6531 4731 6541
f 6541 4731 6540
f 4731 4730 6540
f 6540 4730 6542
f 4730 3121 6542
f 6542 3121 3120
f 6530 4328 6531
f 6531 4328 4731
f 4328 6530 4329
f 4329 6530 6536
f 4329 6536 6524
f 6524 6536 6543
f 6544 6545 6522
f 6522 6545 5248
f 6389 6388 5245
f 5245 6388 6373
f 6388 6546 6373
f 6373 6546 6475
f 4733 6546 6295
f 6295 6546 4377
f 4732 6475 4733
f 4733 6475 6546
f 4393 4432 4394
f 4394 4432 4435
f 4434 4672 4842
f 4842 4672 4671
f 4440 4439 4441
f 4441 4439 4438
f 4436 4450 4437
f 4437 4450 4398
f 4447 4444 4448
f 4448 4444 4392
f 4446 4464 4433
f 4433 4464 6547
f 4454 4423 4455
f 4455 4423 4422
f 4452 4481 4453
f 4453 4481 4480
f 4458 4389 4459
f 4459 4389 4388
f 4456 4471 4457
f 4457 4471 4468
f 4391 4460 4392
f 4392 4460 4448
f 4461 4467 4445
f 4445 4467 4465
f 4437 4398 4629
f 4629 4398 4397
f 4438 4628 4441
f 4441 4628 4631
f 4841 4629 4839
f 4839 4629 4397
f 4628 4842 4631
f 4631 4842 4671
f 4930 4989 4452
f 4452 4989 4481
f 4929 4927 4436
f 4436 4927 4450
f 4933 4387 4934
f 4934 4387 4386
f 4931 4475 4932
f 4932 4475 4474
f 4936 4449 4933
f 4933 4449 4387
f 4935 4472 4456
f 4456 4472 4471
f 4389 4458 4391
f 4391 4458 4460
f 4457 4468 4461
f 4461 4468 4467
f 4934 4386 4454
f 4454 4386 4423
f 4453 4480 4931
f 4931 4480 4475
f 4575 4997 4576
f 4576 4997 4639
f 4579 4596 4580
f 4580 4596 4595
f 4583 4582 4572
f 4572 4582 4569
f 4587 4944 4588
f 4588 4944 4562
f 4588 4562 4590
f 4590 4562 4561
f 4576 4639 4642
f 4642 4639 4638
f 4642 4845 4641
f 4641 4845 4846
f 4845 4590 4846
f 4846 4590 4561
f 4941 4938 4595
f 4595 4938 4580
f 4938 4940 4668
f 4668 4940 4669
f 4583 4942 4584
f 4584 4942 4947
f 4582 4587 4569
f 4569 4587 4586
f 5000 5001 4579
f 4579 5001 4596
f 4558 4560 4585
f 4585 4560 4586
f 4565 4639 4566
f 4566 4639 4997
f 4568 4567 4577
f 4577 4567 4578
f 4570 4554 4571
f 4571 4554 4556
f 4640 4565 4637
f 4637 4565 4546
f 4662 4664 4665
f 4665 4664 4844
f 4662 4558 4589
f 4589 4558 4585
f 4554 4570 4557
f 4557 4570 4560
f 4571 4667 4572
f 4572 4667 4943
f 4551 4670 4552
f 4552 4670 4666
f 4640 4664 4638
f 4638 4664 4663
f 4670 4568 4668
f 4668 4568 4577
f 4999 4996 4566
f 4566 4996 4543
f 4608 4564 4603
f 4603 4564 4563
f 4573 4593 4574
f 4574 4593 4592
f 4597 4614 4598
f 4598 4614 4613
f 4601 4600 4584
f 4584 4600 4581
f 4563 4562 4604
f 4604 4562 4944
f 4643 4593 4641
f 4641 4593 4573
f 4643 4847 4644
f 4644 4847 4848
f 4564 4847 4561
f 4561 4847 4846
f 4945 4941 4598
f 4598 4941 4595
f 4941 4945 4939
f 4939 4945 4946
f 4601 4948 4602
f 4602 4948 4620
f 4600 4604 4581
f 4581 4604 4944
f 5002 5003 4597
f 4597 5003 4614
f 4988 4759 4953
f 4953 4759 4402
f 4706 6548 4707
f 4707 6548 6549
f 4311 4928 4419
f 4419 4928 6550
f 4921 4920 6551
f 6551 4920 6552
f 4925 6553 4926
f 4926 6553 6554
f 4928 4921 4802
f 4802 4921 6551
f 6555 4985 6550
f 6550 4985 4419
f 4952 6556 4953
f 4953 6556 4649
f 4971 6557 4706
f 4706 6557 6548
f 4988 4648 4925
f 4925 4648 6553
f 4707 6549 5006
f 5006 6549 4987
f 4920 6510 6552
f 6552 6510 6518
f 6558 6510 6516
f 6516 6510 6509
f 6559 6558 6539
f 6539 6558 6516
f 6531 6541 6532
f 6532 6541 6560
f 6540 6561 6541
f 6541 6561 6529
f 6542 6562 6540
f 6540 6562 6561
f 6542 3120 6562
f 6562 3120 3142
f 4366 6563 4760
f 4760 6563 4970
f 4815 6564 4816
f 4816 6564 6565
f 3147 3146 6565
f 6565 3146 4816
f 6564 6563 6565
f 6565 6563 6566
f 4837 4385 4357
f 4357 4385 4358
f 6565 6566 3147
f 3147 6566 3149
f 4694 1209 3150
f 5247 5249 5248
f 5248 5249 6522
f 6372 6390 6545
f 6545 6390 6389
f 6375 5254 6376
f 6376 5254 5258
f 6377 6525 6378
f 6378 6525 5255
f 5260 6379 5258
f 5258 6379 6376
f 6380 6567 6381
f 6381 6567 6568
f 6382 6569 6383
f 6383 6569 6570
f 6377 6371 6525
f 6525 6371 6370
f 6379 5260 6384
f 6384 5260 6571
f 6385 6572 6382
f 6382 6572 6569
f 6378 5255 6375
f 6375 5255 5254
f 6386 6573 6387
f 6387 6573 6574
f 6545 6389 5248
f 5248 6389 5245
f 4675 4750 4676
f 4676 4750 6286
f 4734 6289 4735
f 4735 6289 6288
f 4804 6290 4805
f 4805 6290 4963
f 4811 4807 4812
f 4812 4807 4411
f 4954 6292 4955
f 4955 6292 4959
f 4964 4962 4965
f 4965 4962 4751
f 6285 4821 4812
f 4812 4821 4809
f 4675 4287 4965
f 4965 4287 4210
f 6294 4145 4955
f 4955 4145 4154
f 4964 4120 4805
f 4805 4120 4119
f 6298 4966 4734
f 4734 4966 6289
f 6300 6473 4735
f 4735 6473 4732
f 6297 6296 4676
f 4676 6296 4288
f 6523 3160 4330
f 4330 3160 3159
f 5253 5252 6525
f 6525 5252 5255
f 5256 5252 4305
f 4305 5252 5251
f 4304 5257 4305
f 4305 5257 5256
f 4424 5259 4304
f 4304 5259 5257
f 5261 6571 5259
f 5259 6571 5260
f 5262 6573 5261
f 5261 6573 6571
f 5264 6567 5265
f 5265 6567 6574
f 5266 6572 5267
f 5267 6572 6568
f 5268 6570 5269
f 5269 6570 6569
f 1807 3161 5268
f 5268 3161 6570
f 6524 6523 4329
f 4329 6523 4330
f 5253 6526 5250
f 5250 6526 6534
f 6543 6538 6544
f 6544 6538 6369
f 6524 6543 6522
f 6522 6543 6544
f 3071 5367 3052
f 3052 5367 3912
f 6493 3163 6494
f 6494 3163 3162
f 3164 445 3771
f 3771 445 3761
f 461 3165 3919
f 3919 3165 3920
f 330 410 3839
f 3839 410 3910
f 332 331 3552
f 3552 331 3551
f 464 304 3918
f 3918 304 3816
f 385 458 3766
f 3766 458 3894
f 412 415 3762
f 3762 415 3763
f 3166 337 3748
f 3748 337 3745
f 3072 3055 5370
f 5370 3055 3930
f 3073 5369 3056
f 3056 5369 3938
f 3167 3057 6496
f 6496 3057 3937
f 3069 3058 4808
f 4808 3058 3943
f 411 3166 3851
f 3851 3166 3748
f 3059 3163 3951
f 3951 3163 6493
f 336 3164 3772
f 3772 3164 3771
f 3053 3911 3162
f 3162 3911 6494
f 3054 3168 3929
f 3929 3168 3952
f 3165 830 3920
f 3920 830 3945
f 3170 3169 6497
f 6497 3169 6498
f 3171 1354 5005
f 5005 1354 4830
f 3172 3170 6503
f 6503 3170 6497
f 3169 3061 6498
f 6498 3061 4060
f 3173 3171 5006
f 5006 3171 5005
f 3079 3172 6334
f 6334 3172 6503
f 3174 3025 6299
f 6299 3025 6300
f 6576 6577 6575
f 6575 6577 6578
f 4612 4611 6579
f 6579 4611 6580
f 6582 6583 6581
f 6581 6583 6584
f 6584 6585 4618
f 4618 6585 4621
f 6586 6587 6589
f 6589 6587 6588
f 6588 6587 6590
f 6590 6587 6591
f 6592 4606 6590
f 6590 4606 4623
f 6594 6576 6593
f 6593 6576 6575
f 6595 6582 6579
f 6579 6582 6581
f 6580 6597 6596
f 6596 6597 6598
f 6577 6576 6599
f 6599 6576 6600
f 6595 6596 6601
f 6601 6596 6602
f 6583 6582 6603
f 6603 6582 6604
f 6586 6606 6605
f 6605 6606 6607
f 6587 6586 6608
f 6608 6586 6605
f 6587 6608 6591
f 6591 6608 6609
f 6576 6594 6600
f 6600 6594 6610
f 6582 6595 6604
f 6604 6595 6601
f 6599 6611 6577
f 6577 6611 6598
f 6613 6614 6612
f 6612 6614 6615
f 6617 6618 6616
f 6616 6618 6619
f 6621 6622 6620
f 6620 6622 6623
f 6625 6626 6624
f 6624 6626 6627
f 6629 6630 6628
f 6628 6630 6631
f 6633 6634 6632
f 6632 6634 6635
f 6637 6638 6636
f 6636 6638 6639
f 6640 6641 6637
f 6637 6641 6638
f 6643 6633 6642
f 6642 6633 6632
f 6645 6646 6644
f 6644 6646 6647
f 6646 6648 6647
f 6647 6648 6649
f 6651 6652 6650
f 6650 6652 6653
f 6653 6652 6654
f 6654 6652 6655
f 6656 6657 6659
f 6659 6657 6658
f 6661 6662 6660
f 6660 6662 6663
f 6662 6661 6664
f 6664 6661 6665
f 6667 6657 6666
f 6666 6657 6656
f 6669 6670 6668
f 6668 6670 6671
f 6672 6673 6670
f 6670 6673 6671
f 6674 6675 6677
f 6677 6675 6676
f 6675 6678 6676
f 6676 6678 6679
f 6681 6682 6680
f 6680 6682 6683
f 6684 6685 6683
f 6683 6685 6680
f 6687 6688 6686
f 6686 6688 6689
f 6687 6690 6688
f 6688 6690 6691
f 6619 6618 6633
f 6633 6618 6634
f 6632 6635 6693
f 6693 6635 6692
f 6617 6694 6636
f 6636 6694 6637
f 6695 6692 6639
f 6639 6692 6635
f 6637 6694 6640
f 6640 6694 6696
f 6698 6638 6697
f 6697 6638 6641
f 6643 6616 6633
f 6633 6616 6619
f 6642 6699 6641
f 6641 6699 6697
f 6646 6645 6700
f 6700 6645 6621
f 6644 6701 6654
f 6654 6701 6702
f 6700 6703 6646
f 6646 6703 6648
f 6693 6704 6649
f 6649 6704 6647
f 6620 6623 6651
f 6651 6623 6652
f 6693 6649 6699
f 6699 6649 6650
f 6652 6623 6655
f 6655 6623 6622
f 6654 6702 6653
f 6653 6702 6697
f 6615 6614 6657
f 6657 6614 6658
f 6705 6656 6704
f 6704 6656 6659
f 6613 6706 6660
f 6660 6706 6661
f 6704 6659 6701
f 6701 6659 6663
f 6661 6706 6665
f 6665 6706 6707
f 6708 6702 6664
f 6664 6702 6662
f 6612 6615 6667
f 6667 6615 6657
f 6666 6709 6664
f 6664 6709 6708
f 6629 6710 6669
f 6669 6710 6670
f 6668 6711 6679
f 6679 6711 6712
f 6713 6672 6710
f 6710 6672 6670
f 6714 6671 6705
f 6705 6671 6673
f 6628 6631 6674
f 6674 6631 6675
f 6705 6673 6709
f 6709 6673 6677
f 6631 6630 6675
f 6675 6630 6678
f 6712 6708 6679
f 6679 6708 6676
f 6625 6715 6682
f 6682 6715 6683
f 6716 6717 6681
f 6681 6717 6691
f 6718 6684 6715
f 6715 6684 6683
f 6719 6680 6714
f 6714 6680 6685
f 6624 6627 6686
f 6686 6627 6687
f 6689 6711 6685
f 6685 6711 6714
f 6627 6626 6687
f 6687 6626 6690
f 6717 6712 6691
f 6691 6712 6688
f 6612 6707 6613
f 6613 6707 6706
f 6616 6696 6617
f 6617 6696 6694
f 6703 6700 6620
f 6620 6700 6621
f 6715 6625 6718
f 6718 6625 6624
f 6710 6629 6713
f 6713 6629 6628
f 6639 6635 6636
f 6636 6635 6634
f 6641 6640 6642
f 6642 6640 6643
f 6654 6655 6644
f 6644 6655 6645
f 6651 6650 6648
f 6648 6650 6649
f 6659 6658 6663
f 6663 6658 6660
f 6665 6667 6664
f 6664 6667 6666
f 6678 6669 6679
f 6679 6669 6668
f 6673 6672 6677
f 6677 6672 6674
f 6690 6682 6691
f 6691 6682 6681
f 6685 6684 6689
f 6689 6684 6686
f 6636 6634 6617
f 6617 6634 6618
f 6638 6698 6639
f 6639 6698 6695
f 6640 6696 6643
f 6643 6696 6616
f 6693 6699 6632
f 6632 6699 6642
f 6655 6622 6645
f 6645 6622 6621
f 6704 6701 6647
f 6647 6701 6644
f 6651 6648 6620
f 6620 6648 6703
f 6650 6653 6699
f 6699 6653 6697
f 6613 6660 6614
f 6614 6660 6658
f 6663 6662 6701
f 6701 6662 6702
f 6665 6707 6667
f 6667 6707 6612
f 6705 6709 6656
f 6656 6709 6666
f 6630 6629 6678
f 6678 6629 6669
f 6714 6711 6671
f 6671 6711 6668
f 6672 6713 6674
f 6674 6713 6628
f 6677 6676 6709
f 6709 6676 6708
f 6626 6625 6690
f 6690 6625 6682
f 6680 6719 6681
f 6681 6719 6716
f 6684 6718 6686
f 6686 6718 6624
f 6711 6689 6712
f 6689 6688 6712
f 6593 6720 6594
f 6594 6720 6721
f 6722 6720 4607
f 4607 6720 4849
f 6592 6723 6722
f 6722 6723 6724
f 4610 4609 6578
f 6578 4609 6575
f 6596 6595 6580
f 6580 6595 6579
f 4618 4617 6584
f 6584 4617 6581
f 6589 6585 6586
f 6586 6585 6606
f 4622 4619 6588
f 6588 4619 6589
f 4622 6588 4623
f 4623 6588 6590
f 4609 4645 6575
f 6575 4645 6593
f 4617 4612 6581
f 6581 4612 6579
f 5004 4610 6597
f 6597 4610 6578
f 4645 4849 6593
f 6593 4849 6720
f 6724 6721 6722
f 6722 6721 6720
f 6722 4607 6592
f 6592 4607 4606
f 6725 6610 6721
f 6721 6610 6594
f 6723 6726 6724
f 6724 6726 6727
f 6727 6725 6724
f 6724 6725 6721
f 6728 6729 6605
f 6605 6729 6608
f 6605 6607 6728
f 6728 6607 6730
f 6731 6732 6604
f 6604 6732 6603
f 6733 6734 6725
f 6725 6734 6610
f 6735 6733 6727
f 6727 6733 6725
f 6735 6727 6736
f 6736 6727 6726
f 6591 6609 6723
f 6723 6609 6726
f 6723 6592 6591
f 6591 6592 6590
f 6738 6739 6737
f 6737 6739 6740
f 6740 6739 6742
f 6742 6739 6741
f 6743 6744 6741
f 6741 6744 6742
f 6745 6746 6743
f 6743 6746 6744
f 6747 6748 6745
f 6745 6748 6746
f 6749 6750 6747
f 6747 6750 6748
f 6752 6738 6751
f 6751 6738 6737
f 6754 6752 6753
f 6753 6752 6751
f 6756 6754 6755
f 6755 6754 6753
f 6758 6750 6757
f 6757 6750 6749
f 6760 6756 6759
f 6759 6756 6755
f 6762 6760 6761
f 6761 6760 6759
f 6764 6762 6763
f 6763 6762 6761
f 6757 6764 6758
f 6758 6764 6763
f 6766 6741 6765
f 6765 6741 6739
f 6767 6743 6766
f 6766 6743 6741
f 6768 6745 6767
f 6767 6745 6743
f 6769 6747 6768
f 6768 6747 6745
f 6770 6749 6769
f 6769 6749 6747
f 6772 6769 6771
f 6771 6769 6768
f 6773 6770 6772
f 6772 6770 6769
f 6774 6775 6772
f 6772 6775 6773
f 6777 6778 6776
f 6776 6778 6779
f 6775 6774 6778
f 6778 6774 6779
f 6771 6780 6772
f 6772 6780 6774
f 6780 6781 6774
f 6774 6781 6779
f 6781 6782 6779
f 6779 6782 6776
f 6784 6785 6783
f 6783 6785 6786
f 6786 6787 6783
f 6783 6787 6788
f 6790 6788 6789
f 6789 6788 6787
f 6786 6785 6791
f 6791 6785 6792
f 6791 6793 6786
f 6786 6793 6787
f 6793 6794 6787
f 6787 6794 6789
f 6795 6796 6794
f 6794 6796 6789
f 6790 6789 6797
f 6797 6789 6796
f 6798 6765 6738
f 6738 6765 6739
f 6799 6798 6752
f 6752 6798 6738
f 6767 6800 6768
f 6768 6800 6771
f 6766 6801 6767
f 6767 6801 6800
f 6802 6801 6765
f 6765 6801 6766
f 6798 6803 6765
f 6765 6803 6802
f 6804 6803 6799
f 6799 6803 6798
f 6805 6806 6804
f 6804 6806 6803
f 6807 6799 6754
f 6754 6799 6752
f 6808 6804 6807
f 6807 6804 6799
f 6809 6805 6808
f 6808 6805 6804
f 6810 6811 6805
f 6805 6811 6806
f 6812 6813 6810
f 6810 6813 6811
f 6814 6815 6796
f 6796 6815 6797
f 6813 6814 6816
f 6816 6814 6817
f 6816 6818 6813
f 6813 6818 6811
f 6819 6806 6818
f 6818 6806 6811
f 6802 6803 6819
f 6819 6803 6806
f 6757 6749 6820
f 6820 6749 6770
f 6820 6770 6821
f 6821 6770 6773
f 6821 6773 6822
f 6822 6773 6775
f 6822 6775 6823
f 6823 6775 6778
f 6824 6823 6777
f 6777 6823 6778
f 6784 6825 6777
f 6777 6825 6824
f 6826 6827 6788
f 6788 6827 6783
f 6828 6826 6790
f 6790 6826 6788
f 6829 6828 6797
f 6797 6828 6790
f 6815 6830 6797
f 6797 6830 6829
f 6832 6812 6831
f 6831 6812 6810
f 6831 6810 6809
f 6809 6810 6805
f 6736 6800 6735
f 6735 6800 6801
f 6733 6735 6802
f 6802 6735 6801
f 6734 6733 6819
f 6819 6733 6802
f 6833 6734 6818
f 6818 6734 6819
f 6834 6833 6816
f 6816 6833 6818
f 6816 6817 6834
f 6834 6817 6835
f 6837 6795 6836
f 6836 6795 6794
f 6836 6794 6731
f 6731 6794 6793
f 6732 6731 6791
f 6791 6731 6793
f 6791 6792 6732
f 6732 6792 6730
f 6729 6728 6781
f 6781 6728 6782
f 6838 6807 6756
f 6756 6807 6754
f 6839 6838 6760
f 6760 6838 6756
f 6840 6839 6762
f 6762 6839 6760
f 6841 6840 6764
f 6764 6840 6762
f 6820 6841 6757
f 6757 6841 6764
f 6841 6820 6842
f 6842 6820 6821
f 6840 6841 6843
f 6843 6841 6842
f 6839 6840 6844
f 6844 6840 6843
f 6838 6839 6845
f 6845 6839 6844
f 6807 6838 6808
f 6808 6838 6845
f 6842 6821 6846
f 6846 6821 6822
f 6843 6842 6847
f 6847 6842 6846
f 6844 6843 6848
f 6848 6843 6847
f 6845 6844 6849
f 6849 6844 6848
f 6808 6845 6809
f 6809 6845 6849
f 6850 6831 6849
f 6849 6831 6809
f 6851 6850 6848
f 6848 6850 6849
f 6847 6852 6848
f 6848 6852 6851
f 6853 6852 6846
f 6846 6852 6847
f 6846 6822 6853
f 6853 6822 6823
f 6853 6823 6854
f 6854 6823 6824
f 6854 6855 6853
f 6853 6855 6852
f 6856 6851 6855
f 6855 6851 6852
f 6856 6857 6851
f 6851 6857 6850
f 6857 6832 6850
f 6850 6832 6831
f 6825 6858 6824
f 6824 6858 6854
f 6860 6827 6859
f 6859 6827 6826
f 6859 6826 6861
f 6861 6826 6828
f 6862 6861 6829
f 6829 6861 6828
f 6830 6863 6829
f 6829 6863 6862
f 6863 6864 6862
f 6862 6864 6865
f 6858 6866 6854
f 6854 6866 6855
f 6867 6865 6866
f 6866 6865 6864
f 6869 6859 6868
f 6868 6859 6861
f 6867 6869 6865
f 6865 6869 6868
f 6861 6862 6868
f 6868 6862 6865
f 6867 6860 6869
f 6869 6860 6859
f 6753 6751 6698
f 6698 6751 6695
f 6697 6755 6698
f 6698 6755 6753
f 6759 6755 6702
f 6702 6755 6697
f 6761 6759 6708
f 6708 6759 6702
f 6763 6761 6712
f 6712 6761 6708
f 6758 6763 6717
f 6717 6763 6712
f 6750 6758 6716
f 6716 6758 6717
f 6719 6748 6716
f 6716 6748 6750
f 6714 6746 6719
f 6719 6746 6748
f 6705 6744 6714
f 6714 6744 6746
f 6704 6742 6705
f 6705 6742 6744
f 6740 6742 6693
f 6693 6742 6704
f 6737 6740 6692
f 6692 6740 6693
f 6751 6737 6695
f 6695 6737 6692
f 6601 6602 6836
f 6836 6602 6837
f 6604 6601 6731
f 6731 6601 6836
f 6599 6600 6834
f 6834 6600 6833
f 6834 6835 6599
f 6599 6835 6611
f 6600 6610 6833
f 6833 6610 6734
f 6780 6771 6870
f 6870 6771 6736
f 6736 6771 6800
f 6870 6729 6780
f 6780 6729 6781
f 6608 6729 6609
f 6609 6729 6870
f 6609 6870 6726
f 6726 6870 6736
f 5014 5015 5229
f 5229 5015 5230
f 4258 5015 4259
f 4259 5015 4878
f 3471 3013 4703
f 4703 3013 4704
f 2879 6337 1306
f 1306 6337 4785
f 829 3471 4316
f 4316 3471 4703
f 4702 3472 5223
f 5223 3472 1756
f 6871 6872 4534
f 4534 6872 4535
f 6871 4665 6872
f 6872 4665 4844
f 6871 6873 4665
f 4665 6873 4559
f 6871 4534 6873
f 6873 4534 4542
f 4153 4152 4822
f 4822 4152 4407
f 4152 4168 4407
f 4407 4168 4342
f 4343 4168 4923
f 4923 4168 4167
f 4363 4362 4972
f 4972 4362 4840
f 4362 4394 4840
f 4840 4394 4839
f 4401 4400 4986
f 4986 4400 4984
f 4435 4434 4841
f 4841 4434 4842
f 4506 4505 4530
f 4530 4505 4531
f 4506 4535 4507
f 4507 4535 4843
f 4661 4660 4516
f 4516 4660 4517
f 4673 4672 4937
f 4937 4672 6547
f 4400 4924 4984
f 4984 4924 5263
f 4673 4660 4674
f 4674 4660 4659
f 4505 4661 4531
f 4531 4661 4516
f 4952 4401 6874
f 6874 4401 4986
f 4954 4153 6875
f 6875 4153 4822
f 4363 4973 4364
f 4364 4973 4974
f 5264 4924 5267
f 5267 4924 4691
f 6293 6292 6876
f 6876 6292 6877
f 6380 4343 6387
f 6387 4343 4923
f 4394 4435 4839
f 4839 4435 4841
f 4672 4434 6547
f 6547 4434 4433
f 4973 6556 4974
f 4974 6556 6878
f 6567 6380 6574
f 6574 6380 6387
f 6292 4954 6877
f 6877 4954 6875
f 6567 5264 6568
f 6568 5264 5267
f 4145 4144 4154
f 4154 4144 4151
f 4194 4144 4425
f 4425 4144 4143
f 4355 4354 5263
f 5263 4354 4984
f 4360 4359 4364
f 4364 4359 4361
f 4444 4359 4392
f 4392 4359 4337
f 4447 4446 4432
f 4432 4446 4433
f 4464 4463 6547
f 6547 4463 4937
f 4519 4518 4654
f 4654 4518 4509
f 4533 4532 4499
f 4499 4532 4498
f 4533 4542 4530
f 4530 4542 4534
f 4519 4532 4516
f 4516 4532 4531
f 4922 4194 4426
f 4426 4194 4425
f 4463 4518 4937
f 4937 4518 4517
f 6555 4951 6874
f 6874 4951 6878
f 4958 4957 6290
f 6290 4957 6291
f 4334 4360 4712
f 4712 4360 4950
f 4985 4354 4419
f 4419 4354 4353
f 5262 4355 5265
f 5265 4355 5263
f 6294 4958 4804
f 4804 4958 6290
f 6386 4922 6384
f 6384 4922 4426
f 4444 4447 4393
f 4393 4447 4432
f 4464 4446 4465
f 4465 4446 4445
f 4985 6555 4986
f 4986 6555 6874
f 6573 6386 6571
f 6571 6386 6384
f 4145 6294 4146
f 4146 6294 4804
f 6573 5262 6574
f 6574 5262 5265
f 4542 4541 6873
f 6873 4541 4559
f 4535 6872 4843
f 4843 6872 4844
f 4104 4103 6879
f 6879 4103 6343
f 4105 6293 6307
f 6307 6293 6876
f 4104 4956 4105
f 4105 4956 6293
f 4956 4104 4957
f 4957 4104 6879
f 4957 6879 6291
f 6291 6879 6309
f 4648 4988 4649
f 4649 4988 4953
f 4802 4803 4928
f 4928 4803 6550
f 6550 4803 6555
f 6555 4803 4951
f 1516 3173 4987
f 4987 3173 5006
f 6519 6518 6558
f 6558 6518 6510
f 6527 6519 6559
f 6559 6519 6558
f 6528 6560 6529
f 6529 6560 6541
f 6548 4625 6549
f 6549 4625 4624
f 6551 6552 4746
f 4746 6552 6505
f 6553 4711 6554
f 6554 4711 4710
f 4802 6551 4713
f 4713 6551 4746
f 6556 4973 4649
f 4649 4973 4646
f 6557 4949 6548
f 6548 4949 4625
f 4648 4647 6553
f 6553 4647 4711
f 6549 4624 4987
f 4987 4624 4838
f 6552 6518 6505
f 6505 6518 6507
f 6561 4372 6529
f 6529 4372 6514
f 6562 4369 6561
f 6561 4369 4372
f 3142 3482 6562
f 6562 3482 4369
f 6556 4952 6878
f 6878 4952 6874
f 4951 4950 6878
f 6878 4950 4974
f 3168 440 3952
f 4204 4203 5341
f 5341 4203 6364
f 4219 4222 6429
f 6429 4222 4383
f 4319 4322 6506
f 6506 4322 4747
f 4340 4714 4341
f 4341 4714 4384
f 4375 4377 6388
f 6388 4377 6546
f 4378 4381 6311
f 6311 4381 4720
f 4449 4341 4387
f 4387 4341 4384
f 4473 4472 4477
f 4477 4472 4474
f 4492 4491 4487
f 4487 4491 4488
f 4523 4491 4522
f 4522 4491 4490
f 4492 4538 4493
f 4493 4538 4555
f 4538 4553 4555
f 4555 4553 4556
f 4620 4615 4621
f 4621 4615 4618
f 4652 4651 4368
f 4368 4651 4365
f 4523 4655 4524
f 4524 4655 4656
f 4553 4667 4556
f 4556 4667 4571
f 4651 1210 4365
f 4365 1210 1209
f 4698 4697 5223
f 5223 4697 6344
f 4340 4339 4322
f 4322 4339 4747
f 4726 4729 5287
f 5287 4729 4198
f 4381 4380 4737
f 4737 4380 6368
f 4836 4835 4451
f 4451 4835 4709
f 4910 6367 4911
f 4911 6367 6366
f 4912 4915 6450
f 6450 4915 6449
f 4927 4836 4450
f 4450 4836 4451
f 4930 4929 4439
f 4439 4929 4436
f 4936 4935 4459
f 4459 4935 4456
f 4473 4655 4470
f 4470 4655 4510
f 4942 4583 4943
f 4943 4583 4572
f 4948 4601 4947
f 4947 4601 4584
f 4949 4835 4625
f 4625 4835 4626
f 4966 4969 6289
f 6289 4969 4695
f 4971 4652 4926
f 4926 4652 4368
f 4203 4977 6364
f 6364 4977 6365
f 4990 4989 4443
f 4443 4989 4440
f 4990 4991 4478
f 4478 4991 4512
f 4992 4991 4528
f 4528 4991 4515
f 4992 4993 4527
f 4527 4993 4485
f 4994 4993 4502
f 4502 4993 4503
f 4994 4995 4482
f 4482 4995 4550
f 4543 4996 4544
f 4544 4996 4995
f 4999 4998 4567
f 4567 4998 4578
f 5000 4998 4575
f 4575 4998 4997
f 5002 5001 4592
f 4592 5001 4574
f 5003 5004 4614
f 4614 5004 4611
f 3483 4215 1755
f 1755 4215 4698
f 5274 5277 4195
f 4195 5277 4223
f 4726 5295 4727
f 4727 5295 6350
f 5309 5342 5310
f 5310 5342 6363
f 5315 5314 5316
f 5316 5314 5317
f 5339 6362 5340
f 5340 6362 5363
f 5310 6363 5339
f 5339 6363 6362
f 4204 5309 4201
f 4201 5309 5308
f 4915 5345 6449
f 6449 5345 6448
f 5345 5315 6448
f 6448 5315 5316
f 5348 5347 6351
f 6351 5347 6352
f 5365 4263 5340
f 5340 4263 4262
f 6295 6298 4733
f 4733 6298 4734
f 4969 6306 4695
f 4695 6306 4696
f 6306 4378 4696
f 4696 4378 6311
f 6369 6372 6544
f 6544 6372 6545
f 4375 6390 4373
f 4373 6390 4374
f 6421 6422 4911
f 4911 6422 4908
f 4910 4909 4737
f 4737 4909 4736
f 5277 4219 4223
f 4223 4219 6429
f 4697 4222 6344
f 6344 4222 4221
f 6436 6361 6437
f 6437 6361 6360
f 6438 6440 6437
f 6437 6440 6434
f 6438 6359 6441
f 6441 6359 6358
f 6442 6441 6357
f 6357 6441 6358
f 6442 6444 6443
f 6443 6444 6445
f 6446 6444 6355
f 6355 6444 6356
f 6446 4912 6447
f 6447 4912 6450
f 6436 6435 5365
f 5365 6435 4263
f 5314 5347 5317
f 5317 5347 5346
f 4319 6512 4320
f 4320 6512 6513
f 6520 6512 6521
f 6521 6512 6508
f 6528 6520 6527
f 6527 6520 6521
f 6532 6539 6533
f 6533 6539 6535
f 6533 6535 6537
f 6537 6535 6534
f 6538 6543 6537
f 6537 6543 6536
f 6295 4377 6296
f 6296 4377 4376
f 4989 4930 4440
f 4440 4930 4439
f 4927 4929 4422
f 4422 4929 4455
f 4449 4936 4388
f 4388 4936 4459
f 4472 4935 4474
f 4474 4935 4932
f 4942 4940 4947
f 4947 4940 4939
f 5001 5000 4574
f 4574 5000 4575
f 4669 4943 4666
f 4666 4943 4667
f 4996 4999 4547
f 4547 4999 4567
f 4948 4946 4620
f 4620 4946 4615
f 5003 5002 4591
f 4591 5002 4592
f 6557 4971 6554
f 6554 4971 4926
f 6532 6560 6539
f 6539 6560 6559
f 6390 6372 4374
f 4374 6372 6371
f 4966 6298 4967
f 4967 6298 6297
f 6538 6526 6369
f 6369 6526 6370
f 6585 6589 4621
f 4621 6589 4619
f 6597 6578 6598
f 6598 6578 6577
f 6606 6583 6607
f 6607 6583 6603
f 6611 6602 6598
f 6598 6602 6596
f 6585 6584 6606
f 6606 6584 6583
f 6597 6580 5004
f 5004 6580 4611
f 6607 6603 6730
f 6730 6603 6732
f 6776 6785 6777
f 6777 6785 6784
f 6785 6776 6792
f 6792 6776 6782
f 6815 6814 6812
f 6812 6814 6813
f 6817 6814 6795
f 6795 6814 6796
f 6825 6784 6827
f 6827 6784 6783
f 6830 6815 6832
f 6832 6815 6812
f 6817 6795 6835
f 6835 6795 6837
f 6792 6782 6730
f 6730 6782 6728
f 6858 6825 6860
f 6860 6825 6827
f 6863 6830 6857
f 6857 6830 6832
f 6864 6863 6856
f 6856 6863 6857
f 6866 6858 6867
f 6867 6858 6860
f 6866 6864 6855
f 6855 6864 6856
f 6835 6837 6611
f 6611 6837 6602
f 6560 6528 6559
f 6559 6528 6527
f 4949 6557 4710
f 4710 6557 6554
f 4430 4090 4175
f 4175 4090 4089
f 4777 4113 4155
f 4155 4113 4086
f 4175 4089 4176
f 4176 4089 4142
f 4199 4271 4200
f 4200 4271 4798
f 4199 4095 4272
f 4272 4095 5273
f 4406 4405 4404
f 4404 4405 4346
f 4410 4409 6877
f 6877 4409 6876
f 4409 4413 6876
f 6876 4413 6307
f 4415 4148 4416
f 4416 4148 4147
f 4690 4405 4344
f 4344 4405 4342
f 4693 4692 4352
f 4352 4692 4349
f 4701 4700 6337
f 6337 4700 6338
f 4778 4777 4081
f 4081 4777 4155
f 4821 4406 4809
f 4809 4406 4404
f 4176 4142 4181
f 4181 4142 4415
f 4760 4970 4399
f 4399 4970 4692
f 4200 5007 4096
f 4096 5007 4078
f 5266 4693 5269
f 5269 4693 4352
f 5270 5007 5361
f 5361 5007 4797
f 4778 5270 4779
f 4779 5270 5361
f 6285 4410 6875
f 6875 4410 6877
f 6308 4413 4687
f 4687 4413 4412
f 6480 6320 6481
f 6481 6320 6880
f 4701 2878 4702
f 4702 2878 3472
f 6339 6347 6340
f 6340 6347 6348
f 6341 6342 6346
f 6346 6342 6345
f 4416 6308 4414
f 4414 6308 4687
f 6385 4690 6381
f 6381 4690 4344
f 5282 6341 5280
f 5280 6341 6339
f 4700 6342 6338
f 6338 6342 5281
f 6340 6348 4272
f 4272 6348 4270
f 6480 6479 4828
f 4828 6479 4829
f 6490 6479 6489
f 6489 6479 6478
f 4090 4430 6490
f 6490 4430 4429
f 6563 6564 4970
f 4970 6564 4815
f 4694 6566 4366
f 4366 6566 6563
f 6572 6385 6568
f 6568 6385 6381
f 4821 6285 4822
f 4822 6285 6875
f 6572 5266 6569
f 6569 5266 5269
f 3482 3103 4369
f 4369 3103 4370
f 3121 4730 3485
f 3485 4730 4327
f 6277 6280 6273
f 6273 6280 6272
f 6267 6276 6278
f 6278 6276 6279
f 6278 6279 6277
f 6277 6279 6280
f 6279 6256 6280
f 6280 6256 6255
f 6256 3857 6255
f 6255 3857 3754
f 3857 3856 3754
f 3754 3856 3755
f 3856 3703 3755
f 3755 3703 3863
f 3703 3702 3863
f 3863 3702 3759
f 3702 3706 3759
f 3759 3706 3670
f 3706 3705 3670
f 3670 3705 3668
f 3705 3773 3668
f 3668 3773 3882
f 3882 3773 3883
f 3883 3773 3707
f 3707 3708 3883
f 3883 3708 3880
f 3708 3710 3880
f 3880 3710 3881
f 3709 5241 3710
f 3710 5241 3881
f 5241 3709 5234
f 5234 3709 3786
f 3693 3712 3786
f 3786 3712 5234
f 4051 4055 4052
f 4052 4055 4056
f 4056 4055 4057
f 4057 4055 4054
f 4066 5238 5236
f 5236 5238 3989
f 4066 4069 5238
f 5238 4069 4035
f 6881 3962 3960
f 3960 3962 3957
f 6883 4070 6882
f 6882 4070 3941
f 4070 6883 4071
f 4071 6883 6884
f 4071 6884 4072
f 4072 6884 6885
f 6885 6886 4072
f 4072 6886 4031
f 3955 6881 3956
f 3956 6881 3960
f 6884 3991 6885
f 6885 3991 3990
f 6883 6887 6884
f 6884 6887 3991
f 6887 6888 3991
f 3991 6888 3992
f 6888 6887 6889
f 6889 6887 6890
f 6887 6883 6890
f 6890 6883 6882
f 4058 5240 3953
f 3953 5240 3954
f 5236 6888 5239
f 5239 6888 6889
f 5237 6886 3990
f 3990 6886 6885
f 4034 4031 5237
f 5237 4031 6886
f 6881 6882 3962
f 3962 6882 3941
f 6881 3955 6882
f 6882 3955 6890
f 3955 3954 6890
f 6890 3954 6889
f 5239 6889 5240
f 5240 6889 3954
f 6888 5236 3992
f 3992 5236 3989
f 3869 3868 3888
f 3888 3868 4015
f 3868 4012 4015
f 4015 4012 4010
f 4012 4022 4010
f 4010 4022 4009
f 4022 4021 4009
f 4009 4021 4018
f 4020 3974 4001
f 4001 3974 3996
f 4021 4020 4029
f 4029 4020 4001
f 4085 4156 4086
f 4086 4156 4155
f 4113 4777 4114
f 4114 4777 4776
f 4130 4129 4094
f 4094 4129 4091
f 4139 4773 4140
f 4140 4773 4772
f 4149 4178 4150
f 4150 4178 5225
f 4160 4159 4087
f 4087 4159 4088
f 4149 4148 4179
f 4179 4148 4141
f 4085 4084 4183
f 4183 4084 6315
f 4179 4141 4159
f 4159 4141 4088
f 4192 4130 4162
f 4162 4130 4094
f 4197 5288 4198
f 4198 5288 5287
f 4229 4766 4230
f 4230 4766 4771
f 4245 4246 4242
f 4242 4246 4249
f 4183 6315 4418
f 4418 6315 6314
f 4679 4178 4680
f 4680 4178 4177
f 4724 4798 4725
f 4725 4798 4271
f 4728 5275 4729
f 4729 5275 5274
f 4230 4771 4249
f 4249 4771 4242
f 4724 4723 4799
f 4799 4723 5355
f 4823 4824 4891
f 4891 4824 6327
f 4823 4192 4161
f 4161 4192 4162
f 4893 4767 4229
f 4229 4767 4766
f 4894 4895 4898
f 4898 4895 4899
f 4106 4150 4103
f 4103 4150 5225
f 4680 4894 4677
f 4677 4894 4898
f 6420 4977 5301
f 5301 4977 4976
f 4679 4678 5226
f 5226 4678 4427
f 5228 5008 4893
f 4893 5008 4767
f 5285 6354 5286
f 5286 6354 5343
f 5289 5352 5290
f 5290 5352 5349
f 5290 5349 5295
f 5295 5349 5348
f 5302 5299 4202
f 4202 5299 4976
f 4725 4271 5311
f 5311 4271 4270
f 5325 4723 5326
f 5326 4723 4722
f 5335 5355 5325
f 5325 5355 4723
f 5326 4722 5286
f 5286 4722 5283
f 4799 5357 4797
f 4797 5357 5361
f 5359 5356 5335
f 5335 5356 5355
f 4775 4774 5356
f 5356 4774 5357
f 5359 5358 4092
f 4092 5358 4093
f 6316 4740 6317
f 6317 4740 4739
f 6318 4827 6316
f 6316 4827 4740
f 6319 4828 6318
f 6318 4828 4827
f 6320 6480 6319
f 6319 6480 4828
f 6484 6322 6485
f 6485 6322 6321
f 6487 6324 6331
f 6331 6324 6323
f 6331 6323 6330
f 6330 6323 6325
f 6325 6326 6330
f 6330 6326 6329
f 6326 6328 6329
f 6329 6328 5231
f 4824 4685 5228
f 5228 4685 5008
f 5226 6343 5225
f 5225 6343 4103
f 4728 4727 6349
f 6349 4727 5284
f 6350 6351 5285
f 5285 6351 6354
f 4247 4246 6418
f 6418 4246 6365
f 6400 6402 6401
f 6401 6402 6459
f 4197 4196 6409
f 6409 4196 6426
f 6412 4897 6328
f 6328 4897 5231
f 6413 4133 6412
f 6412 4133 4897
f 6414 4134 6413
f 6413 4134 4133
f 6415 4225 6414
f 6414 4225 4134
f 6416 4252 6415
f 6415 4252 4225
f 6417 4253 6416
f 6416 4253 4252
f 4253 6417 6366
f 6366 6417 6419
f 6366 6419 4911
f 4911 6419 6421
f 6422 6423 4908
f 4908 6423 5298
f 5298 6423 6396
f 6396 6423 6424
f 6409 6426 6425
f 6425 6426 6397
f 5300 5299 6399
f 6399 5299 6400
f 6465 6408 6401
f 6401 6408 6398
f 6424 6399 6425
f 6425 6399 6398
f 6349 5284 5311
f 5311 5284 5283
f 6465 6464 5289
f 5289 6464 5352
f 6488 6483 6492
f 6492 6483 6482
f 6486 6491 6482
f 6482 6491 6492
f 6491 4895 6492
f 6492 4895 4157
f 6488 4160 6489
f 6489 4160 4087
f 6501 6502 4418
f 4418 6502 4417
f 6504 6500 6317
f 6317 6500 6314
f 3497 3496 6501
f 6501 3496 6502
f 3499 3498 6504
f 6504 3498 6500
f 4729 5274 4198
f 4198 5274 4195
f 6418 6365 6420
f 6420 6365 4977
f 5295 5348 6350
f 6350 5348 6351
f 5301 6422 6420
f 6420 6422 6421
f 4113 4112 4086
f 4086 4112 4083
f 6320 4112 6880
f 6880 4112 4111
f 4091 4772 4092
f 4092 4772 4775
f 4129 4140 4091
f 4091 4140 4772
f 4137 4140 4128
f 4128 4140 4129
f 4128 6324 4137
f 4137 6324 6321
f 6324 6487 6321
f 6321 6487 6485
f 6487 6486 6485
f 6485 6486 6482
f 4774 4773 4779
f 4779 4773 4776
f 4773 4139 4776
f 4776 4139 4114
f 4139 4138 4114
f 4114 4138 4111
f 4138 6322 4111
f 4111 6322 6880
f 6322 6484 6880
f 6880 6484 6481
f 6484 6483 6481
f 6481 6483 6478
f 6879 6343 6309
f 6309 6343 4428
f 4106 4105 4900
f 4900 4105 6307
f 3500 3167 6495
f 6495 3167 6496
f 3500 6495 3070
f 3070 6495 5368
f 3502 5235 3501
f 3501 5235 4813
f 3024 3503 6473
f 6473 3503 6474
f 3503 3023 6474
f 6474 3023 6374
f 3504 1770 4348
f 4348 1770 4345
f 3502 3505 5235
f 5235 3505 4810
f 3498 3497 6500
f 6500 3497 6501
f 3496 3075 6502
f 6502 3075 6275
f 6299 4254 3174
f 3174 4254 3017
f 1769 3501 4814
f 4814 3501 4813
f 3506 3018 6476
f 6476 3018 4257
f 3507 3499 6499
f 6499 3499 6504
f 3030 4216 3483
f 3483 4216 4215
f 3077 3507 6333
f 6333 3507 6499
f 1784 3160 5249
f 5249 3160 6523
f 3015 3506 4240
f 4240 3506 6476
f 3508 3504 6383
f 6383 3504 4348
f 3509 3016 6477
f 6477 3016 4239
f 3028 3509 6467
f 6467 3509 6477
f 3022 1785 5246
f 5246 1785 5247
f 3161 3508 6570
f 6570 3508 6383
f 3150 3149 4694
f 4694 3149 6566
f 1327 4807 3510
f 3510 4807 4811
f 3510 4811 3505
f 3505 4811 4810
f 3146 3511 4816
f 4816 3511 4350
f 3511 1808 4350
f 4350 1808 4351
f 3485 4327 3159
f 3159 4327 4330
f 1326 3512 4806
f 4806 3512 6310
f 3512 1331 6310
f 6310 1331 4688

